00000000000000000000000084017003
000000008401b0030000000084019003
00000000000000000000000000000000
00000000000000000000000000000000
00000000000000000000000000000000
00000000000000000000000000000000
00000000000000000000000000000000
00000000000000000000000000000000
00000000000000000000000000000000
00000000000000000000000000000000
00000000000000000000000000000000
00000000000000000000000000000000
00000000000000000000000000000000
00000000000000000000000000000000
00000000000000000000000000000000
00000000000000000000000000000000
00000000000000000000000000000000
00000000000000000000000000000000
00000000000000000000000000000000
00000000000000000000000000000000
00000000000000000000000000000000
00000000000000000000000000000000
00000000000000000000000000000000
00000000000000000000000000000000
00000000000000000000000000000000
00000000000000000000000000000000
00000000000000000000000000000000
00000000000000000000000000000000
00000000000000000000000000000000
00000000000000000000000000000000
00000000000000000000000000000000
00000000000000000000000000000000
00000000000000000000000000000000
00000000000000000000000000000000
00000000000000000000000000000000
00000000000000000000000000000000
00000000000000000000000000000000
00000000000000000000000000000000
00000000000000000000000000000000
00000000000000000000000000000000
00000000000000000000000000000000
00000000000000000000000000000000
00000000000000000000000000000000
00000000000000000000000000000000
00000000000000000000000000000000
00000000000000000000000000000000
00000000000000000000000000000000
00000000000000000000000000000000
00000000000000000000000000000000
00000000000000000000000000000000
00000000000000000000000000000000
00000000000000000000000000000000
00000000000000000000000000000000
00000000000000000000000000000000
00000000000000000000000000000000
00000000000000000000000000000000
00000000000000000000000000000000
00000000000000000000000000000000
00000000000000000000000000000000
00000000000000000000000000000000
00000000000000000000000000000000
00000000000000000000000000000000
00000000000000000000000000000000
00000000000000000000000000000000
00000000000000000000000000000000
00000000000000000000000000000000
00000000000000000000000000000000
00000000000000000000000000000000
00000000000000000000000000000000
00000000000000000000000000000000
00000000000000000000000000000000
00000000000000000000000000000000
00000000000000000000000000000000
00000000000000000000000000000000
00000000000000000000000000000000
00000000000000000000000000000000
00000000000000000000000000000000
00000000000000000000000000000000
00000000000000000000000000000000
00000000000000000000000000000000
00000000000000000000000000000000
00000000000000000000000000000000
00000000000000000000000000000000
00000000000000000000000000000000
00000000000000000000000000000000
00000000000000000000000000000000
00000000000000000000000000000000
00000000000000000000000000000000
00000000000000000000000000000000
00000000000000000000000000000000
00000000000000000000000000000000
00000000000000000000000000000000
00000000000000000000000000000000
00000000000000000000000000000000
00000000000000000000000000000000
00000000000000000000000000000000
00000000000000000000000000000000
00000000000000000000000000000000
00000000000000000000000000000000
00000000000000000000000000000000
00000000000000000000000000000000
00000000000000000000000000000000
00000000000000000000000000000000
00000000000000000000000000000000
00000000000000000000000000000000
00000000000000000000000000000000
00000000000000000000000000000000
00000000000000000000000000000000
00000000000000000000000000000000
00000000000000000000000000000000
00000000000000000000000000000000
00000000000000000000000000000000
00000000000000000000000000000000
00000000000000000000000000000000
00000000000000000000000000000000
00000000000000000000000000000000
00000000000000000000000000000000
00000000000000000000000000000000
00000000000000000000000000000000
00000000000000000000000000000000
00000000000000000000000000000000
00000000000000000000000000000000
00000000000000000000000000000000
00000000000000000000000000000000
00000000000000000000000000000000
00000000000000000000000000000000
00000000000000000000000000000000
00000000000000000000000000000000
00000000000000000000000000000000
00000000000000000000000000000000
00000000000000000000000000000000
00000000000000000000000000000000
00000000000000000000000000000000
00000000000000000000000000000000
00000000000000000000000000000000
00000000000000000000000000000000
00000000000000000000000000000000
00000000000000000000000000000000
00000000000000000000000000000000
00000000000000000000000000000000
00000000000000000000000000000000
00000000000000000000000000000000
00000000000000000000000000000000
00000000000000000000000000000000
00000000000000000000000000000000
00000000000000000000000000000000
00000000000000000000000000000000
00000000000000000000000000000000
00000000000000000000000000000000
00000000000000000000000000000000
00000000000000000000000000000000
00000000000000000000000000000000
00000000000000000000000000000000
00000000000000000000000000000000
00000000000000000000000000000000
00000000000000000000000000000000
00000000000000000000000000000000
00000000000000000000000000000000
00000000000000000000000000000000
00000000000000000000000000000000
00000000000000000000000000000000
00000000000000000000000000000000
00000000000000000000000000000000
00000000000000000000000000000000
00000000000000000000000000000000
00000000000000000000000000000000
00000000000000000000000000000000
00000000000000000000000000000000
00000000000000000000000000000000
00000000000000000000000000000000
00000000000000000000000000000000
00000000000000000000000000000000
00000000000000000000000000000000
00000000000000000000000000000000
00000000000000000000000000000000
00000000000000000000000000000000
00000000000000000000000000000000
00000000000000000000000000000000
00000000000000000000000000000000
00000000000000000000000000000000
00000000000000000000000000000000
00000000000000000000000000000000
00000000000000000000000000000000
00000000000000000000000000000000
00000000000000000000000000000000
00000000000000000000000000000000
00000000000000000000000000000000
00000000000000000000000000000000
00000000000000000000000000000000
00000000000000000000000000000000
00000000000000000000000000000000
00000000000000000000000000000000
00000000000000000000000000000000
00000000000000000000000000000000
00000000000000000000000000000000
00000000000000000000000000000000
00000000000000000000000000000000
00000000000000000000000000000000
00000000000000000000000000000000
00000000000000000000000000000000
00000000000000000000000000000000
00000000000000000000000000000000
00000000000000000000000000000000
00000000000000000000000000000000
00000000000000000000000000000000
00000000000000000000000000000000
00000000000000000000000000000000
00000000000000000000000000000000
00000000000000000000000000000000
00000000000000000000000000000000
00000000000000000000000000000000
00000000000000000000000000000000
00000000000000000000000000000000
00000000000000000000000000000000
00000000000000000000000000000000
00000000000000000000000000000000
00000000000000000000000000000000
00000000000000000000000000000000
00000000000000000000000000000000
00000000000000000000000000000000
00000000000000000000000000000000
00000000000000000000000000000000
00000000000000000000000000000000
00000000000000000000000000000000
00000000000000000000000000000000
00000000000000000000000000000000
00000000000000000000000000000000
00000000000000000000000000000000
00000000000000000000000000000000
00000000000000000000000000000000
00000000000000000000000000000000
00000000000000000000000000000000
00000000000000000000000000000000
00000000000000000000000000000000
00000000000000000000000000000000
00000000000000000000000000000000
00000000000000000000000000000000
00000000000000000000000000000000
00000000000000000000000000000000
00000000000000000000000000000000
00000000000000000000000000000000
00000000000000000000000000000000
00000000000000000000000000000000
00000000000000000000000000000000
00000000000000000000000000000000
00000000000000000000000000000000
00000000000000000000000000000000
00000000000000000000000000000000
00000000000000000000000000000000
00000000000000000000000000000000
00000000000000000000000000000000
00000000000000000000000000000000
00000000000000000000000000000000
00000000000000000000000000000000
00000000000000000000000000000000
00000000000000000000000000000000
00000000000000000000000000000000
00000000000000000000000000000000
00000000000000000000000000000000
00000000000000000000000000000000
00000000000000000000000000000000
00000000000000000000000000000000
00000000000000000000000000000000
00000000000000000000000000000000
00000000000000000000000000000000
00000000000000000000000000000000
00000000000000000000000000000000
00000000000000000000000000000000
00000000000000000000000000000000
00000000000000000000000000000000
00000000000000000000000000000000
00000000000000000000000000000000
00000000000000000000000000000000
00000000000000000000000000000000
00000000000000000000000000000000
00000000000000000000000000000000
00000000000000000000000000000000
00000000000000000000000000000000
00000000000000000000000000000000
00000000000000000000000000000000
00000000000000000000000000000000
00000000000000000000000000000000
00000000000000000000000000000000
00000000000000000000000000000000
00000000000000000000000000000000
00000000000000000000000000000000
00000000000000000000000000000000
00000000840180030000000000000000
00000000000000000000000000000000
00000000000000000000000000000000
00000000000000000000000000000000
00000000000000000000000000000000
00000000000000000000000000000000
00000000000000000000000000000000
00000000000000000000000000000000
00000000000000000000000000000000
00000000000000000000000000000000
00000000000000000000000000000000
00000000000000000000000000000000
00000000000000000000000000000000
00000000000000000000000000000000
00000000000000000000000000000000
00000000000000000000000000000000
00000000000000000000000000000000
004000000c200645004000000c000645
004000000c600645004000000c400645
004000000ca00645004000000c800645
004000000ce00645004000000cc00645
004000000d200645004000000d000645
004000000d600645004000000d400645
004000000da00645004000000d800645
004000000de00645004000000dc00645
004000000e200645004000000e000645
004000000e600645004000000e400645
004000000ea00645004000000e800645
004000000ee00645004000000ec00645
00000000000000000000000000000000
00000000000000000000000000000000
00000000000000000000000000000000
00000000000000000000000000000000
00000000000000000000000000000000
00000000000000000000000000000000
00000000000000000000000000000000
00000000000000000000000000000000
00000000000000000000000000000000
00000000000000000000000000000000
00000000000000000000000000000000
00000000000000000000000000000000
00000000000000000000000000000000
00000000000000000000000000000000
00000000000000000000000000000000
00000000000000000000000000000000
00000000000000000000000000000000
00000000000000000000000000000000
00000000000000000000000000000000
00000000000000000000000000000000
00000000000000000000000000000000
00000000000000000000000000000000
00000000000000000000000000000000
00000000000000000000000000000000
00000000000000000000000000000000
00000000000000000000000000000000
00000000000000000000000000000000
00000000000000000000000000000000
00000000000000000000000000000000
00000000000000000000000000000000
00000000000000000000000000000000
00000000000000000000000000000000
00000000000000000000000000000000
00000000000000000000000000000000
00000000000000000000000000000000
00000000000000000000000000000000
00000000000000000000000000000000
00000000000000000000000000000000
00000000000000000000000000000000
00000000000000000000000000000000
00000000000000000000000000000000
00000000000000000000000000000000
00000000000000000000000000000000
00000000000000000000000000000000
00000000000000000000000000000000
00000000000000000000000000000000
00000000000000000000000000000000
00000000000000000000000000000000
00000000000000000000000000000000
00000000000000000000000000000000
00000000000000000000000000000000
00000000000000000000000000000000
00000000000000000000000000000000
00000000000000000000000000000000
00000000000000000000000000000000
00000000000000000000000000000000
00000000000000000000000000000000
00000000000000000000000000000000
00000000000000000000000000000000
00000000000000000000000000000000
00000000000000000000000000000000
00000000000000000000000000000000
00000000000000000000000000000000
00000000000000000000000000000000
00000000000000000000000000000000
00000000000000000000000000000000
00000000000000000000000000000000
00000000000000000000000000000000
00000000000000000000000000000000
00000000000000000000000000000000
00000000000000000000000000000000
00000000000000000000000000000000
00000000000000000000000000000000
00000000000000000000000000000000
00000000000000000000000000000000
00000000000000000000000000000000
00000000000000000000000000000000
00000000000000000000000000000000
00000000000000000000000000000000
00000000000000000000000000000000
00000000000000000000000000000000
00000000000000000000000000000000
00000000000000000000000000000000
00000000000000000000000000000000
00000000000000000000000000000000
00000000000000000000000000000000
00000000000000000000000000000000
00000000000000000000000000000000
00000000000000000000000000000000
00000000000000000000000000000000
00000000000000000000000000000000
00000000000000000000000000000000
00000000000000000000000000000000
00000000000000000000000000000000
00000000000000000000000000000000
00000000000000000000000000000000
00000000000000000000000000000000
00000000000000000000000000000000
00000000000000000000000000000000
00000000000000000000000000000000
00000000000000000000000000000000
00000000000000000000000000000000
00000000000000000000000000000000
00000000000000000000000000000000
00000000000000000000000000000000
00000000000000000000000000000000
00000000000000000000000000000000
00000000000000000000000000000000
00000000000000000000000000000000
00000000000000000000000000000000
00000000000000000000000000000000
00000000000000000000000000000000
00000000000000000000000000000000
00000000000000000000000000000000
00000000000000000000000000000000
00000000000000000000000000000000
00000000000000000000000000000000
00000000000000000000000000000000
00000000000000000000000000000000
00000000000000000000000000000000
00000000000000000000000000000000
00000000000000000000000000000000
00000000000000000000000000000000
00000000000000000000000000000000
00000000000000000000000000000000
00000000000000000000000000000000
00000000000000000000000000000000
00000000000000000000000000000000
00000000000000000000000000000000
00000000000000000000000000000000
00000000000000000000000000000000
00000000000000000000000000000000
00000000000000000000000000000000
00000000000000000000000000000000
00000000000000000000000000000000
00000000000000000000000000000000
00000000000000000000000000000000
00000000000000000000000000000000
00000000000000000000000000000000
00000000000000000000000000000000
00000000000000000000000000000000
00000000000000000000000000000000
00000000000000000000000000000000
00000000000000000000000000000000
00000000000000000000000000000000
00000000000000000000000000000000
00000000000000000000000000000000
00000000000000000000000000000000
00000000000000000000000000000000
00000000000000000000000000000000
00000000000000000000000000000000
00000000000000000000000000000000
00000000000000000000000000000000
00000000000000000000000000000000
00000000000000000000000000000000
00000000000000000000000000000000
00000000000000000000000000000000
00000000000000000000000000000000
00000000000000000000000000000000
00000000000000000000000000000000
00000000000000000000000000000000
00000000000000000000000000000000
00000000000000000000000000000000
00000000000000000000000000000000
00000000000000000000000000000000
00000000000000000000000000000000
00000000000000000000000000000000
00000000000000000000000000000000
00000000000000000000000000000000
00000000000000000000000000000000
00000000000000000000000000000000
00000000000000000000000000000000
00000000000000000000000000000000
00000000000000000000000000000000
00000000000000000000000000000000
00000000000000000000000000000000
00000000000000000000000000000000
00000000000000000000000000000000
00000000000000000000000000000000
00000000000000000000000000000000
00000000000000000000000000000000
00000000000000000000000000000000
00000000000000000000000000000000
00000000000000000000000000000000
00000000000000000000000000000000
00000000000000000000000000000000
00000000000000000000000000000000
00000000000000000000000000000000
00000000000000000000000000000000
00000000000000000000000000000000
00000000000000000000000000000000
00000000000000000000000000000000
00000000000000000000000000000000
00000000000000000000000000000000
00000000000000000000000000000000
00000000000000000000000000000000
00000000000000000000000000000000
00000000000000000000000000000000
00000000000000000000000000000000
00000000000000000000000000000000
00000000000000000000000000000000
00000000000000000000000000000000
00000000000000000000000000000000
00000000000000000000000000000000
00000000000000000000000000000000
00000000000000000000000000000000
00000000000000000000000000000000
00000000000000000000000000000000
00000000000000000000000000000000
00000000000000000000000000000000
00000000000000000000000000000000
00000000000000000000000000000000
00000000000000000000000000000000
00000000000000000000000000000000
00000000000000000000000000000000
00000000000000000000000000000000
00000000000000000000000000000000
00000000000000000000000000000000
00000000000000000000000000000000
00000000000000000000000000000000
00000000000000000000000000000000
00000000000000000000000000000000
00000000000000000000000000000000
00000000000000000000000000000000
00000000000000000000000000000000
00000000000000000000000000000000
00000000000000000000000000000000
00000000000000000000000000000000
00000000000000000000000000000000
00000000000000000000000000000000
00000000000000000000000000000000
00000000000000000000000000000000
00000000000000000000000000000000
00000000000000000000000000000000
00000000000000000000000000000000
00000000000000000000000000000000
00000000000000000000000000000000
00000000000000000000000000000000
00000000000000000000000000000000
00000000000000000000000000000000
00000000000000000000000000000000
00000000000000000000000000000000
00000000000000000000000000000000
00000000000000000000000000000000
00000000000000000000000000000000
00000000000000000000000000000000
00000000000000000000000000000000
00000000000000000000000000000000
00000000000000000000000000000000
00000000000000000000000000000000
00000000000000000000000000000000
00000000000000000000000000000000
00000000000000000000000000000000
00000000000000000000000000000000
00000000000000000000000000000000
00000000000000000000000000000000
00000000000000000000000000000000
00000000000000000000000000000000
00000000000000000000000000000000
00000000000000000000000000000000
00000000000000000000000000000000
00000000000000000000000000000000
00000000000000000000000000000000
00000000000000000000000000000000
00000000000000000000000000000000
00000000000000000000000000000000
00000000000000000000000000000000
00000000000000000000000000000000
00000000000000000000000000000000
00000000000000000000000000000000
00000000000000000000000000000000
00000000000000000000000000000000
00000000000000000000000000000000
00000000000000000000000000000000
00000000000000000000000000000000
00000000000000000000000000000000
00000000000000000000000000000000
00000000000000000000000000000000
00000000000000000000000000000000
00000000000000000000000000000000
00000000000000000000000000000000
00000000000000000000000000000000
00000000000000000000000000000000
00000000000000000000000000000000
00000000000000000000000000000000
00000000000000000000000000000000
00000000000000000000000000000000
00000000000000000000000000000000
00000000000000000000000000000000
00000000000000000000000000000000
00000000000000000000000000000000
00000000000000000000000000000000
00000000000000000000000000000000
00000000000000000000000000000000
00000000000000000000000000000000
00000000000000000000000000000000
00000000000000000000000000000000
00000000000000000000000000000000
00000000000000000000000000000000
00000000000000000000000000000000
00000000000000000000000000000000
00000000000000000000000000000000
00000000000000000000000000000000
00000000000000000000000000000000
00000000000000000000000000000000
00000000000000000000000000000000
00000000000000000000000000000000
00000000000000000000000000000000
00000000000000000000000000000000
00000000000000000000000000000000
00000000000000000000000000000000
00000000000000000000000000000000
00000000000000000000000000000000
00000000000000000000000000000000
00000000000000000000000000000000
00000000000000000000000000000000
00000000000000000000000000000000
00000000000000000000000000000000
00000000000000000000000000000000
00000000000000000000000000000000
00000000000000000000000000000000
00000000000000000000000000000000
00000000000000000000000000000000
00000000000000000000000000000000
00000000000000000000000000000000
00000000000000000000000000000000
00000000000000000000000000000000
00000000000000000000000000000000
00000000000000000000000000000000
00000000000000000000000000000000
00000000000000000000000000000000
00000000000000000000000000000000
00000000000000000000000000000000
00000000000000000000000000000000
00000000000000000000000000000000
00000000000000000000000000000000
00000000000000000000000000000000
00000000000000000000000000000000
00000000000000000000000000000000
00000000000000000000000000000000
00000000000000000000000000000000
00000000000000000000000000000000
00000000000000000000000000000000
00000000000000000000000000000000
00000000000000000000000000000000
00000000000000000000000000000000
00000000000000000000000000000000
00000000000000000000000000000000
00000000000000000000000000000000
00000000000000000000000000000000
00000000000000000000000000000000
00000000000000000000000000000000
00000000000000000000000000000000
00000000000000000000000000000000
00000000000000000000000000000000
00000000000000000000000000000000
00000000000000000000000000000000
00000000000000000000000000000000
00000000000000000000000000000000
00000000000000000000000000000000
00000000000000000000000000000000
00000000000000000000000000000000
00000000000000000000000000000000
00000000000000000000000000000000
00000000000000000000000000000000
00000000000000000000000000000000
00000000000000000000000000000000
00000000000000000000000000000000
00000000000000000000000000000000
00000000000000000000000000000000
00000000000000000000000000000000
00000000000000000000000000000000
00000000000000000000000000000000
00000000000000000000000000000000
00000000000000000000000000000000
00000000000000000000000000000000
00000000000000000000000000000000
00000000000000000000000000000000
00000000000000000000000000000000
00000000000000000000000000000000
00000000000000000000000000000000
00000000000000000000000000000000
00000000000000000000000000000000
00000000000000000000000000000000
00000000000000000000000000000000
00000000000000000000000000000000
00000000000000000000000000000000
00000000000000000000000000000000
00000000000000000000000000000000
00000000000000000000000000000000
00000000000000000000000000000000
00000000000000000000000000000000
00000000000000000000000000000000
00000000000000000000000000000000
00000000000000000000000000000000
00000000000000000000000000000000
00000000000000000000000000000000
00000000000000000000000000000000
00000000000000000000000000000000
00000000000000000000000000000000
00000000000000000000000000000000
00000000000000000000000000000000
00000000000000000000000000000000
00000000000000000000000000000000
00000000000000000000000000000000
00000000000000000000000000000000
00000000000000000000000000000000
00000000000000000000000000000000
00000000000000000000000000000000
00000000000000000000000000000000
00000000000000000000000000000000
00000000000000000000000000000000
00000000000000000000000000000000
00000000000000000000000000000000
00000000000000000000000000000000
00000000000000000000000000000000
00000000000000000000000000000000
00000000000000000000000000000000
00000000000000000000000000000000
00000000000000000000000000000000
0040000007fc16470040000007fc0647
0040000007fc36470040000007fc2647
0040000007fc56470040000007fc4647
0040000007fc76470040000007fc6647
0040000007fc96470040000007fc8647
0040000007fcb6470040000007fca647
0040000007fcd6470040000007fcc647
0040000007fcf6470040000007fce647
0040000007fd16470040000007fd0647
0040000007fd36470040000007fd2647
0040000007fd56470040000007fd4647
0040000007fd76470040000007fd6647
0040000007fd96470040000007fd8647
0040000007fdb6470040000007fda647
0040000007fdd6470040000007fdc647
0040000007fdf6470040000007fde647
0040000007fe16470040000007fe0647
0040000007fe36470040000007fe2647
0040000007fe56470040000007fe4647
0040000007fe76470040000007fe6647
0040000007fe96470040000007fe8647
0040000007feb6470040000007fea647
0040000007fed6470040000007fec647
0040000007fef6470040000007fee647
0040000007ff16470040000007ff0647
0040000007ff36470040000007ff2647
0040000007ff56470040000007ff4647
0040000007ff76470040000007ff6647
0040000007ff96470040000007ff8647
0040000007ffb6470040000007ffa647
0040000007ffd6470040000007ffc647
0040000007fff6470040000007ffe647
00000000000000000000000000000000
00000000000000000000000000000000
00000000000000000000000000000000
00000000000000000000000000000000
00000000000000000000000000000000
00000000000000000000000000000000
00000000000000000000000000000000
00000000000000000000000000000000
00000000000000000000000000000000
00000000000000000000000000000000
00000000000000000000000000000000
00000000000000000000000000000000
00000000000000000000000000000000
00000000000000000000000000000000
00000000000000000000000000000000
00000000000000000000000000000000
0000000000000000000000008401a003
00000000000000000000000000000000
00000000000000000000000000000000
00000000000000000000000000000000
00000000000000000000000000000000
00000000000000000000000000000000
00000000000000000000000000000000
00000000000000000000000000000000
00000000000000000000000000000000
00000000000000000000000000000000
00000000000000000000000000000000
00000000000000000000000000000000
00000000000000000000000000000000
00000000000000000000000000000000
00000000000000000000000000000000
00000000000000000000000000000000
00000000000000000000000000000000
00000000000000000000000000000000
00000000000000000000000000000000
00000000000000000000000000000000
00000000000000000000000000000000
00000000000000000000000000000000
00000000000000000000000000000000
00000000000000000000000000000000
00000000000000000000000000000000
00000000000000000000000000000000
00000000000000000000000000000000
00000000000000000000000000000000
00000000000000000000000000000000
00000000000000000000000000000000
00000000000000000000000000000000
00000000000000000000000000000000
00000000000000000000000000000000
00000000000000000000000000000000
00000000000000000000000000000000
00000000000000000000000000000000
00000000000000000000000000000000
00000000000000000000000000000000
00000000000000000000000000000000
00000000000000000000000000000000
00000000000000000000000000000000
00000000000000000000000000000000
00000000000000000000000000000000
00000000000000000000000000000000
00000000000000000000000000000000
00000000000000000000000000000000
00000000000000000000000000000000
00000000000000000000000000000000
00000000000000000000000000000000
00000000000000000000000000000000
00000000000000000000000000000000
00000000000000000000000000000000
00000000000000000000000000000000
00000000000000000000000000000000
00000000000000000000000000000000
00000000000000000000000000000000
00000000000000000000000000000000
00000000000000000000000000000000
00000000000000000000000000000000
00000000000000000000000000000000
00000000000000000000000000000000
00000000000000000000000000000000
00000000000000000000000000000000
00000000000000000000000000000000
00000000000000000000000000000000
00000000000000000000000000000000
00000000000000000000000000000000
00000000000000000000000000000000
00000000000000000000000000000000
00000000000000000000000000000000
00000000000000000000000000000000
00000000000000000000000000000000
00000000000000000000000000000000
00000000000000000000000000000000
00000000000000000000000000000000
00000000000000000000000000000000
00000000000000000000000000000000
00000000000000000000000000000000
00000000000000000000000000000000
00000000000000000000000000000000
00000000000000000000000000000000
00000000000000000000000000000000
00000000000000000000000000000000
00000000000000000000000000000000
00000000000000000000000000000000
00000000000000000000000000000000
00000000000000000000000000000000
00000000000000000000000000000000
00000000000000000000000000000000
00000000000000000000000000000000
00000000000000000000000000000000
00000000000000000000000000000000
00000000000000000000000000000000
00000000000000000000000000000000
00000000000000000000000000000000
00000000000000000000000000000000
00000000000000000000000000000000
00000000000000000000000000000000
00000000000000000000000000000000
00000000000000000000000000000000
00000000000000000000000000000000
00000000000000000000000000000000
00000000000000000000000000000000
00000000000000000000000000000000
00000000000000000000000000000000
00000000000000000000000000000000
00000000000000000000000000000000
00000000000000000000000000000000
00000000000000000000000000000000
00000000000000000000000000000000
00000000000000000000000000000000
00000000000000000000000000000000
00000000000000000000000000000000
00000000000000000000000000000000
00000000000000000000000000000000
00000000000000000000000000000000
00000000000000000000000000000000
00000000000000000000000000000000
00000000000000000000000000000000
00000000000000000000000000000000
00000000000000000000000000000000
00000000000000000000000000000000
00000000000000000000000000000000
00000000000000000000000000000000
00000000000000000000000000000000
00000000000000000000000000000000
00000000000000000000000000000000
00000000000000000000000000000000
00000000000000000000000000000000
00000000000000000000000000000000
00000000000000000000000000000000
00000000000000000000000000000000
00000000000000000000000000000000
00000000000000000000000000000000
00000000000000000000000000000000
00000000000000000000000000000000
00000000000000000000000000000000
00000000000000000000000000000000
00000000000000000000000000000000
00000000000000000000000000000000
00000000000000000000000000000000
00000000000000000000000000000000
00000000000000000000000000000000
00000000000000000000000000000000
00000000000000000000000000000000
00000000000000000000000000000000
00000000000000000000000000000000
00000000000000000000000000000000
00000000000000000000000000000000
00000000000000000000000000000000
00000000000000000000000000000000
00000000000000000000000000000000
00000000000000000000000000000000
00000000000000000000000000000000
00000000000000000000000000000000
00000000000000000000000000000000
00000000000000000000000000000000
00000000000000000000000000000000
00000000000000000000000000000000
00000000000000000000000000000000
00000000000000000000000000000000
00000000000000000000000000000000
00000000000000000000000000000000
00000000000000000000000000000000
00000000000000000000000000000000
00000000000000000000000000000000
00000000000000000000000000000000
00000000000000000000000000000000
00000000000000000000000000000000
00000000000000000000000000000000
00000000000000000000000000000000
00000000000000000000000000000000
00000000000000000000000000000000
00000000000000000000000000000000
00000000000000000000000000000000
00000000000000000000000000000000
00000000000000000000000000000000
00000000000000000000000000000000
00000000000000000000000000000000
00000000000000000000000000000000
00000000000000000000000000000000
00000000000000000000000000000000
00000000000000000000000000000000
00000000000000000000000000000000
00000000000000000000000000000000
00000000000000000000000000000000
00000000000000000000000000000000
00000000000000000000000000000000
00000000000000000000000000000000
00000000000000000000000000000000
00000000000000000000000000000000
00000000000000000000000000000000
00000000000000000000000000000000
00000000000000000000000000000000
00000000000000000000000000000000
00000000000000000000000000000000
00000000000000000000000000000000
00000000000000000000000000000000
00000000000000000000000000000000
00000000000000000000000000000000
00000000000000000000000000000000
00000000000000000000000000000000
00000000000000000000000000000000
00000000000000000000000000000000
00000000000000000000000000000000
00000000000000000000000000000000
00000000000000000000000000000000
00000000000000000000000000000000
00000000000000000000000000000000
00000000000000000000000000000000
00000000000000000000000000000000
00000000000000000000000000000000
00000000000000000000000000000000
00000000000000000000000000000000
00000000000000000000000000000000
00000000000000000000000000000000
00000000000000000000000000000000
00000000000000000000000000000000
00000000000000000000000000000000
00000000000000000000000000000000
00000000000000000000000000000000
00000000000000000000000000000000
00000000000000000000000000000000
00000000000000000000000000000000
00000000000000000000000000000000
00000000000000000000000000000000
00000000000000000000000000000000
00000000000000000000000000000000
00000000000000000000000000000000
00000000000000000000000000000000
00000000000000000000000000000000
00000000000000000000000000000000
00000000000000000000000000000000
00000000000000000000000000000000
00000000000000000000000000000000
00000000000000000000000000000000
00000000000000000000000000000000
00000000000000000000000000000000
00000000000000000000000000000000
00000000000000000000000000000000
0000000000000000004000008400064b
00000000840037c30000000000000000
00000000840057c300000000840047c3
00000000840077c300000000840067c3
00000000840097c300000000840087c3
000000008400b7c3000000008400a7c3
000000008400d7c3000000008400c7c3
000000008400f7c3000000008400e7c3
00000000840117c300000000840107c3
00400000840137c300400000840127c3
00400000840157430040000084014743
00400000840177430040000084016743
00400000840197430040000084018743
004000008401b743004000008401a743
004000008401d743004000008401c743
00000000000000000000000000000000
00000000000000000000000000000000
00000000000000000000000000000000
00000000000000000000000000000000
00000000000000000000000000000000
00000000000000000000000000000000
00000000000000000000000000000000
00000000000000000000000000000000
00000000000000000000000000000000
00000000000000000000000000000000
00000000000000000000000000000000
00000000000000000000000000000000
00000000000000000000000000000000
00000000000000000000000000000000
00000000000000000000000000000000
00000000000000000000000000000000
00000000000000000000000000000000
00000000000000000000000000000000
00000000000000000000000000000000
00000000000000000000000000000000
00000000000000000000000000000000
00000000000000000000000000000000
00000000000000000000000000000000
00000000000000000000000000000000
00000000000000000000000000000000
00000000000000000000000000000000
00000000000000000000000000000000
00000000000000000000000000000000
00000000000000000000000000000000
00000000000000000000000000000000
00000000000000000000000000000000
00000000000000000000000000000000
00000000000000000000000000000000
00000000000000000000000000000000
00000000000000000000000000000000
00000000000000000000000000000000
00000000000000000000000000000000
00000000000000000000000000000000
00000000000000000000000000000000
00000000000000000000000000000000
00000000000000000000000000000000
00000000000000000000000000000000
00000000000000000000000000000000
00000000000000000000000000000000
00000000000000000000000000000000
00000000000000000000000000000000
00000000000000000000000000000000
00000000000000000000000000000000
00000000000000000000000000000000
00000000000000000000000000000000
00000000000000000000000000000000
00000000000000000000000000000000
00000000000000000000000000000000
00000000000000000000000000000000
00000000000000000000000000000000
00000000000000000000000000000000
00000000000000000000000000000000
00000000000000000000000000000000
00000000000000000000000000000000
00000000000000000000000000000000
00000000000000000000000000000000
00000000000000000000000000000000
00000000000000000000000000000000
00000000000000000000000000000000
00000000000000000000000000000000
00000000000000000000000000000000
00000000000000000000000000000000
00000000000000000000000000000000
00000000000000000000000000000000
00000000000000000000000000000000
00000000000000000000000000000000
00000000000000000000000000000000
00000000000000000000000000000000
00000000000000000000000000000000
00000000000000000000000000000000
00000000000000000000000000000000
00000000000000000000000000000000
00000000000000000000000000000000
00000000000000000000000000000000
00000000000000000000000000000000
00000000000000000000000000000000
00000000000000000000000000000000
00000000000000000000000000000000
00000000000000000000000000000000
00000000000000000000000000000000
00000000000000000000000000000000
00000000000000000000000000000000
00000000000000000000000000000000
00000000000000000000000000000000
00000000000000000000000000000000
00000000000000000000000000000000
00000000000000000000000000000000
00000000000000000000000000000000
00000000000000000000000000000000
00000000000000000000000000000000
00000000000000000000000000000000
00000000000000000000000000000000
00000000000000000000000000000000
00000000000000000000000000000000
00000000000000000000000000000000
00000000000000000000000000000000
00000000000000000000000000000000
00000000000000000000000000000000
00000000000000000000000000000000
00000000000000000000000000000000
00000000000000000000000000000000
00000000000000000000000000000000
00000000000000000000000000000000
00000000000000000000000000000000
00000000000000000000000000000000
00000000000000000000000000000000
00000000000000000000000000000000
00000000000000000000000000000000
00000000000000000000000000000000
00000000000000000000000000000000
00000000000000000000000000000000
00000000000000000000000000000000
00000000000000000000000000000000
00000000000000000000000000000000
00000000000000000000000000000000
00000000000000000000000000000000
00000000000000000000000000000000
00000000000000000000000000000000
00000000000000000000000000000000
00000000000000000000000000000000
00000000000000000000000000000000
00000000000000000000000000000000
00000000000000000000000000000000
00000000000000000000000000000000
00000000000000000000000000000000
00000000000000000000000000000000
00000000000000000000000000000000
00000000000000000000000000000000
00000000000000000000000000000000
00000000000000000000000000000000
00000000000000000000000000000000
00000000000000000000000000000000
00000000000000000000000000000000
00000000000000000000000000000000
00000000000000000000000000000000
00000000000000000000000000000000
00000000000000000000000000000000
00000000000000000000000000000000
00000000000000000000000000000000
00000000000000000000000000000000
00000000000000000000000000000000
00000000000000000000000000000000
00000000000000000000000000000000
00000000000000000000000000000000
00000000000000000000000000000000
00000000000000000000000000000000
00000000000000000000000000000000
00000000000000000000000000000000
00000000000000000000000000000000
00000000000000000000000000000000
00000000000000000000000000000000
00000000000000000000000000000000
00000000000000000000000000000000
00000000000000000000000000000000
00000000000000000000000000000000
00000000000000000000000000000000
00000000000000000000000000000000
00000000000000000000000000000000
00000000000000000000000000000000
00000000000000000000000000000000
00000000000000000000000000000000
00000000000000000000000000000000
00000000000000000000000000000000
00000000000000000000000000000000
00000000000000000000000000000000
00000000000000000000000000000000
00000000000000000000000000000000
00000000000000000000000000000000
00000000000000000000000000000000
00000000000000000000000000000000
00000000000000000000000000000000
00000000000000000000000000000000
00000000000000000000000000000000
00000000000000000000000000000000
00000000000000000000000000000000
00000000000000000000000000000000
00000000000000000000000000000000
00000000000000000000000000000000
00000000000000000000000000000000
00000000000000000000000000000000
00000000000000000000000000000000
00000000000000000000000000000000
00000000000000000000000000000000
00000000000000000000000000000000
00000000000000000000000000000000
00000000000000000000000000000000
00000000000000000000000000000000
00000000000000000000000000000000
00000000000000000000000000000000
00000000000000000000000000000000
00000000000000000000000000000000
00000000000000000000000000000000
00000000000000000000000000000000
00000000000000000000000000000000
00000000000000000000000000000000
00000000000000000000000000000000
00000000000000000000000000000000
00000000000000000000000000000000
00000000000000000000000000000000
00000000000000000000000000000000
00000000000000000000000000000000
00000000000000000000000000000000
00000000000000000000000000000000
00000000000000000000000000000000
00000000000000000000000000000000
00000000000000000000000000000000
00000000000000000000000000000000
00000000000000000000000000000000
00000000000000000000000000000000
00000000000000000000000000000000
00000000000000000000000000000000
00000000000000000000000000000000
00000000000000000000000000000000
00000000000000000000000000000000
00000000000000000000000000000000
00000000000000000000000000000000
00000000000000000000000000000000
00000000000000000000000000000000
00000000000000000000000000000000
00000000000000000000000000000000
00000000000000000000000000000000
00000000000000000000000000000000
00000000000000000000000000000000
00000000000000000000000000000000
00000000000000000000000000000000
00000000000000000000000000000000
00000000000000000000000000000000
00000000000000000000000000000000
00000000000000000000000000000000
00000000000000000000000000000000
00000000000000000000000000000000
00000000000000000000000000000000
00000000000000000000000000000000
00000000000000000000000000000000
00000000000000000000000000000000
00000000000000000000000000000000
00000000000000000000000000000000
00000000000000000000000000000000
00000000000000000000000000000000
00000000000000000000000000000000
00000000000000000000000000000000
00000000000000000000000000000000
00000000000000000000000000000000
00000000000000000000000000000000
00000000000000000000000000000000
00000000000000000000000000000000
00000000000000000000000000000000
00000000000000000000000000000000
00000000000000000000000000000000
00000000000000000000000000000000
00000000000000000000000000000000
00000000000000000000000000000000
00000000000000000000000000000000
00000000000000000000000000000000
00000000000000000000000000000000
00000000000000000000000000000000
00000000000000000000000000000000
00000000000000000000000000000000
00000000000000000000000000000000
00000000000000000000000000000000
00000000000000000000000000000000
00000000000000000000000000000000
00000000000000000000000000000000
00000000000000000000000000000000
00000000000000000000000000000000
00000000000000000000000000000000
00000000000000000000000000000000
00000000000000000000000000000000
00000000000000000000000000000000
00000000000000000000000000000000
00000000000000000000000000000000
00000000000000000000000000000000
00000000000000000000000000000000
00000000000000000000000000000000
00000000000000000000000000000000
00000000000000000000000000000000
00000000000000000000000000000000
00000000000000000000000000000000
00000000000000000000000000000000
00000000000000000000000000000000
00000000000000000000000000000000
00000000000000000000000000000000
00000000000000000000000000000000
00000000000000000000000000000000
00000000000000000000000000000000
00000000000000000000000000000000
00000000000000000000000000000000
00000000000000000000000000000000
00000000000000000000000000000000
00000000000000000000000000000000
00000000000000000000000000000000
00000000000000000000000000000000
00000000000000000000000000000000
00000000000000000000000000000000
00000000000000000000000000000000
00000000000000000000000000000000
00000000000000000000000000000000
00000000000000000000000000000000
00000000000000000000000000000000
00000000000000000000000000000000
00000000000000000000000000000000
00000000000000000000000000000000
00000000000000000000000000000000
00000000000000000000000000000000
00000000000000000000000000000000
00000000000000000000000000000000
00000000000000000000000000000000
00000000000000000000000000000000
00000000000000000000000000000000
00000000000000000000000000000000
00000000000000000000000000000000
00000000000000000000000000000000
00000000000000000000000000000000
00000000000000000000000000000000
00000000000000000000000000000000
00000000000000000000000000000000
00000000000000000000000000000000
00000000000000000000000000000000
00000000000000000000000000000000
00000000000000000000000000000000
00000000000000000000000000000000
00000000000000000000000000000000
00000000000000000000000000000000
00000000000000000000000000000000
00000000000000000000000000000000
00000000000000000000000000000000
00000000000000000000000000000000
00000000000000000000000000000000
00000000000000000000000000000000
00000000000000000000000000000000
00000000000000000000000000000000
00000000000000000000000000000000
00000000000000000000000000000000
00000000000000000000000000000000
00000000000000000000000000000000
00000000000000000000000000000000
00000000000000000000000000000000
00000000000000000000000000000000
00000000000000000000000000000000
00000000000000000000000000000000
00000000000000000000000000000000
00000000000000000000000000000000
00000000000000000000000000000000
00000000000000000000000000000000
00000000000000000000000000000000
00000000000000000000000000000000
00000000000000000000000000000000
00000000000000000000000000000000
00000000000000000000000000000000
00000000000000000000000000000000
00000000000000000000000000000000
00000000000000000000000000000000
00000000000000000000000000000000
00000000000000000000000000000000
00000000000000000000000000000000
00000000000000000000000000000000
00000000000000000000000000000000
00000000000000000000000000000000
00000000000000000000000000000000
00000000000000000000000000000000
00000000000000000000000000000000
00000000000000000000000000000000
00000000000000000000000000000000
00000000000000000000000000000000
00000000000000000000000000000000
00000000000000000000000000000000
00000000000000000000000000000000
00000000000000000000000000000000
00000000000000000000000000000000
00000000000000000000000000000000
00000000000000000000000000000000
00000000000000000000000000000000
00000000000000000000000000000000
00000000000000000000000000000000
00000000000000000000000000000000
00000000000000000000000000000000
00000000000000000000000000000000
00000000000000000000000000000000
00000000000000000000000000000000
00000000000000000000000000000000
00000000000000000000000000000000
00000000000000000000000000000000
00000000000000000000000000000000
00000000000000000000000000000000
00000000000000000000000000000000
00000000000000000000000000000000
00000000000000000000000000000000
00000000000000000000000000000000
00000000000000000000000000000000
00000000000000000000000000000000
00000000000000000000000000000000
00000000000000000000000000000000
00000000000000000000000000000000
00000000000000000000000000000000
00000000000000000000000000000000
00000000000000000000000000000000
00000000000000000000000000000000
00000000000000000000000000000000
00000000000000000000000000000000
00000000000000000000000000000000
00000000000000000000000000000000
00000000000000000000000000000000
00000000000000000000000000000000
00000000000000000000000000000000
00000000000000000000000000000000
00000000000000000000000000000000
00000000000000000000000000000000
00000000000000000000000000000000
00000000000000000000000000000000
00000000000000000000000000000000
00000000000000000000000000000000
00000000000000000000000000000000
00000000000000000000000000000000
00000000000000000000000000000000
00000000000000000000000000000000
00000000000000000000000000000000
00000000000000000000000000000000
00000000000000000000000000000000
00000000000000000000000000000000
00000000000000000000000000000000
00000000000000000000000000000000
00000000000000000000000000000000
00000000000000000000000000000000
00000000000000000000000000000000
00000000000000000000000000000000
00000000000000000000000000000000
00000000000000000000000000000000
00000000000000000000000000000000
00000000000000000000000000000000
00000000000000000000000000000000
00000000000000000000000000000000
00000000000000000000000000000000
00000000000000000000000000000000
00000000000000000000000000000000
00000000000000000000000000000000
00000000000000000000000000000000
00000000000000000000000000000000
00000000000000000000000000000000
00000000000000000000000000000000
00000000000000000000000000000000
00000000000000000000000000000000
00000000000000000000000000000000
00000000000000000000000000000000
00000000000000000000000000000000
00000000000000000000000000000000
00000000000000000000000000000000
00000000000000000000000000000000
00000000000000000000000000000000
00000000000000000000000000000000
00000000000000000000000000000000
00000000000000000000000000000000
00000000000000000000000000000000
00000000000000000000000000000000
00000000000000000000000000000000
00000000000000000000000000000000
00000000000000000000000000000000
00000000000000000000000000000000
00000000000000000000000000000000
00000000000000000000000000000000
00000000000000000000000000000000
00000000000000000000000000000000
00000000000000000000000000000000
00000000000000000000000000000000
00000000000000000000000000000000
00000000000000000000000000000000
00000000000000000000000000000000
00000000000000000000000000000000
00000000000000000000000000000000
00000000000000000000000000000000
00000000000000000000000000000000
00000000000000000000000000000000
00000000000000000000000000000000
00000000000000000000000000000000
00000000000000000000000000000000
00000000000000000000000000000000
00000000000000000000000000000000
00000000000000000000000000000000
00000000000000000000000000000000
00000000000000000000000000000000
00000000000000000000000000000000
00000000000000000000000000000000
00000000000000000000000000000000
00000000000000000000000000000000
00000000000000000000000000000000
00000000000000000000000000000000
00000000000000000000000000000000
00000000000000000000000000000000
00000000000000000000000000000000
00000000000000000000000000000000
00000000000000000000000000000000
00000000000000000000000000000000
00400000ffe007410000000000000000
00000000000000000000000000000000
00000000000000000000000000000000
00000000000000000000000000000000
00000000000000000000000000000000
00000000000000000000000000000000
00000000000000000000000000000000
00000000000000000000000000000000
00000000000000000000000000000000
00000000000000000000000000000000
00000000000000000000000000000000
00000000000000000000000000000000
00000000000000000000000000000000
00000000000000000000000000000000
00000000000000000000000000000000
00000000000000000000000000000000
00000000000000000000000000000000
00000000000000000000000000000000
00000000000000000000000000000000
00000000000000000000000000000000
00000000000000000000000000000000
00000000000000000000000000000000
00000000000000000000000000000000
00000000000000000000000000000000
00000000000000000000000000000000
00000000000000000000000000000000
00000000000000000000000000000000
00000000000000000000000000000000
00000000000000000000000000000000
00000000000000000000000000000000
00000000000000000000000000000000
00000000000000000000000000000000
00000000000000000000000000000000
00000000000000000000000000000000
00000000000000000000000000000000
00000000000000000000000000000000
00000000000000000000000000000000
00000000000000000000000000000000
00000000000000000000000000000000
00000000000000000000000000000000
00000000000000000000000000000000
00000000000000000000000000000000
00000000000000000000000000000000
00000000000000000000000000000000
00000000000000000000000000000000
00000000000000000000000000000000
00000000000000000000000000000000
00000000000000000000000000000000
00000000000000000000000000000000
00000000000000000000000000000000
00000000000000000000000000000000
00000000000000000000000000000000
00000000000000000000000000000000
00000000000000000000000000000000
00000000000000000000000000000000
00000000000000000000000000000000
00000000000000000000000000000000
00000000000000000000000000000000
00000000000000000000000000000000
00000000000000000000000000000000
00000000000000000000000000000000
00000000000000000000000000000000
00000000000000000000000000000000
00000000000000000000000000000000
00000000000000000000000000000000
00000000000000000000000000000000
00000000000000000000000000000000
00000000000000000000000000000000
00000000000000000000000000000000
00000000000000000000000000000000
00000000000000000000000000000000
00000000000000000000000000000000
00000000000000000000000000000000
00000000000000000000000000000000
00000000000000000000000000000000
00000000000000000000000000000000
00000000000000000000000000000000
00000000000000000000000000000000
00000000000000000000000000000000
00000000000000000000000000000000
00000000000000000000000000000000
00000000000000000000000000000000
00000000000000000000000000000000
00000000000000000000000000000000
00000000000000000000000000000000
00000000000000000000000000000000
00000000000000000000000000000000
00000000000000000000000000000000
00000000000000000000000000000000
00000000000000000000000000000000
00000000000000000000000000000000
00000000000000000000000000000000
00000000000000000000000000000000
00000000000000000000000000000000
00000000000000000000000000000000
00000000000000000000000000000000
00000000000000000000000000000000
00000000000000000000000000000000
00000000000000000000000000000000
00000000000000000000000000000000
00000000000000000000000000000000
00000000000000000000000000000000
00000000000000000000000000000000
00000000000000000000000000000000
00000000000000000000000000000000
00000000000000000000000000000000
00000000000000000000000000000000
00000000000000000000000000000000
00000000000000000000000000000000
00000000000000000000000000000000
00000000000000000000000000000000
00000000000000000000000000000000
00000000000000000000000000000000
00000000000000000000000000000000
00000000000000000000000000000000
00000000000000000000000000000000
00000000000000000000000000000000
00000000000000000000000000000000
00000000000000000000000000000000
00000000000000000000000000000000
00000000000000000000000000000000
00000000000000000000000000000000
00000000000000000000000000000000
00000000000000000000000000000000
00000000000000000000000000000000
00000000000000000000000000000000
00000000000000000000000000000000
00000000000000000000000000000000
00000000000000000000000000000000
00000000000000000000000000000000
00000000000000000000000000000000
00000000000000000000000000000000
00000000000000000000000000000000
00000000000000000000000000000000
00000000000000000000000000000000
00000000000000000000000000000000
00000000000000000000000000000000
00000000000000000000000000000000
00000000000000000000000000000000
00000000000000000000000000000000
00000000000000000000000000000000
00000000000000000000000000000000
00000000000000000000000000000000
00000000000000000000000000000000
00000000000000000000000000000000
00000000000000000000000000000000
00000000000000000000000000000000
00000000000000000000000000000000
00000000000000000000000000000000
00000000000000000000000000000000
00000000000000000000000000000000
00000000000000000000000000000000
00000000000000000000000000000000
00000000000000000000000000000000
00000000000000000000000000000000
00000000000000000000000000000000
00000000000000000000000000000000
00000000000000000000000000000000
00000000000000000000000000000000
00000000000000000000000000000000
00000000000000000000000000000000
00000000000000000000000000000000
00000000000000000000000000000000
00000000000000000000000000000000
00000000000000000000000000000000
00000000000000000000000000000000
00000000000000000000000000000000
00000000000000000000000000000000
00000000000000000000000000000000
00000000000000000000000000000000
00000000000000000000000000000000
00000000000000000000000000000000
00000000000000000000000000000000
00000000000000000000000000000000
00000000000000000000000000000000
00000000000000000000000000000000
00000000000000000000000000000000
00000000000000000000000000000000
00000000000000000000000000000000
00000000000000000000000000000000
00000000000000000000000000000000
00000000000000000000000000000000
00000000000000000000000000000000
00000000000000000000000000000000
00000000000000000000000000000000
00000000000000000000000000000000
00000000000000000000000000000000
00000000000000000000000000000000
00000000000000000000000000000000
00000000000000000000000000000000
00000000000000000000000000000000
00000000000000000000000000000000
00000000000000000000000000000000
00000000000000000000000000000000
00000000000000000000000000000000
00000000000000000000000000000000
00000000000000000000000000000000
00000000000000000000000000000000
00000000000000000000000000000000
00000000000000000000000000000000
00000000000000000000000000000000
00000000000000000000000000000000
00000000000000000000000000000000
00000000000000000000000000000000
00000000000000000000000000000000
00000000000000000000000000000000
00000000000000000000000000000000
00000000000000000000000000000000
00000000000000000000000000000000
00000000000000000000000000000000
00000000000000000000000000000000
00000000000000000000000000000000
00000000000000000000000000000000
00000000000000000000000000000000
00000000000000000000000000000000
00000000000000000000000000000000
00000000000000000000000000000000
00000000000000000000000000000000
00000000000000000000000000000000
00000000000000000000000000000000
00000000000000000000000000000000
00000000000000000000000000000000
00000000000000000000000000000000
00000000000000000000000000000000
00000000000000000000000000000000
00000000000000000000000000000000
00000000000000000000000000000000
00000000000000000000000000000000
00000000000000000000000000000000
00000000000000000000000000000000
00000000000000000000000000000000
00000000000000000000000000000000
00000000000000000000000000000000
00000000000000000000000000000000
00000000000000000000000000000000
00000000000000000000000000000000
00000000000000000000000000000000
00000000000000000000000000000000
00000000000000000000000000000000
00000000000000000000000000000000
00000000000000000000000000000000
00000000000000000000000000000000
00000000000000000000000000000000
00000000000000000000000000000000
00000000000000000000000000000000
00000000000000000000000000000000
00000000000000000000000000000000
00000000000000000000000000000000
00000000000000000000000000000000
00000000000000000000000000000000
00000000000000000000000000000000
00000000000000000000000000000000
00000000000000000000000000000000
00000000000000000000000000000000
00000000000000000000000000000000
00000000000000000000000000000000
00000000000000000000000000000000
00000000000000000000000000000000
00000000000000000000000000000000
00000000000000000000000000000000
00000000000000000000000000000000
00000000000000000000000000000000
00000000000000000000000000000000
00000000000000000000000000000000
00000000000000000000000000000000
00000000000000000000000000000000
00000000000000000000000000000000
00000000000000000000000000000000
00000000000000000000000000000000
00000000000000000000000000000000
00000000000000000000000000000000
00000000000000000000000000000000
00000000000000000000000000000000
00000000000000000000000000000000
00000000000000000000000000000000
00000000000000000000000000000000
00000000000000000000000000000000
00000000000000000000000000000000
00000000000000000000000000000000
00000000000000000000000000000000
00000000000000000000000000000000
00000000000000000000000000000000
00000000000000000000000000000000
00000000000000000000000000000000
00000000000000000000000000000000
00000000000000000000000000000000
00000000000000000000000000000000
00000000000000000000000000000000
00000000000000000000000000000000
00000000000000000000000000000000
00000000000000000000000000000000
00000000000000000000000000000000
00000000000000000000000000000000
00000000000000000000000000000000
00000000000000000000000000000000
00000000000000000000000000000000
00000000000000000000000000000000
00000000000000000000000000000000
00000000000000000000000000000000
00000000000000000000000000000000
00000000000000000000000000000000
00000000000000000000000000000000
00000000000000000000000000000000
00000000000000000000000000000000
00000000000000000000000000000000
00000000000000000000000000000000
00000000000000000000000000000000
00000000000000000000000000000000
00000000000000000000000000000000
00000000000000000000000000000000
00000000000000000000000000000000
00000000000000000000000000000000
00000000000000000000000000000000
00000000000000000000000000000000
00000000000000000000000000000000
00000000000000000000000000000000
00000000000000000000000000000000
00000000000000000000000000000000
00000000000000000000000000000000
00000000000000000000000000000000
00000000000000000000000000000000
00000000000000000000000000000000
00000000000000000000000000000000
00000000000000000000000000000000
00000000000000000000000000000000
00000000000000000000000000000000
00000000000000000000000000000000
00000000000000000000000000000000
00000000000000000000000000000000
00000000000000000000000000000000
00000000000000000000000000000000
00000000000000000000000000000000
00000000000000000000000000000000
00000000000000000000000000000000
00000000000000000000000000000000
00000000000000000000000000000000
00000000000000000000000000000000
00000000000000000000000000000000
00000000000000000000000000000000
00000000000000000000000000000000
00000000000000000000000000000000
00000000000000000000000000000000
00000000000000000000000000000000
00000000000000000000000000000000
00000000000000000000000000000000
00000000000000000000000000000000
00000000000000000000000000000000
00000000000000000000000000000000
00000000000000000000000000000000
00000000000000000000000000000000
00000000000000000000000000000000
00000000000000000000000000000000
00000000000000000000000000000000
00000000000000000000000000000000
00000000000000000000000000000000
00000000000000000000000000000000
00000000000000000000000000000000
00000000000000000000000000000000
00000000000000000000000000000000
00000000000000000000000000000000
00000000000000000000000000000000
00000000000000000000000000000000
00000000000000000000000000000000
00000000000000000000000000000000
00000000000000000000000000000000
00000000000000000000000000000000
00000000000000000000000000000000
00000000000000000000000000000000
00000000000000000000000000000000
00000000000000000000000000000000
00000000000000000000000000000000
00000000000000000000000000000000
00000000000000000000000000000000
00000000000000000000000000000000
00000000000000000000000000000000
00000000000000000000000000000000
00000000000000000000000000000000
00000000000000000000000000000000
00000000000000000000000000000000
00000000000000000000000000000000
00000000000000000000000000000000
00000000000000000000000000000000
00000000000000000000000000000000
00000000000000000000000000000000
00000000000000000000000000000000
00000000000000000000000000000000
00000000000000000000000000000000
00000000000000000000000000000000
00000000000000000000000000000000
00000000000000000000000000000000
00000000000000000000000000000000
00000000000000000000000000000000
00000000000000000000000000000000
00000000000000000000000000000000
00000000000000000000000000000000
00000000000000000000000000000000
00000000000000000000000000000000
00000000000000000000000000000000
00000000000000000000000000000000
00000000000000000000000000000000
00000000000000000000000000000000
00000000000000000000000000000000
00000000000000000000000000000000
00000000000000000000000000000000
00000000000000000000000000000000
00000000000000000000000000000000
00000000000000000000000000000000
00000000000000000000000000000000
00000000000000000000000000000000
00000000000000000000000000000000
00000000000000000000000000000000
00000000000000000000000000000000
00000000000000000000000000000000
00000000000000000000000000000000
00000000000000000000000000000000
00000000000000000000000000000000
00000000000000000000000000000000
00000000000000000000000000000000
00000000000000000000000000000000
00000000000000000000000000000000
00000000000000000000000000000000
00000000000000000000000000000000
00000000000000000000000000000000
00000000000000000000000000000000
00000000000000000000000000000000
00000000000000000000000000000000
00000000000000000000000000000000
00000000000000000000000000000000
00000000000000000000000000000000
00000000000000000000000000000000
00000000000000000000000000000000
00000000000000000000000000000000
00000000000000000000000000000000
00000000000000000000000000000000
00000000000000000000000000000000
00000000000000000000000000000000
00000000000000000000000000000000
00000000000000000000000000000000
00000000000000000000000000000000
00000000000000000000000000000000
00000000000000000000000000000000
00000000000000000000000000000000
00000000000000000000000000000000
00000000000000000000000000000000
00000000000000000000000000000000
00000000000000000000000000000000
00000000000000000000000000000000
00000000000000000000000000000000
00000000000000000000000000000000
00000000000000000000000000000000
00000000000000000000000000000000
00000000000000000000000000000000
00000000000000000000000000000000
00000000000000000000000000000000
00000000000000000000000000000000
00000000000000000000000000000000
00000000000000000000000000000000
00000000000000000000000000000000
00000000000000000000000000000000
00000000000000000000000000000000
00000000000000000000000000000000
00000000000000000000000000000000
00000000000000000000000000000000
00000000000000000000000000000000
00000000000000000000000000000000
00000000000000000000000000000000
00000000000000000000000000000000
00000000000000000000000000000000
00000000000000000000000000000000
00000000000000000000000000000000
00000000000000000000000000000000
00000000000000000000000000000000
00000000000000000000000000000000
00000000000000000000000000000000
00000000000000000000000000000000
00000000000000000000000000000000
00000000000000000000000000000000
00000000000000000000000000000000
00000000000000000000000000000000
00000000000000000000000000000000
00000000000000000000000000000000
00000000000000000000000000000000
00000000000000000000000000000000
00000000000000000000000000000000
00000000000000000000000000000000
00000000000000000000000000000000
00000000000000000000000000000000
00000000000000000000000000000000
00000000000000000000000000000000
00000000000000000000000000000000
00000000000000000000000000000000
00000000000000000000000000000000
00000000000000000000000000000000
00000000000000000000000000000000
00000000000000000000000000000000
00000000000000000000000000000000
00000000000000000000000000000000
00000000000000000000000000000000
00000000000000000000000000000000
00000000000000000000000000000000
00000000000000000000000000000000
00000000000000000000000000000000
00000000000000000000000000000000
00000000000000000000000000000000
00000000000000000000000000000000
00000000000000000000000000000000
00000000000000000000000000000000
00000000000000000000000000000000
00000000000000000000000000000000
00000000000000000000000000000000
00000000000000000000000000000000
00000000000000000000000000000000
00000000000000000000000000000000
00000000000000000000000000000000
00000000000000000000000000000000
00000000000000000000000000000000
00000000000000000000000000000000
00000000000000000000000000000000
00000000000000000000000000000000
00000000000000000000000000000000
00000000000000000000000000000000
00000000000000000000000000000000
00000000000000000000000000000000
00000000000000000000000000000000
00000000000000000000000000000000
00000000000000000000000000000000
00000000000000000000000000000000
00000000000000000000000000000000
00000000000000000000000000000000
00000000000000000000000000000000
00000000000000000000000000000000
00000000000000000000000000000000
00000000000000000000000000000000
00000000000000000000000000000000
00000000000000000000000000000000
00000000000000000000000000000000
00000000000000000000000000000000
00000000000000000000000000000000
00000000000000000000000000000000
00000000000000000000000000000000
00000000000000000000000000000000
00000000000000000000000000000000
00000000000000000000000000000000
00000000000000000000000000000000
00000000000000000000000000000000
00000000000000000000000000000000
00000000000000000000000000000000
00000000000000000000000000000000
00000000000000000000000000000000
00000000000000000000000000000000
00000000000000000000000000000000
00000000000000000000000000000000
00000000000000000000000000000000
00000000000000000000000000000000
00000000000000000000000000000000
00000000000000000000000000000000
00000000000000000000000000000000
00000000000000000000000000000000
00000000000000000000000000000000
00000000000000000000000000000000
00000000000000000000000000000000
00000000000000000000000000000000
00000000000000000000000000000000
00000000000000000000000000000000
00000000000000000000000000000000
00000000000000000000000000000000
00000000000000000000000000000000
00000000000000000000000000000000
00000000000000000000000000000000
00000000000000000000000000000000
00000000000000000000000000000000
00000000000000000000000000000000
00000000000000000000000000000000
00000000000000000000000000000000
00000000000000000000000000000000
00000000000000000000000000000000
00000000000000000000000000000000
00000000000000000000000000000000
00000000000000000000000000000000
00000000000000000000000000000000
00000000000000000000000000000000
00000000000000000000000000000000
00000000000000000000000000000000
00000000000000000000000000000000
00000000000000000000000000000000
00000000000000000000000000000000
00000000000000000000000000000000
00000000000000000000000000000000
00000000000000000000000000000000
00000000000000000000000000000000
00000000000000000000000000000000
00000000000000000000000000000000
00000000000000000000000000000000
00000000000000000000000000000000
00000000000000000000000000000000
00000000000000000000000000000000
00000000000000000000000000000000
00000000000000000000000000000000
00000000000000000000000000000000
00000000000000000000000000000000
00000000000000000000000000000000
00000000000000000000000000000000
00000000000000000000000000000000
00000000000000000000000000000000
00000000000000000000000000000000
00000000000000000000000000000000
00000000000000000000000000000000
00000000000000000000000000000000
00000000000000000000000000000000
00000000000000000000000000000000
00000000000000000000000000000000
00000000000000000000000000000000
00000000000000000000000000000000
00000000000000000000000000000000
00000000000000000000000000000000
00000000000000000000000000000000
00000000000000000000000000000000
00000000000000000000000000000000
00000000000000000000000000000000
00000000000000000000000000000000
00000000000000000000000000000000
00000000000000000000000000000000
00000000000000000000000000000000
00000000000000000000000000000000
00000000000000000000000000000000
00000000000000000000000000000000
00000000000000000000000000000000
00000000000000000000000000000000
00000000000000000000000000000000
00000000000000000000000000000000
00000000000000000000000000000000
00000000000000000000000000000000
00000000000000000000000000000000
00000000000000000000000000000000
00000000000000000000000000000000
00000000000000000000000000000000
00000000000000000000000000000000
00000000000000000000000000000000
00000000000000000000000000000000
00000000000000000000000000000000
00000000000000000000000000000000
00000000000000000000000000000000
00000000000000000000000000000000
00000000000000000000000000000000
00000000000000000000000000000000
00000000000000000000000000000000
00000000000000000000000000000000
00000000000000000000000000000000
00000000000000000000000000000000
00000000000000000000000000000000
00000000000000000000000000000000
00000000000000000000000000000000
00000000000000000000000000000000
00000000000000000000000000000000
00000000000000000000000000000000
00000000000000000000000000000000
00000000000000000000000000000000
00000000000000000000000000000000
00000000000000000000000000000000
00000000000000000000000000000000
00000000000000000000000000000000
00000000000000000000000000000000
00000000000000000000000000000000
00000000000000000000000000000000
00000000000000000000000000000000
00000000000000000000000000000000
00000000000000000000000000000000
00000000000000000000000000000000
00000000000000000000000000000000
00000000000000000000000000000000
00000000000000000000000000000000
00000000000000000000000000000000
00000000000000000000000000000000
00000000000000000000000000000000
00000000000000000000000000000000
00000000000000000000000000000000
00000000000000000000000000000000
00000000000000000000000000000000
00000000000000000000000000000000
00000000000000000000000000000000
00000000000000000000000000000000
00000000000000000000000000000000
00000000000000000000000000000000
00000000000000000000000000000000
00000000000000000000000000000000
00000000000000000000000000000000
00000000000000000000000000000000
00000000000000000000000000000000
00000000000000000000000000000000
00000000000000000000000000000000
00000000000000000000000000000000
00000000000000000000000000000000
00000000000000000000000000000000
00000000000000000000000000000000
00000000000000000000000000000000
00000000000000000000000000000000
00000000000000000000000000000000
00000000000000000000000000000000
00000000000000000000000000000000
00000000000000000000000000000000
00000000000000000000000000000000
00000000000000000000000000000000
00000000000000000000000000000000
00000000000000000000000000000000
00000000000000000000000000000000
00000000000000000000000000000000
00000000000000000000000000000000
00000000000000000000000000000000
00000000000000000000000000000000
00000000000000000000000000000000
00000000000000000000000000000000
00000000000000000000000000000000
00000000000000000000000000000000
00000000000000000000000000000000
00000000000000000000000000000000
00000000000000000000000000000000
00000000000000000000000000000000
00000000000000000000000000000000
00000000000000000000000000000000
00000000000000000000000000000000
00000000000000000000000000000000
00000000000000000000000000000000
00000000000000000000000000000000
00000000000000000000000000000000
00000000000000000000000000000000
00000000000000000000000000000000
00000000000000000000000000000000
00000000000000000000000000000000
00000000000000000000000000000000
00000000000000000000000000000000
00000000000000000000000000000000
00000000000000000000000000000000
00000000000000000000000000000000
00000000000000000000000000000000
00000000000000000000000000000000
00000000000000000000000000000000
00000000000000000000000000000000
00000000000000000000000000000000
00000000000000000000000000000000
00000000000000000000000000000000
00000000000000000000000000000000
00000000000000000000000000000000
00000000000000000000000000000000
00000000000000000000000000000000
00000000000000000000000000000000
00000000000000000000000000000000
00000000000000000000000000000000
00000000000000000000000000000000
00000000000000000000000000000000
00000000000000000000000000000000
00000000000000000000000000000000
00000000000000000000000000000000
00000000000000000000000000000000
00000000000000000000000000000000
00000000000000000000000000000000
00000000000000000000000000000000
00000000000000000000000000000000
00000000000000000000000000000000
00000000000000000000000000000000
00000000000000000000000000000000
00000000000000000000000000000000
00000000000000000000000000000000
00000000000000000000000000000000
00000000000000000000000000000000
00000000000000000000000000000000
00000000000000000000000000000000
00000000000000000000000000000000
00000000000000000000000000000000
00000000000000000000000000000000
aa0303f7aa0203f6aa0103f5aa0003f4
d50344ffd5033fdfd518c00010023f80
9253f800aa010000d5381000d2820141
1006fe211002fe40d5033fdfd5181000
91000000f000002094000c1ecb000021
94000c27cb0000219108002190000041
aa1603e2aa1503e1aa1403e094000ca0
94000c979400004794000043aa1703e3
a9bd7bfdd65f03c0d5181040d2a00600
94000a8df90013f5a90153f3910003fd
940008e8b50001f352800015f9400413
f9400c01f9400800f9400400aa0003f3
f940066094000a7bf9000c13b5000041
a8c37bfdf94013f5f9400800a94153f3
36100080b9400400f9400660d65f03c0
b940026052800035940008d135000055
2a0003e1340000c02a0003f494000b68
1400000d9400016191128000b0000020
37080162b9400422b9400260f9400661
b9400261340001002a0003f494000062
9400015491133c00b00000202a0003e2
940008d3b940026094000a552a1403e0
b00000202a0003e1340000a02a0003f4
17ffffcbf9400a7317ffffe99113d800
a8c17bfd940008a7910003fda9bf7bfd
91278021b0000021a9be7bfd140009a8
91149a73b0000033f9000bf3910003fd
b0000021aa1303e09400013aaa1303e0
9400095f97ffffae940001369127c821
aa1303e094000295aa0003f397ffffaf
d2800006d2800007aa1303e194000b58
d2800002d2800003d2800004d2800005
910003fda9ba7bfd94000bbcd2800080
f90013f5aa0103f4a90153f3910123e2
2a0003f394000a929100e3e1f9400435
f94027e1910103e2f9401fe035000360
f94023e0350002a02a0003f3940004b1
350001802a0003f3940004e9910143e1
b9401681b4000122f94023e0f9402be2
910163e3b9001282540001e8eb01005f
f94023e02a0003f3940004e5aa1503e1
f94013f594000494f9401fe0940004ea
d65f03c0a8c67bfda94153f32a1303e0
910003fda9bd7bfd17fffff612800353
f942c6c02a0003f5f0000036a9025bf5
f9400000b4000060aa0103f4a90153f3
97ffffc72a1503e0aa1403e1b5000160
52800013f9400680350002002a0003f3
aa1403e11400000b94000b60b9401281
34fffee02a0003f397ffffbd2a1503e0
d63f00202a1503e0f9400001f942c6c0
a94153f32a1303e0a9425bf534fffee0
910003fda9be7bfdd65f03c0a8c37bfd
9ba27c2152801702aa0203f3f9000bf3
f9400bf3d2800201aa1303e094000b49
d2801703d000002114000b44a8c27bfd
d2800001f9405022d0000021b9482024
12800000540000686b01009fd102e042
b8666846910004259b030c2614000007
d65f03c02a0103e0540000616b0000df
910003fda9bf7bfd17fffff4aa0503e1
52801702d000002137f800e097ffffea
d65f03c0a8c17bfd9b220400f9405021
b9482004d000002017fffffdd2800000
d2804083f0000022d0000020340002a4
f9001043f2a0020391008040f9405001
aa0103e3f90004015280000291020021
f9000423b818846511000442b8580025
f81580219102e021540000a06b02009f
d0000020d65f03c0d280000017fffff7
d0000020a9bf7bfd3400064ab948200a
52800000f940500b910003fdd2c00303
eb03005f925d0442f9401022aa0b03e1
f9000c4191026021f000002254000421
d2800008f2a00201d28040a1f0000027
9bac7c005280170c52800009f90008e1
b8606960910260288b000161aa0803e2
91008020f900050091002020b9009820
b9407820f9000c48b4000042f9000900
97ffff9f11000529540000a03100041f
a8c17bfd910040e054fffdc16b09015f
6b00015f9102e02111000400d65f03c0
d280000017ffffde5280000054fffb21
528002e0aa0003e7a9bf7bfdd65f03c0
f9400808b40000e097ffffa1910003fd
a8c17bfdb50000a7aa0903e7f94004e9
b94000e017fffffad2800008d65f03c0
11005800540002087100083f51000c01
eb0900fff9400801b40001a097ffff92
b500004254000141f9401002f94008e0
f9001408b5000041f9401401f9001001
17fffff4d280000117ffffe9f9400ce7
b5ffff22f9000c01b5000043f9400c03
d65f03c05ac0080017fffff7f9001008
2a0303f3a90153f3910003fda9bd7bfd
b400022094000da19100b3e3aa0403f4
540001e86b400a7fb9402fe0aa0003e2
52800000540000a1eb13003fd2800001
b8617840d65f03c0a8c37bfda94153f3
17fffff691000421b8217a8097ffffea
17fffff5128001c017fffff712800000
a9bd7bfd17ffffe252800023aa0303e4
aa0303f3f9000bf39100a3e4910003fd
37f800a097ffffdaf90017ff52800043
52800000f9000260aa008020294507e0
a9b67bfdd65f03c0a8c37bfdf9400bf3
a9068be1aa0003f4a90153f3910003fd
a9089be5b9481821a90793e3d0000021
540000e26b00003f39400000f9004fe7
a94153f39400041c9114c000b0000020
aa0003f394000a0ad65f03c0a8ca7bfd
a90403e0910283e03500020039400260
b9005be0128006e0f9002be0910183e0
a94507e0a90207e0a94407e0b9005fff
94000e2591000680910083e1a90307e0
17ffffed940001339100067317ffffeb
54000189f140403f528000009ba17c01
7100401f110004002a0003e2d2800023
1100444214000005528001e054000061
d65f03c054fffee8eb02003f9ac22062
910003fd2a0103e0a9bf7bfdaa0003e4
a8c17bfdb900048097ffffeb2a0203e1
910003fdaa0003e5a9bf7bfdd65f03c0
a8c17bfdb9000ca052800ec097fffff4
b9000420f9401821f0000021d65f03c0
f90018409100c041f0000022d65f03c0
3900242211000442d3586402b9400000
110004001100044212001000d3483402
f0000022d65f03c03900282039002022
b9011441b9011040f940184253020400
540000c1f000002671003c1fd65f03c0
1ac7200052800020394024079100c0c0
2a04780452800407f94018c651000400
b9010422d360fc42b90100229ba71821
b9011024b9010c23d360fc63b9010823
9100c001f0000020d65f03c0b9011425
910020005280000139402424f9401800
b9400002d65f03c0540000486b01009f
34000261360001221ac12442d3504c42
910003fda9bf7bfd9115c800b0000020
b9400002940009c0940000da97ffff77
2a030042d3504c429ac12063d2800023
d3504c63b9400003b900000312000c43
17ffffe51100042154ffffa16b03005f
f9401800d28000259100c003f0000020
d3504021b94008019100200239402464
b9400043d65f03c0540000486b01009f
12000c000a20006053107c639ac120a0
6b03001fd3504c63b9400043b9000040
320c8be317fffff21100042154ffffa1
12098042b9400002b9000003320983e4
b100043fd1000421540000c06b04005f
52800000d65f03c0128001e054ffff21
b9400001b9000001320c8be117fffffe
52800ac1aa01000053107c212a0103e0
6a00003f52800501540000c16a00003f
12800000d65f03c01a9f100012800080
72a00a0652800a06a9bf7bfd17fffffe
b9000002320a83e2b9000006910003fd
97ffffd8d2807d01b9000001aa0003e5
52800240b90000a0320c8be035000120
12800000540000e06a00003fb94000a1
b90000a132009fe1a8c17bfdb90000a6
17fffffa97ffffd7aa0503e0d65f03c0
910003fd72a00a0152800a01a9bf7bfd
52801a01b9000001320b83e1b9000001
aa0003e5d298d801b900000172a01a01
aa0503e03500006097ffffbaf2a005a1
b90000a132009fe1a8c17bfd97ffffc5
72a00a0152800a01a9bf7bfdd65f03c0
b9000001320b87e1b9000001910003fd
aa0003e5b900000172a01a0152801a01
aa0503e03500006097ffffa6d2807d01
b90000a132009fe1a8c17bfd97ffffb1
b5000061f9402021f0000021d65f03c0
54000060eb00003fd65f03c052800000
17fffffa5280002017fffffaf9400021
97fffff2910003fdaa0003e2a9bf7bfd
f9402001f0000020540000a07100041f
a8c17bfd52800020f9002002f9000041
9278dc422a0103e1f9400402d65f03c0
a9bd7bfdd65f03c0f9000402aa010042
f00000202a0003f5a9025bf5910003fd
f9402013912072d6d0000036a90153f3
2a1403e0a9425bf5b50000d312800ff4
f9400660d65f03c0a8c37bfda94153f3
f9400a6254000060ea00003fb94002c1
2a0003f4f94002732a1403e0b50000a2
f9400a625400012071002abf17fffff1
3102029fd63f00402a1503e0aa1303e1
3647ff0017fffff454fffe8d7a401280
36fffe80d63f0040528001a0aa1303e1
f9000bf3910003fda9be7bfd17fffff7
5a9f02607100001f97ffffd22a0003f3
a9be7bfdd65f03c0a8c27bfdf9400bf3
d0000034a90153f3910003fdf0000020
a94153f3b5000093f940201391207294
b9400281f9400660d65f03c0a8c27bfd
b4000061f9400e61540000a0ea00003f
17fffff3f9400273d63f0020aa1303e0
d53be002d65f03c0f9002420f0000021
d28848029b027c002a0003e0d53be021
d65f03c08b0100009ac20800f2a001e2
d65f03c01a9f27e0eb01001fd53be021
2a0003e4d65f03c02a2003e0d53be020
913300429000000291014060f0000023
913230219000000129010404f9002862
f9000c019132c02190000001f9000801
940006fc910003fda9bf7bfd17ffffe0
1b0284001ac20800528001422a0003e1
1ac2080072a001e052884800350001a0
1b0280631ac208241ac208031ac20821
a8c17bfd34ffff232a0400631b028484
17fffffc72a001e05288480017ffffdf
f9401000f9400400d65f03c052800060
a9be7bfdd65f03c052800000f9000020
aa0003f3f9000bf3910003fdf0000021
d2800601b4000061f9400c0191028020
f9400bf352800000f900067f940008d6
910003fda9bc7bfdd65f03c0a8c27bfd
aa0103f3f0000020aa0003f4a90153f3
f0000020f9404801aa0203f6a9025bf5
940001c6f9404c009100e3e2aa0303f5
f9400e8052800021f9400694350003c0
940001f3f9401fe08b000042b9400282
94000207f9401fe01280003334000120
a8c47bfda94153f32a1303e0a9425bf5
9100c3e3aa1303e1f9401fe0d65f03c0
35fffe402a0003f3940001f5aa1603e2
0b010000f90002a1b9400280f9401be1
17ffffed1280003317ffffedb9000280
34000060b94590c0aa0003e4f0000026
12800022f0000023d65f03c012800160
f100001ff94040609101c0e5f0000027
f90038e291000042b00000221a9f1040
b90590c252800022f90004a291020062
17ffffeef9000025f900406435fffe00
a90153f3910003fdaa0103e3a9bb7bfd
9102626191024282f0000033f0000034
9400075d2a0303e0f9400415f90013f5
2a1303e0f94013f512800033340000e0
f9404a81d65f03c0a8c57bfda94153f3
35fffec094000177f9404e609100c3e2
d2800202910103e19100e3e3f9401be0
b94043e1350001402a0003f3940001b6
540001016b00003f72b54c8052800020
790012a0b9404fe0340000c0b94047e0
1280003317ffffe4940001b1f9401be0
a9025bf5910003fda9ba7bfd17fffffc
a90153f391028335f0000039f90023f9
f0000020b5000600f9400ea0a90363f7
f9404801910143e2aa0203f6aa0103f8
350005209400014ff9404c00f0000020
9400017f52800021d2800202f9402be0
9102a294b0000037f000003435000300
aa1403e1910163e3f9402be0912842f7
350001c02a0003f394000185d2800502
94000b8ad2800202aa1403e0aa1803e1
aa1403e0aa1703e1340002a02a0003f3
f9000ebf35fffde094000b84d2800202
a9425bf59400017cf9402be012800033
f94023f9a94363f7a94153f32a1303e0
17fffff8128002d3d65f03c0a8c67bfd
f90006d5b900a33f17fffff612800033
f9004c3ff9400400d000002117fffff1
f9404022d0000021f900483fd0000021
a9bf7bfd54000181eb01005ff9400001
d000002194000810910003fdd2800201
b905902051000400b9459020a8c17bfd
d65f03c012800020d65f03c052800000
aa0003f3f9000bf3910003fda9be7bfd
35000080940000e59101c000d0000020
f9400bf3f90002619101202190000021
d65f03c052800040d65f03c0a8c27bfd
52800000f900002091000000b0000020
d0000024d65f03c052800000d65f03c0
5280002535000100b940d08091034083
f9000c61a900fc64a9400424b900d085
17fffffe12800160d65f03c0f9000443
f9000802f9400400540000a17100043f
17fffffe12800020d65f03c052800000
52800000f9000020f9400c00f9400400
910003fdd2800401a9bf7bfdd65f03c0
940007cf91034000d0000020f900041f
a9bd7bfdd65f03c0a8c17bfd52800000
f9400415aa0303f6a9025bf5910003fd
8b000260a940cea0aa0203f4a90153f3
f9000ab38b140273f90002d494000b22
a8c37bfda9425bf5a94153f352800000
aa0103e0aa0003e4a9bd7bfdd65f03c0
f9400495aa0303f6a9025bf5910003fd
8b010261a940cea1aa0203f4a90153f3
f9000ab38b140273f90002d494000b0e
a8c37bfda9425bf5a94153f352800000
f9000bf3910003fda9be7bfdd65f03c0
9400008491000000b0000020aa0003f3
f9000261910260219000002135000080
52800020d65f03c0a8c27bfdf9400bf3
f900002091004000b0000020d65f03c0
910003fda9bf7bfdd65f03c052800000
a8c17bfdf100001f9400024ef9400400
a9bd7bfdd65f03c01a9fb00012800020
aa0303f4a90153f3f9400400910003fd
f90017f39100a3e1aa0103e2aa0203f3
12800020f94017e1f100001f9400022a
a94153f3f9000293cb0102731a9f1000
910003fda9bd7bfdd65f03c0a8c37bfd
f90017e2aa0303f3f9000bf3f9400400
b7f800e0940001fd9100a3e1aa0103e2
f9400bf352800000f9000260f94017e0
17fffffc12800020d65f03c0a8c37bfd
f9000bf3f9400400910003fda9be7bfd
f9000260b7f800c094000226aa0103f3
d65f03c0a8c27bfdf9400bf352800000
aa0203e1a9bf7bfd17fffffc12800020
f100001f940001d3f9400400910003fd
d65f03c01a9f100012800020a8c17bfd
f9400000910003fda9be7bfdaa0103e0
940001bcaa0203f3f9000bf3b9400821
52800000f9000660540000cdf100001f
12800020d65f03c0a8c27bfdf9400bf3
f9000bf3910003fda9be7bfd17fffffc
9400001891004000b0000020aa0003f3
f90002619103a0219000002135000080
d0000022d65f03c0a8c27bfdf9400bf3
eb03001ff8617843d28000019103c042
54ffff61f100103f91000421540000a0
b9459820d0000021f821585fd65f03c0
d000002117fffffab905982051000400
11000400540000a87100081fb9459420
12800160d65f03c052800000b9059420
aa0203e1aa0103e0aa0003e317fffffe
f9400002d61f0200aa0303f0f9400063
d61f0200aa0203f0b4000062f9401c42
f9402021f9400001d65f03c052800000
52800000d61f0200aa0103f0b4000061
910003fdd0000025a9bc7bfdd65f03c0
a9025bf5b94598a0aa0003f3a90153f3
d00000245400050871000c1ff9001bf7
f8637882d28000039103c084aa0203f6
54ffff81f100107f91000463b40003a2
d0000035d37c7c771280002252800003
b90598a08b1502f411000400910442b5
aa1403e2f9400260350002e2f8235894
2a0003e4d63f0060aa1303e0f9400403
a94153f3f90002d4f8376ab335000160
a8c47bfdf9401bf7a9425bf52a0403e0
aa1403e017ffffe852800002d65f03c0
17fffff41280016417fffff697ffffa3
f9400063f940000317fffff212800024
d61f0200aa0303f0b4000063f9400863
f9400042f9400002d65f03c012800240
d61f0200aa0203f0b4000062f9400c42
f9400084f9400004d65f03c012800240
d61f0200aa0403f0b4000064f9401084
910003fda9be7bfdd65f03c012800240
f9000bf3f9401821f9400021f9400001
2a0003e4d63f0020b4000121aa0003f3
2a0403e0f9400bf397ffff7aaa1303e0
17fffff952800004d65f03c0a8c27bfd
340002a2540002c07a401824f100001f
32190042b9400c021ac20821531c6c42
d3483c21b900000212001c22b9000c02
b9000c0112187821b9400c01b9000401
b9400801b9000c0132000421b9400c01
d65f03c052800020b900080132000021
b94014009100500117fffffe52800000
d65f03c0540000417101801f121b0400
2a0003e3a9bf7bfd17fffffbb9400020
540000a17100281f910003fdaa0103e2
b9000040528001a097fffff1aa0103e0
2a0303e0a8c17bfd97ffffedaa0203e0
39400000aa0003e4d65f03c0b9000043
910003fda9bf7bfdd65f03c035000040
3940008097ffffe8d2a1800191000484
a9bf7bfdd65f03c0a8c17bfd35ffff80
9116900090000020b50000e3910003fd
d65f03c0a8c17bfd5280000097ffffee
a8c17bfd34ffff6097ffffb7f9001060
90000000f9000860911f600090000000
f9000460d28000a0f9000c60911f8000
17ffffcbf940102117fffccfaa0303e0
910003fda9bd7bfd17ffffc1f9401000
a9025bf5aa0103e0aa0003f4a90153f3
90000020340002c094000702aa0103f5
97fffd0497fffba191175c00aa1403e1
94000b22aa1403e1f9400260940005ea
d63f0020aa1503e0f9400a61350000a0
54fffec1eb16027f9100627335fffee0
d65f03c0a8c37bfda9425bf5a94153f3
913302d69132a2739000003690000033
f9400ca4910080c5b000002617fffff6
54000149eb07011f91000488f94004a7
a9bf7bfd9117fc0090000020cb0400e2
97fffce097fffb7d910003fdd2800021
f94008a7f9000ca8f94010c6940005c6
29010cc2f82468e08b0400e69b067c84
d0000021a9ba7bfdd65f03c0f90008c1
aa0003f4a90153f3b9415c21910003fd
35000181f90023f9a90363f7a9025bf5
aa022022394014025280040339401001
aa02602239401c02aa01404139401801
9000003397ffffd35ac0084292800001
12800001aa1403e0aa1303e29118f673
aa1303e136f801a02a0003f69400091b
97fffb5091196000900000202a1603f3
a94363f7a94153f32a1303e0a9425bf5
2a0003e1d65f03c0a8c67bfdf94023f9
940007a590000038aa1403e090000037
36f80133911af7182a0003f3911b4ef7
528014812a1603e2540006803100067f
17ffffe997fffb39911b800090000020
aa1403e02a1303e1aa1703e2910163e3
9000002036f800c02a0003f597fffb23
17ffffdd97fffb2d911a04002a1503f3
2a1303e1aa1803e2910143e3f9402ff9
37fffe802a0003f597fffb13aa1403e0
90000022aa1403e02a1303e1910153e3
37fffd802a0003f597fffb0b911b1842
90000022aa1403e0910163e32a1303e1
7100001f294a0fe297fffb06911b2442
97ffff86da9f0021aa1903e0f9402fe1
2a0003f39400077baa1403e02a1303e1
d000002117ffffba5280001317ffffcb
b9400c23528000002a0003e291054021
9100602111000400540000c06b02007f
d65f03c01280000054ffff417100181f
7100181f97fffff1910003fda9bf7bfd
a8c17bfd5280030191054042d0000022
a9bd7bfdd65f03c09a9f30209ba10801
910063e194000a7ea90187e0910003fd
a8c37bfd940005c5d2800020f90017e0
a90107e0910003fda9be7bfdd65f03c0
b6f800c0940005bdd2800140910043e1
a8c27bfd940005b9d2800260d2800001
f100003f17fffffdd2800000d65f03c0
d65f03c0928002a0540000e1fa401844
d65f03c0a8c47bfdf9400bf3928002a0
aa0103f3f9000bf3910003fda9bc7bfd
f9001fe0f94002609100a3e1a9028be0
eb00003ff9400261940005a2d28000c0
d2800000cb00002154fffe0954fffe00
fa401844f100003f17ffffecf9000261
a9bc7bfdd65f03c0928002a054000061
a9028be0aa0103f3f9000bf3910003fd
d28000a0f9001fe0f94002609100a3e1
928002a0b4000040f90002609400058b
a9be7bfdd65f03c0a8c47bfdf9400bf3
d2800040f9000fe0910063e1910003fd
a9be7bfdd65f03c0a8c27bfd9400057f
d2800180f9000fe0910063e1910003fd
a9bd7bfdd65f03c0a8c27bfd94000577
aa0103f4aa0003f3a90153f3910003fd
540000a1eb1402bfd2800015f90013f5
d65f03c0a8c37bfdf94013f5a94153f3
94000521f8410660910006b5f9400661
1a9f17e07100401f121c040017fffff6
54000141f2540c1fd65f03c0531b6800
54000141f258041f54000141f256041f
9a9f07e0f2600c1f54000141f25c0c1f
d280008017fffffed28000a0d65f03c0
d280004017fffffad280006017fffffc
d2e00c00d2e008017100041f17fffff8
53020c00d5384240d65f03c09a801020
dac00087a9bf7bfd91000484d65f03c0
52800804aa0003e6dac010e7910003fd
5286a001370800614b070084aa0303e0
aa00808393407c8497ffffd92a010084
aa000021b2690063d2b01000aa004081
a8c17bfd9a831021d2801fe0710004bf
d65f03c0f90008c2a90004c0f2a00880
1400016591010000b0000020aa0003e1
7100041f97ffffdc910003fda9bf7bfd
110008011a9f07e07100081f54000120
a8c17bfdb900580191010000b0000020
b000002217fffffa2a0003e114000167
528000252a0003e1a9be7bfd91010042
f9401842f9402043f9400444910003fd
91140000d00000202a0003f3f9000bf3
a8c27bfdf9400bf32a1303e097ffffc5
910003fd71000c7fa9bc7bfd14000505
a9025bf5d27d02932a0103f4a90153f3
d28000762a0103e0d3430e73aa0003f5
97ffff92aa0203f7f9001bf79a9f06d6
aa160021aa131ef3b9405aa02a0003e1
b2760261540001a17100041faa010273
9a811273aa020273d2808802f279029f
aa00027397ffff9b5400012172000a95
d280880114000012aa000273d2804080
6a01029f5280090117fffff7aa010273
71000abfaa00027397ffff9054000060
540000a0710c029f12180694540001c1
9a801273b27806737108029fb2770260
f9401bf7a94153f3aa1303e0a9425bf5
17ffffe6d2804100d65f03c0a8c47bfd
12800114a90153f3910003fda9b97bfd
f9400421aa0103fca90573fb1b147cb4
9ad422b5d2800035a9025bf511009e94
8a010000cb1503e0aa0003f8a90363f7
cb0200139a828000f9400b96eb02003f
9ad42673a9046bf98b160036aa0003f7
8b334c73290c93f3d10006d62a0503fa
6b02003f294c8be1b9006fe1110004a1
f9400b818b0002b9a940178254000362
120004648b0100a1f9400263d100073b
eb01037f540006c8eb1700bfd1000421
71000f5f8b000042cb05004254000688
b94067e05400078171000c9f540001a1
b90067e011000400910022738b1502f7
d100040054fffc88eb1902dfaa1903e0
35fffe84540004e071000c9f1400001d
540000a1ea21005f9ad4202192800001
b50004e19ad42421f94013813400009a
b9002f0211000422f9401303b9402f01
b240046154000160ab01006393747c21
aa1803e011000745aa0003e2f9000261
eb00037f97ffffaa52804004aa1c03e1
a94363f7a9425bf5a94153f354fffb60
d65f03c0a8c77bfda94573fba9446bf9
54fffa08eb0102ff54000069eb1b00bf
92748c63aa0003e2b9406fe534fffc84
97ffff9552804004aa1803e0aa1c03e1
2a1a03e3b9401b8117ffffebeb1b001f
17ffffc0f900026097ffff54aa1803e0
a90153f3f9400824910003fda9bc7bfd
a9400025aa0003f3f9400802b9401809
aa0103f6b4000924f9001bf7a9025bf5
f2402c1f54000dc1f2402cbff9401021
f148003f54000e81f2402c9f54000e81
f140043f54000060fa431024d2a80003
d10006b58b00008a8b0400b554000e01
54000d68fa549002eb1500bfd1000554
f940026154000d08eb01029ff9400661
9b2109295280050154000ca8eb0102bf
cb05000baa0203e6b5000c61f85e8121
a9409423aa0203e1b5000563f94008c3
d10004638b0300a39100a021aa0103e0
a9408403b5ffff2554000042eb14007f
eb03015f8b0300239100a000aa0003f7
54ffff08eb01009fb400006154000081
54000963eb09005fb4000061f9400841
aa1603e194000730aa1703e1cb170042
f940226094000724d2800502aa1703e0
f9402660f900227554000042eb15001f
a94153f3f900267454000042eb14001f
d65f03c0a8c47bfdf9401bf7a9425bf5
eb01001fd10004e78b030027a94004c8
eb01001f54000069eb07029f540001c3
540000a1eb0b011fcb08002854000181
54000221eb03009f54000261eb01001f
54fffec2eb07029f1400001412800001
d10004638b08006354000463eb0802bf
540000e3eb01029f1a9f97e3eb0300bf
54fffe206a01007f1a9f97e1eb07001f
17fffffb5280002117ffffb39100a0c6
a9425bf5f0000000a94153f3128002c1
17fff8f4a8c47bfdf9401bf7911c4c00
17fffff61280030117fffff8128002e1
17fffff21280042117fffff4128002a1
17ffffb19100a04217fffff012800161
17ffffe15280002354fffce3eb01029f
aa0003f4a90153f3910003fda9be7bfd
a94153f3b5000080f9401260aa0103f3
aa1403e0aa1303e1d65f03c0a8c27bfd
a9bd7bfd17fffff797ffff5f9100a273
f9400814aa0003f3a90153f3910003fd
9400002caa1403e0d2800015f90013f5
9400035fd37df021b9403a61f9401a60
f9400a805400014c6b15001fb9402a60
f94013f53901526052800020b50001c0
1400001da8c37bfda94153f3aa1303e0
910006b58b153000d2820001f9401260
aa1403e1f9401a6317ffffef9400034e
aa1303e0b9405265d2800002b9403a64
d10004428b030022a9408e8197fffec4
f0000000f940028254000100eb00005f
97fffa0897fff8a5911cf800b9401a84
d65f03c017ffffdd9100a294940002ee
940000b6910003fda9bf7bfdd65f03c0
910003fda9bf7bfd14000035a8c17bfd
a9be7bfd14000038a8c17bfd940000c3
aa0003f39400019fa90153f3910003fd
52800400aa0003f497fff7d952800060
528000a0f9002280b940000097fffd90
97fffd89528002e0aa0003f497fff7d2
a94153f3aa1303e0f9002280f9400800
910003fda9bd7bfdd65f03c0a8c27bfd
71005c1ff90013f52a0003f3a90153f3
2a1303e0aa0003f597fff7c1540001a1
f9400800aa0003f4f940000197fffd78
b9401aa1f9400a8094000665b9401aa2
a94153f32a1303e0f94013f5940002e5
d2800341d53800a0140000f0a8c37bfd
b00000219a810000d2800240f268001f
a9bf7bfd17fff9f7d65f03c0f9028c20
52800022d294000097fff9be910003fd
d503207f97fff8972a0203e1f2a18000
f9000bf3910003fda9be7bfd17ffffff
9400029797fff9b136f80060940001a9
37ffff6097fffba79114a260b0000033
91148042d2800001b0000022f9429660
a8c27bfdf9400bf337fffea097fffbc9
f9001bf7910003fda9bb7bfdd65f03c0
f94292e02a0003f4a90153f3b0000037
d2800001aa0203f5aa0103f6a9025bf5
f0000000350001e02a0003f397fffbbf
f94292e0910123e28b3450149108c000
350000c02a0003f397fffbc4aa1403e1
f90002c0f94292e097fffc0df94027e0
a94153f32a1303e0a9425bf5f90002b4
a9b37bfdd65f03c0a8c57bfdf9401bf7
910093e0910003fdd280158252800001
f2c00101d2b00001d2bfe000940007af
52800060f9000fe0b2407fe0f9000be0
d2b00000b90023e0b2408fe1f90023e1
12a02000f90017e0d2c01101f90027e1
52906060f9001be0b2409fe1f9002fe1
f9003be172b06060d2c11001f90033e1
b9006fe0b90057e0b9003fe0b240afe1
b9009fe0b90087e0d2d10001f9003fe1
92ffffe1f90047e1b0000020b900b7e0
f2e00101d2d00001f9004be1f9428c00
36100080f90057e192fffe01f90053e1
a8cd7bfd940001b5d2a54940910043e1
a90153f3910003fda9be7bfdd65f03c0
b00000209400007caa0003f4aa0103f3
91000001b0000020f9029814f9400262
f9000420a94153f3f9400660f9000002
a9bf7bfd1400008917ffff84a8c27bfd
1400018da8c17bfd97ffffb6910003fd
910003fd52800001d2801582a9b27bfd
91000001b0000020940007629100d3e0
a90183e0f940000052800143d2a80002
f90017e091000021d0ffffe1f9400420
f9002be0cb01000091000000f0000000
91000021f0000001a90407e152800040
cb0100009100000090000020b9005be0
d2820000b90083e052800840f9003fe0
d2840000a90903e0f2b08000b90033e3
f90047e2a90687e1f90033e2f9001fe2
94000039f9005be2b900abe3f90053e0
52800000940001a4910063e0aa0003e1
d65f03c0a8ce7bfd9400002997fffd67
b000002097ffffca910003fda9bf7bfd
97fffbe7911c0400f0000000f9429801
f9400001a8c17bfd97fffc9752800300
a9be7bfd17fffbe091209800f0000000
97fff6d32a0003f4a90153f3910003fd
7100169f540000e07100129faa0003f3
a8c27bfd52800000a94153f354000100
17fffffab90032609400000ad65f03c0
94000006f9001e6092403c00d53800a0
52800000d65f03c017ffffea17fffffa
52807821f2780c1fd5380400d65f03c0
d65f03c02a000820110004001a9f07e0
529c2000d65f03c09103c000f0000000
d2a18000a9be7bfdd65f03c072a0bea0
9114e273b0000033f9000bf3910003fd
528bc201540001c0eb00003ff9401261
97fffb9072a00be152838402aa1303e3
aa1303e0940001a097fff8ba35000060
17fff87aa8c27bfdf9400bf352800021
a9ba7bfdd65f03c0a8c27bfdf9400bf3
a90363f7910003fdf2c00320d28002e0
d2800360f9002be0910143f79285fff8
a9025bf5a90153f3f2af7ff8f2c00340
f9002fe0528004f9a9046bf9d2800015
aa0003f397fff6842a1603e0b8757af6
b40004c097fffc3a2a1603e0b4000520
540003a071005edfb940081af9400014
8b180280540000c2ab1400002a1a03e0
1400001a2a1603f954000268f140f41f
92800001940006969120b000f0000000
aa1403e19400069291222800f0000000
2a1a03e19400068e91227400f0000000
17ffffef9400068a9122bc00f0000000
54fffd69eb00029ff2b08000d281ffe0
b9000e60121e7800f9000a74b9400e60
54fffa21f10012bf910006b5b9001e7a
f00000002a1903e1540000e071009f3f
9400014f97fff86997fff70691230000
a9446bf9a94363f7a9425bf5a94153f3
910003fda9bf7bfdd65f03c0a8c67bfd
90000020f942b002b000002097fffe9f
17fff61ff940500090000020b9482001
d285000390000020a9be7bfd17fff64a
a90153f352801700b9482002910003fd
9ba07c42f9405281f2b0800390000034
aa0303e0f902b2608b030040b0000033
aa0003e197fff651f9005280940004da
f942b260940004d4d2800202f942b260
a8c27bfda94153f3f942b26097fff681
910003fdd2800001a9bc7bfdd65f03c0
aa0003f4a90153f3b0000035f90013f5
350001202a0003f397fffa5af942bea0
97fffa62aa1403e19100e3e2f942bea0
97fffaabf9401fe0350000602a0003f3
a8c47bfda94153f32a1303e0f94013f5
910003fdd2800001a9bc7bfdd65f03c0
aa0003f4a90153f3b0000035f90013f5
350001202a0003f397fffa42f942b6a0
97fffa4aaa1403e19100e3e2f942b6a0
97fffa93f9401fe0350000602a0003f3
a8c47bfda94153f32a1303e0f94013f5
a90153f3910003fda9be7bfdd65f03c0
37f8024097fff93291160280b0000034
37f801c097fff98f9115c260b0000033
9115e042d2800001b0000022f942c280
b0000022f942ba6037f8010097fffa1d
d2800001a8c27bfd9115a042a94153f3
d65f03c0a8c27bfda94153f317fffa15
2a0003f6a9025bf5910003fda9bc7bfd
9b007ed6aa1603f3a90153f3d2800300
8b1602f8911182f790000037a90363f7
d63f0020a9408700aa0203f5aa0103f4
a9425bf5aa1503e2a94363f734000120
a8c47bfda94153f32a1303e0aa1403e1
f8766ae1f90002a1f940070117fffe35
f9000281a94363f7f9400021a9425bf5
d2a0ff81d65f03c0a8c47bfda94153f3
b90000011a9f17e17100043fb9400021
7100001fa9be7bfdd65f03c052800000
9a9f07f42a0003f3a90153f3910003fd
f00000003400010097fff758d2a0ff80
a94153f31280000097fff65691236400
d2a0ff80340000f3d65f03c0a8c27bfd
9123f400f00000003400008097fff738
97fff716d2a0ff80aa1403e117fffff5
17ffffee9124c000f000000034fffe60
97ffffd8910073e0910003fda9be7bfd
90000020d280004134000100b9401fe0
52800000a8c27bfd97fffba291110000
a9b87bfdd65f03c0a8c27bfd17ffffd6
aa0003f4a90153f3910003fdd2800982
940005c4528000019100d3e0aa0103f3
f90017e0b2407fe0f90013e0d2bfe000
f9001fe0d2b00000b90033e052800060
d2b0000152906060f90023e012a02000
b90067e0b9004fe0f2c0010172b06060
f9002fe1b2408fe1f9002be1aa1403e0
910083f3b500005397fff6af97fff665
97fff66c528000005280000152800034
97fff65652800020b50000c2f9400262
f940066317fff680a8c87bfda94153f3
1100069452800020294216642a1403e1
d65f03c017fffff297fff66491006273
910003fda9bd7bfdd65f03c052800000
a9025bf5aa0003f3aa0003f4a90153f3
f9400a62912566d6aa0103f5f0000016
aa1503e097fffba6aa1403e0b5000122
a8c37bfda9425bf5a94153f397fffba4
b9401a63aa1603e0f940066117fffba4
17fffff0940005568b0200229100a273
528001411a819000528007817100f01f
f00000011ac108001a8120006b01001f
d65f03c0f86078205100040091110021
97ffffd4d50e871f940000b0aa0003f4
a9449e86d51e4001d51e4020a9408680
d69f03e0a9418680a9428e82a9439684
38401480aa1e03e3d5033fdfd503379f
d65f006017fffffd940000cfb4000060
9ac52480d10010a5aa1e03e3d2800805
91009c0054000043f100281f92400c00
d65f0060b5ffff05940000c39100c000
940000b6aa1e03e6140000bfd2800140
aa0603e497ffffe8100165e4b4000100
940000b897fffff697ffffebd1001084
34000261b4000280140000b9aa0603fe
0a24006352800024b940300334000242
53067c411ac20822531e7421b9003003
52800e01b900280112001441b9002401
b900300152806021b900041fb9002c01
d65f03c02a1f03e0d65f03c052800020
372fffe2b9401822540000a17100281f
372fffe2b9401822b9000022528001a2
371fffe1b9401801d65f03c0b9000020
d3504c63d53b0023b40001a1d65f03c0
d10004438b0100019ac32042d2800082
eb01001f8b020000d50b7e208a230000
b40001a1d65f03c0d5033f9f54ffffa3
9ac32042d2800082d3504c63d53b0023
d50876208a230000d10004438b010001
d5033f9f54ffffa3eb01001f8b020000
140000308b010002d4000003d65f03c0
d2800085d3400c63d53b00e38b010002
d100046154000523eb03003f9ac320a3
91000484aa01000454000260ea01001f
f2400c1f54000428eb02009fb4000464
b4000385910004a5b2400c05540000e0
eb04001f54ffffc1eb05001f3800141f
54ffffc3eb04001fa8817c1f54000082
d50b7420540000a2eb04001f8a210044
927cec4454ffffa3eb04001f8b030000
eb04001fa8817c1f54000082eb04001f
3800141f54000080eb02001f54ffffc3
f2400c1fd65f03c054ffffc1eb02001f
b4fffec491000484b2400c0454fffe60
eb04001f3800141f54fffe82eb02009f
d53e1000d28000a117ffffea54ffffc1
d5033f9fd5033fdfd51e10008a210000
d45e000017fffff9d28200a1d65f03c0
aa0003e7aa1e03f1d508871fd65f03c0
d518a201f94000019114000090000020
d5182003f9400803d5182042f9400402
d2800085d5381004d5033fdfd5033b9f
f24000ff927df885aa050084f2a00105
d5033fdfaa1103e0d51810049a8410a4
d342fc21d5384241d65f03c0aa1103fe
aa020000d2800002d37df000d37ff821
b900002091002021d2a38021aa010000
d286c001f2a18000d2820000d65f03c0
17ffff4ff2a00022d2984002f2a02dc1
d282000017ffff62f2a18001d2820001
17ffffffd503207f17ffff69f2a18000
d65f03c09100001f91390000f0000000
39400801aa0220223940040239400001
5ac00800aa006020aa01404139400c00
91001000aa0003e4a9bf7bfdd65f03c0
540003e1f240089f97fffff3910003fd
529fdda197ffffeeaa0403e02a0003e3
91005080540001616b01001f72ba01a1
91006080540000a97100041f97ffffe8
12800120540001497100441f97ffffe4
6b01001f72a5fe41528022411400000c
3400016097ffffda9100908054000181
1a809060128000e06b00007f321f77e0
17fffffd12800240d65f03c0a8c17bfd
17fffff9128000c017fffffb12800100
540001007100081f540001097100041f
9a818000d2800500d28004817100401f
d280040017fffffed2800380d65f03c0
910003fd91005000a9bf7bfd17fffffc
f240081f17ffffeea8c17bfd97ffffbc
910003fdaa0003e3a9bf7bfd540008a1
6b01001f72ba01a1529fdda197ffffb4
2a0003e597ffffae91005060540007e1
97ffffa991006060540007897100041f
540006c36b0000bf540007087100441f
91001060aa0003e697ffffe4aa0303e0
540001c8eb2040df2a0003e497ffffa0
6b00009f97ffff9a9100406037f801a0
91002060710040bf540001087a4020c2
7a4020c26b00009f97ffff93540000e8
97ffff8d14000019128000e0540001c9
54ffff437a4090802a0003e56b0000df
54fffec22b0000a597ffff8791009060
97ffff819100306054fffe836b05009f
54fffdc37a4090802a0003e56b0000df
54fffd422b0000a597ffff7b91008060
a8c17bfd1a9f3000128000e06b05009f
12800100d65f03c012800240d65f03c0
a9bf7bfd17fffff91280012017fffffb
2a0203e6910003fdaa0003e393407c24
2b0400002a0003e597ffff6791002000
2b060007350000e137f801041a9f37e1
6b0000ff97ffff5e91001060540000a2
910050601400000dd280000054000069
2b060086540000e97100401f97ffff58
6b0000df97ffff529100906054ffff22
a8c17bfd8b0500608b25408554fffea8
128000e2aa0203eaa9bf7bfdd65f03c0
2a0103ebaa0003e9b9000142910003fd
b9400000b400022097ffffd652800082
5ac0080c11001168b900014112800141
71000d9f540004606b01001f52a06001
540001a06b01001f52a0200154000168
5280012c540002406b01001f52a04001
52a08001d65f03c0a8c17bfd2a0c03e0
17fffff652a12001540001606b01001f
0b020108aa0903e0528000222a0803e1
35ffff2039400000b4fffe4097ffffb7
97ffffb0aa0903e02a0b03e14b0b0102
b9000148121e750811000d08b4fffd60
52800082aa0903e02a0803e117ffffe8
321f77e0b9400003b4fffc4097ffffa7
54fffb887a4030822b0800645ac00863
71003c1f97ffff0a9100512011002088
4b03010354fffcc971001c7f54fffd08
17ffffe11100308854fffc60f240087f
36f80081b9001fe1910003fda9be7bfd
2a0103e2d65f03c0a8c27bfd12800060
97ffffaa910073e254ffff61f240045f
17fffff6b9401fe054fffee17100041f
36f80081b9001fe1910003fda9be7bfd
2a0103e2d65f03c0a8c27bfd12800060
97ffff9a910073e254ffff61f240045f
17fffff6b9401fe054fffee171000c1f
910003fdaa0203eeaa0003efa9be7bfd
b9001fe097ffffda37f800a1b9001fff
910073e2b9401fed37f802002a0003ed
7100081f97ffff872a0d03e1aa0f03e0
7100041f540002207100241f54000180
11000400b94001c0b400008e54fffec1
d65f03c0a8c27bfd2a0d03e0b90001c0
b90001c151000421b94001c1b4fffdce
b9401fed17fffff7b9401fed36fffd41
f10001df54fffe61310021bf36f800cd
17ffffee1280000d17fffff05a9f11ad
b9001fff910073e2910003fda9be7bfd
7100043fb9401fe137f800c097ffffd0
12800000d65f03c0a8c27bfd5a9f0000
52800020aa0003f2a9be7bfd17fffffd
aa1203e0910073e2b9001fe0910003fd
b9401fe037f801202a0003e197ffffc0
54fffee17100041f540000cd7100001f
12800001d65f03c0a8c27bfd2a0103e0
aa022022394004023940000117fffffc
aa006020aa01404139400c0039400801
910003fda9bd7bfdd65f03c05ac00800
9100b3e22a0103f3aa0003f4a90153f3
71000c1f97ffff37aa1403e02a1303e1
540001017100241fb9402ff3540000e0
2a1303e01a80b273128001407100027f
7100101fd65f03c0a8c37bfda94153f3
5ac0080017fffff91280001354fffde0
a90153f3910003fda9bd7bfdd65f03c0
93407c35f90013f5aa0203f4aa0003f3
b9000280b400005436f8012097ffff78
a94153f3aa1303e0f94013f5d2800013
97ffffca91002260d65f03c0a8c37bfd
b9400660b4fffef48b0002738b2042a0
a9bd7bfd17fffff3b900028097ffffe7
aa0203f4aa0003f3a90153f3910003fd
2a0003e397fffe572a0103f5f90013f5
0b15000497ffffb79100326037f806e0
97ffffb2aa1303e0540006a96b04007f
4b04006372ba01a14b040066529fdda1
9100526037f80595540003616b01001f
91008260540001097100401f97ffffa9
4b150003540004826b0002bf97ffffa5
aa0303e28b2442731a8690636b06007f
b40003a0940000f852800001aa1303e0
f94013f5b9000280cb130000b4000074
d65f03c0a8c37bfda94153f3aa1303e0
540001616b01001f72a5fe4152802241
97ffff8a9100826036f801b54b1503e5
54fffce96b0500df540001236b05001f
b50000f41280018317ffffe593407ca3
17fffffc1280006317ffffead2800013
17fffff9b900028317fffffa128000e3
aa0003f3f9000bf3910003fda9be7bfd
aa1303e02a0003e137f800c097ffff08
f9400bf317ffff78a8c27bfdf9400bf3
910003fda9be7bfdd65f03c0a8c27bfd
37f800c097ffff0aaa0003f3f9000bf3
a8c27bfdf9400bf3aa1303e02a0003e1
d65f03c0a8c27bfdf9400bf317ffff6a
93407c7aa9046bf9910003fda9ba7bfd
aa0003f6a9025bf5a90153f3aa0203f9
aa0503f8aa1a03f7a90363f7aa0403f5
b50004f536f800802a0003f397ffffd8
2a1303e1aa1503e214000016d2800014
b40003a0aa0003f497ffff6caa1603e0
2a0003e197ffff65910173e2b9400800
b9405fe1b400020097ffff7eaa1603e0
aa1903e1aa1a03e2540001a16b0102ff
a9425bf5b500019835000120940000a1
a9446bf9a94363f7a94153f3aa1403e0
aa1603e02a1303e1d65f03c0a8c67bfd
17fffff4b900031317ffffdc97ffffc2
17ffffd9b90002b317ffffda12800193
f9000bf39100b3e5910003fda9bd7bfd
b40001c0aa0003e397ffffc3aa0003f3
540001c871003c1f97ffff1c91005260
54000140f240081f91003000b9802fe0
540000c971001c1f97ffff36b9400460
a8c37bfdaa0303e0f9400bf391004063
a9bd7bfd17fffffb91003063d65f03c0
aa0203f3aa0003f4a90153f3910003fd
2a0103f5aa0303f6a9025bf5aa0203e0
aa1303e22a0003e3aa1603e494000210
a94153f3aa1403e0a9425bf52a1503e1
910003fda9bc7bfd17ffffd3a8c37bfd
aa0003f5a9025bf52a0103f3a90153f3
940001fdaa0203f7f9001bf7aa0203e0
6b16027f93407e942a0003f611000414
aa1403e214000011528000005400006a
340001609400004baa1703e0aa1503e1
9400003b52800001aa1503e093407e62
4b01027351000673cb150001b4fffea0
a94153f35280002017ffffee91000415
d65f03c0a8c47bfdf9401bf7a9425bf5
f9000bf39100b3e3910003fda9bd7bfd
97ffffc091274842d0000002aa0203f3
a8c37bfdf9400bf3b9402fe0b50000a0
97ffffcbaa1303e2b9402fe1d65f03c0
a9bd7bfd17fffff81a9f17e07100001f
2a0103f3aa0003f4a90153f3910003fd
37f801e097fffd53aa0203f5f90013f5
97fffe65d2800002aa1403e02a1303e1
2a1303e1aa1503e237f801002a0003f3
5400006b3100041f97ffffdbaa1403e0
f94013f5a94153f32a1303e035fffe80
12001c218b020002d65f03c0a8c37bfd
d65f03c0d280000054000061eb02001f
9100040054ffffa06b01007f39400003
eb04005fd2800004d100042117fffff8
38646803140000075280000054000061
54ffff006b05007f3864682591000484
eb03005fd2800003d65f03c04b050060
3823680438636824d65f03c054000041
aa0003e5cb01000617fffffa91000463
8b02002417fffff454000043eb0200df
d65f03c054000041eb05001f8b020000
a9ba7bfd17fffffb381ffc01385ffc81
a90153f3910003fd120000842a0103e1
2a0303f6a9025bf5d280001312001c54
9b0180a39ac10805a90363f7910123f5
1100c04254000428f100247f12001c62
eb00003f9100066238356a6212001c42
110006775400040d710002df54000309
4b1702d4540003cb6b1802ff2a1603f8
93407e732a1303f61a9fd2946b1602ff
3100067f97fff32bd100067338736aa0
0b0002c0a94153f31100068054ffff81
d65f03c0a8c67bfda94363f7a9425bf5
1100dc4317ffffdcaa0503e0aa0203f3
7100009f12001c4212001c6311015c42
17ffffe75280001417ffffdc1a830042
17ffffde97fff313510007182a1403e0
b9401834a90153f3910003fda9b97bfd
aa0003f6a9025bf5a9406033a90363f7
528000159111c35ad000001aa9046bf9
35000120394002c0a90573fb52800019
a94363f7a9425bf52a1503e0a94153f3
d65f03c0a8c77bfda94573fba9446bf9
52800017540021617100941f910006d6
394002c0528006191400000252800001
540001a87101881f540001687101e81f
54001e887100c01f540002487100e41f
54001ca07100c01f540002407100941f
17fffff05280041917ffffe312800015
78605b4054ffff4871005c1f51018c00
7101601fd61f00008b20a84010000062
97fff2d6140000855280002454fffe81
5400024d7100043f17ffffd1910006d6
927df0002a1403e191003e6037f80314
b6f8047baa0003f32a0103f4f940027b
510006f7cb1b03e097fff2c8528005a0
52800141528000042a1903e22a1703e3
91002e6037f801f454fffde01400007b
17ffffeeb980027b927df0002a1403e1
91003e605400008d7100003f11002281
8b34c313aa1303e017ffffe7927df000
5400008d7100003f1100228117ffffe4
aa1303e017fffff0927df00091002e60
17ffffe1aa1b03e017ffffed8b34c313
927df2f72a1403fb91002e7737f80154
2a1b03f497fff29f110006b5b9400260
7100037f1100229b17ffffc7aa1703f3
17fffff5927df2f791002e775400008d
37f8019417fffff28b34c313aa1303f7
f9400273927df2f72a1403fb91003e77
38746a6091000434d1000673d2800001
1100229b17ffffe90b0102b535000180
927df2f791003e775400008d7100037f
17fffff08b34c313aa1303f717fffff3
37f8021417fffff0aa1403e197fff27d
f9400274927df37b2a1403fc91003e7b
2a1903e22a1703e3aa1403e0b50003d4
97ffff202a1c03f45280020152800004
1100229c17ffff960b0002b5aa1b03f3
927df37b91003e7b5400008d7100039f
17ffffec8b34c313aa1303fb17ffffef
aa0203e1f94037e297fff260f90037e2
0b0102b535ffff4038626a6091000422
d2800001b000001317ffffe451000af7
7100043f5280000417fffff791277273
2a1403e291003e6137f80294540001cd
2a1703e32a0203f4f9400260927df021
97fffef852800201aa0103f32a1903e2
37f801f454fffe6017ffff6f0b0002b5
b9400260927df0212a1403e291002e61
5400008d7100005f1100228217fffff2
aa1303e117ffffeb927df02191003e61
7100005f1100228217ffffe88b34c313
17fffff0927df02191002e615400008d
910006d617ffffed8b34c313aa1303e1
910006d61100042117ffff3652800041
37f801f45400012d7100043f17ffff33
f9400260927df0212a1403e291003e61
54ffff0017ffff56aa0103f32a0203f4
927df0212a1403e291002e6137f801f4
7100005f1100228217fffff7b9400260
17fffff0927df02191003e615400008d
1100228217ffffed8b34c313aa1303e1
927df02191002e615400008d7100005f
17ffffed8b34c313aa1303e117fffff0
394002c05280014252800017910006d6
54ffe0e87100247f12001c035100c000
5280001717fffff9910006d61b0202f7
12001c035100c000394002c052800142
910006d61b0202f754ffe1a87100247f
17fffee797fff1eb110006b517fffff9
910243e1a9058be1910003fda9b77bfd
128006e1f90023e1910143e1a90307e1
a90693e3b9004fff910043e1b9004be1
a9020fe2a9440fe2a9010fe2a9430fe2
a8c97bfd97fffec6f90047e7a9079be5
3863682438636802d2800003d65f03c0
d65f03c04b040040540000606b04005f
17fffffc5280000035ffff2291000463
cb0000203500006239400022aa0003e1
b400044217fffffb91000421d65f03c0
38001461540000c0f240081faa0003e3
54ffff81f240087f54000380f1000442
b3607c2133103c2133181c21b4000081
a8810461a8810461540000e0f27ae444
54ffff61f1010084a8810461a8810461
36200042a8810461a881046136280062
36100042f800846136180042a8810461
360000427800246136080042b8004461
0000000000000000d65f03c039000061
00000000000000000000000000000000
00000000000000000000000000000000
00000000000000000000000000000000
00000000000000000000000000000000
00000000000000000000000000000000
00000000000000000000000000000000
00000000000000000000000000000000
00000000000000000000000000000000
00000000000000000000000000000000
00000000000000000000000000000000
00000000000000000000000000000000
00000000000000000000000000000000
00000000000000000000000000000000
00000000000000000000000000000000
00000000000000000000000000000000
00000000000000000000000000000000
00000000000000000000000000000000
00000000000000000000000000000000
00000000000000000000000000000000
00000000000000000000000000000000
00000000000000000000000000000000
00000000000000000000000000000000
00000000000000000000000000000000
00000000000000000000000000000000
00000000000000000000000000000000
00000000000000000000000000000000
00000000000000000000000000000000
00000000000000000000000000000000
00000000000000000000000000000000
00000000000000000000000000000000
00000000000000000000000000000000
00000000000000000000000000000000
00000000000000000000000000000000
00000000000000000000000000000000
00000000000000000000000000000000
00000000000000000000000000000000
00000000000000000000000000000000
00000000000000000000000000000000
00000000000000000000000000000000
0000000097fffab497fffa9dd2800000
00000000000000000000000000000000
00000000000000000000000000000000
00000000000000000000000000000000
00000000000000000000000000000000
00000000000000000000000000000000
00000000000000000000000000000000
00000000000000000000000000000000
0000000097fffa9497fffa7dd2800020
00000000000000000000000000000000
00000000000000000000000000000000
00000000000000000000000000000000
00000000000000000000000000000000
00000000000000000000000000000000
00000000000000000000000000000000
00000000000000000000000000000000
0000000097fffa7497fffa5dd2800040
00000000000000000000000000000000
00000000000000000000000000000000
00000000000000000000000000000000
00000000000000000000000000000000
00000000000000000000000000000000
00000000000000000000000000000000
00000000000000000000000000000000
0000000097fffa5497fffa3dd2800060
00000000000000000000000000000000
00000000000000000000000000000000
00000000000000000000000000000000
00000000000000000000000000000000
00000000000000000000000000000000
00000000000000000000000000000000
00000000000000000000000000000000
0000000097fffa3497fffa1dd2800080
00000000000000000000000000000000
00000000000000000000000000000000
00000000000000000000000000000000
00000000000000000000000000000000
00000000000000000000000000000000
00000000000000000000000000000000
00000000000000000000000000000000
0000000097fffa1497fff9fdd28000a0
00000000000000000000000000000000
00000000000000000000000000000000
00000000000000000000000000000000
00000000000000000000000000000000
00000000000000000000000000000000
00000000000000000000000000000000
00000000000000000000000000000000
0000000097fff9f497fff9ddd28000c0
00000000000000000000000000000000
00000000000000000000000000000000
00000000000000000000000000000000
00000000000000000000000000000000
00000000000000000000000000000000
00000000000000000000000000000000
00000000000000000000000000000000
0000000097fff9d497fff9bdd28000e0
00000000000000000000000000000000
00000000000000000000000000000000
00000000000000000000000000000000
00000000000000000000000000000000
00000000000000000000000000000000
00000000000000000000000000000000
00000000000000000000000000000000
0000000097fff9b497fff99dd2800100
00000000000000000000000000000000
00000000000000000000000000000000
00000000000000000000000000000000
00000000000000000000000000000000
00000000000000000000000000000000
00000000000000000000000000000000
00000000000000000000000000000000
0000000097fff99497fff97dd2800120
00000000000000000000000000000000
00000000000000000000000000000000
00000000000000000000000000000000
00000000000000000000000000000000
00000000000000000000000000000000
00000000000000000000000000000000
00000000000000000000000000000000
0000000097fff97497fff95dd2800140
00000000000000000000000000000000
00000000000000000000000000000000
00000000000000000000000000000000
00000000000000000000000000000000
00000000000000000000000000000000
00000000000000000000000000000000
00000000000000000000000000000000
0000000097fff95497fff93dd2800160
00000000000000000000000000000000
00000000000000000000000000000000
00000000000000000000000000000000
00000000000000000000000000000000
00000000000000000000000000000000
00000000000000000000000000000000
00000000000000000000000000000000
0000000097fff93497fff91dd2800180
00000000000000000000000000000000
00000000000000000000000000000000
00000000000000000000000000000000
00000000000000000000000000000000
00000000000000000000000000000000
00000000000000000000000000000000
00000000000000000000000000000000
0000000097fff91497fff8fdd28001a0
00000000000000000000000000000000
00000000000000000000000000000000
00000000000000000000000000000000
00000000000000000000000000000000
00000000000000000000000000000000
00000000000000000000000000000000
00000000000000000000000000000000
0000000097fff8f497fff8ddd28001c0
00000000000000000000000000000000
00000000000000000000000000000000
00000000000000000000000000000000
00000000000000000000000000000000
00000000000000000000000000000000
00000000000000000000000000000000
00000000000000000000000000000000
0000000097fff8d497fff8bdd28001e0
00000000000000000000000000000000
00000000000000000000000000000000
00000000000000000000000000000000
00000000000000000000000000000000
00000000000000000000000000000000
00000000000000000000000000000000
00000000000000000000000000000000
000000008401ff84000000008401fd60
000000008401fd680000000000000000
0000000000000000000000008401fdb8
000000008401fed0000000008401fd7c
000000008401fe700000000084020084
000000008402013c0000000084020118
00000000840201900000000084020170
00000000840201cc0000000084020214
000000000000000000000000840201a4
00000000840201200000000084020134
00000000840203d0000000008402029c
000000008402037000000000840203a8
00000000840202dc0000000084020328
000000000000000000000000840202b8
00000000840202a40000000000000000
00000000840000000000000084000000
00000000000000090000000000001000
00000000008000000000000040000000
00000000078000000000000000800000
00000000400000000000000000000008
000000000c000000000000000c000000
00000000000000080000000001000000
000000000d0000000000000040000000
0000000001000000000000000d000000
00000000400000000000000000000008
00000000800000000000000080000000
000000000000001a000000007f000000
00000008800000000000000040000000
00000007800000000000000880000000
0000000040000000000000000000001a
00000000860000000000000086000000
000000000000000a0000000002000000
00000000000000000000000040000000
00000000000000000000000000000000
00000000000000000000000000000000
00000000000000000000000000000000
0000000000000001000000008402478d
00000000000000000000000000000000
00000000000000010000000084024795
0000000000000001000000008402479e
000000000000000100000000840247a7
00000000000000000000000000000000
00000000000000000000000000000000
00000000000000000000000000000000
00000000000000000000000000000000
00000000000000000000000000000000
00000000000000000000000000000000
00000000000000000000000000000000
00000000000000000000000000000000
00000000000000000000000000000000
00000000000000000000000000000000
00000000000000000000000000000000
00000000000000000000000000000000
00000000000000000000000000000000
00000000000000000000000000000000
00000000000000000000000000000000
00000000000000000000000000000000
00000000000000000000000000000000
000000000000000100000000840247b0
000000000000000100000000840247be
000000000000000100000000840247d3
000000000000000100000000840247e9
000000000000000100000000840247ff
00000000000000000000000000000000
00000000000000000000000000000000
00000000000000000000000000000000
00000000000000000000000000000000
00000000000000010000000084024814
00000000840249a10000000084024997
00000000840249b500000000840249ab
00000000840249c800000000840249bf
fff50007fff5fff5fff5fff500070035
fff5fff50060fff5fff5fff500b3fff5
00b0fff50087fff5fff500b6fff50048
6e69206572756c696146203a324c420a
2064616f6c206567616d692065727020
0a000a2969252820676e696c646e6168
6c206f742064656c696146203a324c42
207525206469206567616d692064616f
6c696146203a324c420a000a29692528
67616d692074736f70206e6920657275
20676e696c646e61682064616f6c2065
000a7325203a324c4214000a29692528
6c203e2d20676f6c6674203a65726548
6c5f78616d203e206c6576656c5f676f
697270206f53202e6c6576656c5f676f
7374697571202e64656c69616620746e
6c6946203a203030342d435a540a000a
657065656b6574614720752520726574
656c62616e652079646165726c612072
617578635f656c6f736e6f63000a2e64
6e6f63203a72657473696765725f7472
6166202c4c4c554e20736920656c6f73
49203a464e4f43460a000a2164656c69
20656c6966204254442064696c61766e
0a000a732520726f6620646573736170
20657461636f6c6c6120746f6e6e6143
2074756f20737463656a626f20757a25
6a626f20757a2528206c6f6f7020666f
6f6366000a2e297466656c2073746365
725f6274642d6766635f6e79642c666e
203a464e4f43460a0079727473696765
6f6320732520646e69662074276e6143
0a627464206e6920656c62697461706d
6c706d6f636e49203a464e4f43460a00
6f69746172756769666e6f6320657465
7464206e692079747265706f7270206e
78616d000a2e79727473696765722d62
61646e6f63657300646900657a69732d
00737365726464612d64616f6c2d7972
6361655f726f665f746466203a64250a
0a6425203a292865646f6e6275735f68
635f6e7964004749464e4f435f574600
6765725f6464615f70616d6d0a006766
6c6961662029286b636568635f6e6f69
4e0a000a642520726f727265202e6465
79726f6d656d206867756f6e6520746f
0a3a6e6f696765722070616d206f7420
78303a41502020786c2578303a415620
787a2578303a657a69732020786c6c25
326c62000a782578303a727474612020
6c62006e69622e31336c62006e69622e
006e69622e33336c62006e69622e3233
7666006274642e6769666e6f635f7768
642e6769666e6f635f77665f62745f70
6f635f77665f636f735f707666006274
7073745f707666006274642e6769666e
66006274642e6769666e6f635f77665f
2e6769666e6f635f77665f746e5f7076
69666e6f635f77665f70766600627464
636568630057465f4254006274642e67
28776f6c667265766f5f727470755f6b
67616d69202c657361625f6567616d69
616d6928282073692029657a69735f65
544e495528203e2029657361625f6567
6567616d6928202d2058414d5f525450
5450544e4955000a292929657a69735f
616d6900646c252073692058414d5f52
6900646c2520736920657361625f6567
00642520736920657a69735f6567616d
206769666e6f632064696c61766e490a
6b636f6c6e750a000a752520656c6966
65746f72702079726f6d656d20676e69
72650a000a656c626169726176207463
746e6f63206b636f6c6220676e697361
72702079726f6d656d20676e696e6961
000a656c62616972617620746365746f
6d656d20676e696d6d6172676f72700a
76206e6f69746365746f72702079726f
3a50425f465441000a656c6261697261
69676552205d50414d5f545345545b20
6c257830202d20786c257830203a6e6f
73657475626972747461207361682078
2020203a524f525245000a7825783020
494e5241570020203a454349544f4e00
4100202020203a4f464e4900203a474e
3a45534f4252455600203a50425f4654
00783000656c62697461706d6f630020
29657361656c657228302e33312e3276
3a35333a3431203a20746c697542003a
003532303220303120636544202c3131
00000000000000000000000000000000
00000000000000000000000000000000
0a3fc7819dc344a54d3e224d0becf95f
13826040a1785dae49e8be893dfd6697
005abdcb5029959b4698fe4c6d08d447
383e7a4b0a502b8d4713dc5389e1d005
e4b634f2349982974bd5eafca7eed0d6
00000000000000000000000000000000
00000000000000000000000000000000
00000000000000000000000000000000
00000000000000000000000000000000
00000000000000000000000000000000
00000000000000000000000000000000
00000000000000000000000000000000
00000000000000000000000000000000
00000000000000000000000000000000
00000000000000000000000000000000
00000000000000000000000000000000
00000000000000000000000000000000
00000000000000000000000000000000
00000000000000000000000000000000
00000000000000000000000000000000
88827382560a659f40785a2a9bc2700b
d92002a5bbe7fd854d3fa2cfb17ba88e
cc65726bbc6f62a94993cfc9d9f1b808
d2bf69bc27aaed824f7d6bafff58046c
e059787f268d8e8c46fb76034b817999
218024b0c4c4968d477fc6db1a7c2526
f9501580af1a66ac447ee8931598da28
00000000000000000000000000000000
00000000000000000000000000000000
00000000000000000000000000000000
00000000000000000000000000000000
0eabdd8d8e64d58ebe4759846ae10758
00000000000000000000000000000000
00000000000000000000000000000000
d90636638fbacb92564bf212a662076c
00000000000000000000000000000000
00000000000000000000000000000000
00000000000000000000000000000000
7830203a2043502074612043494e4150
00000000840247010000000000000000
00000000840208d8000000008402470b
00000000000000000000000000000000
00000000000000000000000000000000
00000000000000000000000000000000
00000000000000000000000000000000
00000000000000000000000000000000
00000000000000000000000000000000
00000000000000000000000000000000
00000000000000000000000000000000
00000000000000000000000000000000
00000000000000000000000000000000
00000000000000000000000000000000
00000000000000000000000000000000
00000000000000000000000000000000
00000000000000000000000000000000
00000000000000000000000000000000
00000000000000000000000000000000
00000000000000000000000000000000
00000000000000000000000000000000
00000000000000000000000000000000
00000000000000000000000000000000
00000000000000000000000000000000
00000000000000000000000000000000
00000000000000000000000000000000
00000000000000000000000000000000
00000000000000000000000000000000
00000000000000000000000000000000
00000000000000000000000000000000
00000000000000000000000000000000
00000000000000000000000000000000
00000000000000000000000000000000
00000000000000000000000000000000
00000000000000000000000000000000
00000000000000000000000000000000
00000000000000000000000000000000
00000000000000000000000000000000
00000000000000000000000000000000
00000000000000000000000000000000
00000000000000000000000000000000
00000000000000000000000000000000
00000000000000000000000000000000
00000000000000000000000000000000
00000000000000000000000000000000
00000000000000000000000000000000
00000000000000000000000000000000
00000000000000000000000000000000
00000000000000000000000000000000
00000000000000000000000000000000
00000000000000000000000000000000
00000000000000000000000000000000
00000000000000000000000000000000
00000000000000000000000000000000
00000000000000000000000000000000
00000000000000000000000084024050
000000000000000000000000840240a0
00000000000000060000000000000018
00000000000000050000000084026150
0000000fffffffff0000000fffffffff
000000000000001300000000840261e0
00000004000000050000000084028000
00000000000000400000000084027000
0000000fffffffff0000000fffffffff
00000000000000030000000100000001
00000000000000030000000084002800
00000000840030000000000400180201
00000018005802010003d000000111b4
00000000000003cd0000000084003000
00000000000000000000000000000000
00000000000000000000000000000000
00000000000000000000000000000000
00000000000000000000000000000000
00000000000000030000000000000005
00000000840251e000000000840250b0
00000000000000000000000000000000
00000000000000000000000000000000
00000000001802020000000000000017
000040000000257c0000000087f00000
00000000000000000000000100580202
00000000000000000000000000000000
00000000000000000000000000000000
00000000000000000000000000000000
00000000000000000000000000000000
00000000ffffffff0000000000000000
00000000840251680000000000000017
00000000000000000000000084025298
00000000000000000000000000000000
00000000000000190000000000000000
00000000840013000000000000180202
00000000005802020000020000000048
00000000000000000000000000000000
00000000000000000000000000000000
00000000000000000000000000000000
00000000000000000000000000000000
00000000000000000000000000000000
000000000000001900000000ffffffff
00000000840253500000000084025220
00000000000000000000000000000000
00000000000000000000000000000000
00000000001802010000000000000005
77e00000002000000000000088200000
00000000882000000000000900580201
000000000000000000000000000003c9
00000000000000000000000000000000
00000000000000000000000000000000
00000000000000000000000000000000
00000000ffffffff0000000000000000
00000000840252d80000000000000005
00000000000000000000000084025408
00000000000000000000000000000000
000000000000001b0000000000000000
00000000880000000000000000180202
00000001005802020000020000000048
00000000000000000000000000000000
00000000000000000000000000000000
00000000000000000000000000000000
00000000000000000000000000000000
00000000000000000000000000000000
000000000000001b00000000ffffffff
00000000000000000000000084025390
00000000000000000000000000000000
00000000000000000000000000000000
0000000072e00000000000008c200000
00000000400000000000000880000000
00000000840258080000000084026568
00000000840265780000000084021ba4
0000000084021b440000000084024a30
0000000084024a400000000084026578
00000000840265780000000084021b44
0000000084021b440000000084024a50
0000000084024a600000000084026578
00000000840265780000000084021b44
0000000084021b440000000084024a70
00000000000000000000000000000000
00000000000000000000000000000000
00000000000000000000000000000000
00000000000000000000000000000000
00000000000000000000000000000000
00000000000000000000000000000000
00000000000000000000000000000000
00000000000000000000000000000000
00000000000000000000000000000000
00000000000000000000000000000000
00000000000000000000000000000000
00000000000000000000000000000000
00000000000000000000000000000000
00000000000000000000000000000000
00000000000000000000000000000000
00000000000000000000000000000000
00000000000000000000000000000000
00000000000000000000000000000000
00000000000000000000000000000000
00000000000000000000000000000000
00000000000000000000000000000000
00000000000000000000000000000000
00000000840265780000000000000000
0000000084021b440000000084024b70
0000000084024b800000000084026578
00000000840265780000000084021b44
0000000084021b440000000084024b90
0000000084024ba00000000084026578
00000000840265780000000084021b44
0000000084021b440000000084024bb0
0000000084024bc00000000084026578
00000000840265780000000084021b44
0000000084021b440000000084024bd0
00000000000000000000000000000000
00000000000000000000000000000000
00000000000000000000000000000000
00000000000000000000000000000000
00000000000000000000000000000000
00000000000000000000000000000000
0000000084024c200000000084026578
00000000000000000000000084021b44
00000000000000000000000000000000
00000000000000000000000000000000
00000000840265780000000000000000
0000000084021b440000000084024c50
00000000000000000000000000000000
00000000000000000000000000000000
00000000000000000000000000000000
00000000000000000000000000000000
00000000008000000000000000000000
000000010000001400000000077c0000
00000000000000000000000000000005
00000000000000000000000000000000
00000000000000000000000000000000
00000000000000000000000000000000
00000000000000000000000000000000
00000000000000000000000000000000
00000000000000000000000000000000
00000000000000000000000000000000
00000000000000000000000000000000
00000000000000000000000000000000
00000000000000000000000000000000
00000000000000000000000000000000
00000000000000000000000000000000
00000000000000000000000000000000
00000000000000000000000000000000
00000000000000000000000000000000
00000000000000000000000000000000
00000000000000000000000000000000
00000000000000000000000000000000
00000000000000000000000000000000
00000000000000000000000000000000
00000000000000000000000000000000
00000000000000000000000000000000
00000000000000000000000000000000
00000000000000000000000000000000
00000000000000000000000000000000
00000000000000000000000000000000
00000000000000000000000000000000
00000000000000000000000000000000
00000000000000000000000000000000
00000000000000000000000000000000
00000000000000000000000000000000
00000000000000000000000000000000
00000000000000000000000000000000
00000000000000000000000000000000
00000000000000000000000000000000
00000000000000000000000000000000
00000000000000000000000000000000
00000000000000000000000000000000
00000000000000000000000000000000
00000000000000000000000000000000
00000000000000000000000000000000
00000000000000000000000000000000
00000000000000000000000000000000
00000000000000000000000000000000
00000000000000000000000000000000
00000000000000000000000000000000
00000000000000000000000000000000
00000000000000000000000000000000
00000000000000000000000000000000
00000000000000000000000000000000
00000000000000000000000000000000
000000008401fbdc0000000084025b70
000000008401fc180000000084025ba0
00000000000000000000000000000061
00000000840210b80000000084025bd0
000000000000000c000000008402aff8
00000000feffffff0000000000001000
000000008401fbdc00000000841ff000
0000000084021be00000000084025c10
000000008402065c0000000084025bf0
0000000084021bf00000000084025c10
000000008401ffcc0000000084025c40
000000008402065c0000000084025c20
000000008402004c0000000084025c40
00000000840261100000000000000000
000000008402058c0000000084025ca0
00000000840261100000000084026070
0000000084025d180000000084026110
00000000840256e80000000000000000
000000008401ffcc0000000084025cc0
000000008402065c0000000084025ca0
000000008402004c0000000084025cc0
00000000840261100000000000000000
000000008402058c0000000084025d20
00000000840261100000000084026070
000000008401fdf00000000084025d20
000000008402065c0000000084025d00
000000008401fe200000000084025d20
00000000000000480000000000000000
000000008402065c0000000084025d40
00000000840253900000000084026110
000000008401f2940000000084025d60
000000008401f29c0000000084025d60
000000008401f2f00000000084025dc0
00000000840253900000000084025408
0000880000000000000000000000001b
000000008401f5840000000084025da0
0000000084021b340000000084025db0
000000008402145c0000000084025dd0
00000000840214900000000084025dd0
000000008401f0cc0000000084025df0
00000000000000000000000084002b98
000000008401f1d40000000084025e20
000000008401f1dc0000000084025e20
00000000840010100000000084002820
000000008401f07c0000000000000000
00000000000000000000000000000000
00000000000000000000000000000000
00000000000000000000000000000000
00000000000000000000000000000000
00000000000000000000000000000000
00000000000000000000000000000000
00000000000000000000000000000000
00000000000000000000000000000000
00000000000000000000000000000000
00000000000000000000000000000000
00000000000000000000000000000000
00000000000000000000000000000000
00000000000000000000000000000000
00000000000000000000000000000000
00000000000000000000000000000000
00000000000000000000000000000000
00000000000000000000000000000000
00000000000000000000000000000000
00000000000000000000000000000000
00000000000000000000000000000000
00000000000000000000000000000000
00000000000000000000000000000000
00000000000000000000000000000000
00000000000000000000000000000000
00000000000000000000000000000000
00000000000000000000000000000000
00000000000000000000000000000000
00000000000000000000000000000000
00000000000000000000000000000000
00000000000320000000000084001000
00000000840028980000000000100205
00000000840251280000000000100204
00000000000000000000000000000000
00000000840260500000000084026538
0000006400000001000000008401fcc0
000000008401fcb0000000008401fc8c
00000000840260800000000084024000
00000000000000000000000000000000
00000000000000000000000000000000
00000000000000000000000000000000
00000000000000000000000000000000
00000000000000000000000000000000
00000000000000000000000000000000
00000000000000000000000000000000
00000000000000000000000000000000
00000000000000000000000000000000
00000000000000000000000084026070
00000000000000000000000084025000
00000000000000000000000000000000
00000000000000000000000000000000
00000020000002030000000084001010
0000000084001300ffffffffffffffff
ffffffffffffffff0000001800001800
00000017000040000000000087f00000
00000000840013000000000087f00000
ffffffffffffffff0000001900000200
0000001b000002000000000088000000
0000000000000000ffffffffffffffff
00000000000000000000000000000000
00000000008000000000000000800000
00000000000000080000000007800000
000000000c0000000000000040000000
0000000001000000000000000c000000
00000000400000000000000000000008
000000000d000000000000000d000000
00000000000000080000000001000000
00000000840000000000000040000000
00000000000010000000000084000000
00000000400000000000000000000009
00000000840010000000000084001000
000000000000000a0000000000002000
000000008401f0000000000040000000
0000000000005000000000008401f000
00000000400000000000000000000002
00000000840240000000000084024000
00000000000000420000000000001000
00000000840010000000000040000000
00000000000320000000000084001000
0000000040000000000000000000000a
00000000860000000000000086000000
000000000000000a0000000002000000
00000000800000000000000040000000
000000007f0000000000000080000000
0000000040000000000000000000001a
00000008800000000000000880000000
000000000000001a0000000780000000
00000000000000000000000040000000
00000000000000000000000000000000
00000000000000000000000000000000
00000000000000000000000000000000
00000000000000000000000000000000
00000000000000000000000000000000
00000000000000000000000000000000
00000000000000000000000000000000
00000000000000000000000000000000
00000000000000000000000000000000
00000000000000000000000000000000
00000000000000000000000000000000
00000000000000000000000000000000
00000000000000000000000000000000
00000000000000000000000000000000
00000000000000000000000000000000
00000000000000000000000000000000
00000000000000000000000000000000
00000000000000000000000000000000
00000000000000000000000000000000
00000000000000000000000000000000
00000000000000000000000000000000
00000000000000000000000000000000
000000010080351c00000000004400ff
000000000000001a0000000084027000
00000000840240e80000000084025010
00000000000000000000000084001010
00000000840207d80000000000000001
000000000c00000000000000840207e0
00000000840250000000000084002b98
00000000840260700000000084024098
00000000000000000000000084024048
000000000000000000000003fffffffc
00000000000000000000000000000000
00000000000000000000000000000000
00000000000000000000000000000000
00000000000000000000000000000000
00000000000000000000000000000000
00000000000000000000000000000000
00000000000000000000000000000000
00000000000000000000000000000000
00000000000000000000000000000000
00000000000000000000000000000000
00000000000000000000000000000000
00000000000000000000000000000000
00000000000000000000000000000000
00000000000000000000000000000000
00000000000000000000000000000000
00000000000000000000000000000000
00000000000000000000000000000000
00000000000000000000000000000000
00000000000000000000000000000000
00000000000000000000000000000000
00000000000000000000000000000000
00000000000000000000000000000000
00000000000000000000000000000000
00000000000000000000000000000000
00000000000000000000000000000000
00000000000000000000000000000000
00000000000000000000000000000000
00000000000000000000000000000000
00000000000000000000000000000000
00000000000000000000000000000000
00000000000000000000000000000000
00000000000000000000000000000000
00000000000000000000000000000000
00000000000000000000000000000000
00000000000000000000000000000000
00000000000000000000000000000000
00000000000000000000000000000000
00000000000000000000000000000000
00000000000000000000000000000000
00000000000000000000000000000000
00000000000000000000000000000000
00000000000000000000000000000000
00000000000000000000000000000000
00000000000000000000000000000000
00000000000000000000000000000000
00000000000000000000000000000000
00000000000000000000000000000000
00000000000000000000000000000000
00000000000000000000000000000000
00000000000000000000000000000000
00000000000000000000000000000000
00000000000000000000000000000000
00000000000000000000000000000000
00000000000000000000000000000000
00000000000000000000000000000000
00000000000000000000000000000000
00000000000000000000000000000000
00000000000000000000000000000000
00000000000000000000000000000000
00000000000000000000000000000000
00000000000000000000000000000000
00000000000000000000000000000000
00000000000000000000000000000000
00000000000000000000000000000000
00000000000000000000000000000000
00000000000000000000000000000000
00000000000000000000000000000000
00000000000000000000000000000000
00000000000000000000000000000000
00000000000000000000000000000000
00000000000000000000000000000000
00000000000000000000000000000000
00000000000000000000000000000000
00000000000000000000000000000000
00000000000000000000000000000000
00000000000000000000000000000000
00000000000000000000000000000000
00000000000000000000000000000000
00000000000000000000000000000000
00000000000000000000000000000000
00000000000000000000000000000000
00000000000000000000000000000000
00000000000000000000000000000000
00000000000000000000000000000000
00000000000000000000000000000000
00000000000000000000000000000000
00000000000000000000000000000000
00000000000000000000000000000000
00000000000000000000000000000000
00000000000000000000000000000000
00000000000000000000000000000000
00000000000000000000000000000000
00000000000000000000000000000000
00000000000000000000000000000000
00000000000000000000000000000000
00000000000000000000000000000000
00000000000000000000000000000000
00000000000000000000000000000000
00000000000000000000000000000000
00000000000000000000000000000000
00000000000000000000000000000000
00000000000000000000000000000000
00000000000000000000000000000000
00000000000000000000000000000000
00000000000000000000000000000000
00000000000000000000000000000000
00000000000000000000000000000000
00000000000000000000000000000000
00000000000000000000000000000000
00000000000000000000000000000000
00000000000000000000000000000000
00000000000000000000000000000000
00000000000000000000000000000000
00000000000000000000000000000000
00000000000000000000000000000000
00000000000000000000000000000000
00000000000000000000000000000000
00000000000000000000000000000000
00000000000000000000000000000000
00000000000000000000000000000000
00000000000000000000000000000000
00000000000000000000000000000000
00000000000000000000000000000000
00000000000000000000000000000000
00000000000000000000000000000000
00000000000000000000000000000000
00000000000000000000000000000000
00000000000000000000000000000000
00000000000000000000000000000000
00000000000000000000000000000000
00000000000000000000000000000000
00000000000000000000000000000000
00000000000000000000000000000000
00000000000000000000000000000000
00000000000000000000000000000000
00000000000000000000000000000000
00000000000000000000000000000000
00000000000000000000000000000000
00000000000000000000000000000000
00000000000000000000000000000000
00000000000000000000000000000000
00000000000000000000000000000000
00000000000000000000000000000000
00000000000000000000000000000000
00000000000000000000000000000000
00000000000000000000000000000000
00000000000000000000000000000000
00000000000000000000000000000000
00000000000000000000000000000000
00000000000000000000000000000000
00000000000000000000000000000000
00000000000000000000000000000000
00000000000000000000000000000000
00000000000000000000000000000000
00000000000000000000000000000000
00000000000000000000000000000000
00000000000000000000000000000000
00000000000000000000000000000000
00000000000000000000000000000000
00000000000000000000000000000000
00000000000000000000000000000000
00000000000000000000000000000000
00000000000000000000000000000000
00000000000000000000000000000000
00000000000000000000000000000000
00000000000000000000000000000000
00000000000000000000000084028003
000000008402b0030000000084029003
00000000000000000000000000000000
00000000000000000000000000000000
00000000000000000000000000000000
00000000000000000000000000000000
00000000000000000000000000000000
00000000000000000000000000000000
00000000000000000000000000000000
00000000000000000000000000000000
00000000000000000000000000000000
00000000000000000000000000000000
00000000000000000000000000000000
00000000000000000000000000000000
00000000000000000000000000000000
00000000000000000000000000000000
00000000000000000000000000000000
00400008c00007610040000880000761
00400009400007610040000900000761
00400009c00007610040000980000761
0040000a400007610040000a00000761
0040000ac00007610040000a80000761
0040000b400007610040000b00000761
0040000bc00007610040000b80000761
0040000c400007610040000c00000761
0040000cc00007610040000c80000761
0040000d400007610040000d00000761
0040000dc00007610040000d80000761
0040000e400007610040000e00000761
0040000ec00007610040000e80000761
0040000f400007610040000f00000761
0040000fc00007610040000f80000761
00000000000000000000000000000000
00000000000000000000000000000000
00000000000000000000000000000000
00000000000000000000000000000000
00000000000000000000000000000000
00000000000000000000000000000000
00000000000000000000000000000000
00000000000000000000000000000000
00000000000000000000000000000000
00000000000000000000000000000000
00000000000000000000000000000000
00000000000000000000000000000000
00000000000000000000000000000000
00000000000000000000000000000000
00000000000000000000000000000000
00000000000000000000000000000000
00000000000000000000000000000000
00000000000000000000000000000000
00000000000000000000000000000000
00000000000000000000000000000000
00000000000000000000000000000000
00000000000000000000000000000000
00000000000000000000000000000000
00000000000000000000000000000000
00000000000000000000000000000000
00000000000000000000000000000000
00000000000000000000000000000000
00000000000000000000000000000000
00000000000000000000000000000000
00000000000000000000000000000000
00000000000000000000000000000000
00000000000000000000000000000000
00000000000000000000000000000000
00000000000000000000000000000000
00000000000000000000000000000000
00000000000000000000000000000000
00000000000000000000000000000000
00000000000000000000000000000000
00000000000000000000000000000000
00000000000000000000000000000000
00000000000000000000000000000000
00000000000000000000000000000000
00000000000000000000000000000000
00000000000000000000000000000000
00000000000000000000000000000000
00000000000000000000000000000000
00000000000000000000000000000000
00000000000000000000000000000000
00000000000000000000000000000000
00000000000000000000000000000000
00000000000000000000000000000000
00000000000000000000000000000000
00000000000000000000000000000000
00000000000000000000000000000000
00000000000000000000000000000000
00000000000000000000000000000000
00000000000000000000000000000000
00000000000000000000000000000000
00000000000000000000000000000000
00000000000000000000000000000000
00000000000000000000000000000000
00000000000000000000000000000000
00000000000000000000000000000000
00000000000000000000000000000000
00000000000000000000000000000000
00000000000000000000000000000000
00000000000000000000000000000000
00000000000000000000000000000000
00000000000000000000000000000000
00000000000000000000000000000000
00000000000000000000000000000000
00000000000000000000000000000000
00000000000000000000000000000000
00000000000000000000000000000000
00000000000000000000000000000000
00000000000000000000000000000000
00000000000000000000000000000000
00000000000000000000000000000000
00000000000000000000000000000000
00000000000000000000000000000000
00000000000000000000000000000000
00000000000000000000000000000000
00000000000000000000000000000000
00000000000000000000000000000000
00000000000000000000000000000000
00000000000000000000000000000000
00000000000000000000000000000000
00000000000000000000000000000000
00000000000000000000000000000000
00000000000000000000000000000000
00000000000000000000000000000000
00000000000000000000000000000000
00000000000000000000000000000000
00000000000000000000000000000000
00000000000000000000000000000000
00000000000000000000000000000000
00000000000000000000000000000000
00000000000000000000000000000000
00000000000000000000000000000000
00000000000000000000000000000000
00000000000000000000000000000000
00000000000000000000000000000000
00000000000000000000000000000000
00000000000000000000000000000000
00000000000000000000000000000000
00000000000000000000000000000000
00000000000000000000000000000000
00000000000000000000000000000000
00000000000000000000000000000000
00000000000000000000000000000000
00000000000000000000000000000000
00000000000000000000000000000000
00000000000000000000000000000000
00000000000000000000000000000000
00000000000000000000000000000000
00000000000000000000000000000000
00000000000000000000000000000000
00000000000000000000000000000000
00000000000000000000000000000000
00000000000000000000000000000000
00000000000000000000000000000000
00000000000000000000000000000000
00000000000000000000000000000000
00000000000000000000000000000000
00000000000000000000000000000000
00000000000000000000000000000000
00000000000000000000000000000000
00000000000000000000000000000000
00000000000000000000000000000000
00000000000000000000000000000000
00000000000000000000000000000000
00000000000000000000000000000000
00000000000000000000000000000000
00000000000000000000000000000000
00000000000000000000000000000000
00000000000000000000000000000000
00000000000000000000000000000000
00000000000000000000000000000000
00000000000000000000000000000000
00000000000000000000000000000000
00000000000000000000000000000000
00000000000000000000000000000000
00000000000000000000000000000000
00000000000000000000000000000000
00000000000000000000000000000000
00000000000000000000000000000000
00000000000000000000000000000000
00000000000000000000000000000000
00000000000000000000000000000000
00000000000000000000000000000000
00000000000000000000000000000000
00000000000000000000000000000000
00000000000000000000000000000000
00000000000000000000000000000000
00000000000000000000000000000000
00000000000000000000000000000000
00000000000000000000000000000000
00000000000000000000000000000000
00000000000000000000000000000000
00000000000000000000000000000000
00000000000000000000000000000000
00000000000000000000000000000000
00000000000000000000000000000000
00000000000000000000000000000000
00000000000000000000000000000000
00000000000000000000000000000000
00000000000000000000000000000000
00000000000000000000000000000000
00000000000000000000000000000000
00000000000000000000000000000000
00000000000000000000000000000000
00000000000000000000000000000000
00000000000000000000000000000000
00000000000000000000000000000000
00000000000000000000000000000000
00000000000000000000000000000000
00000000000000000000000000000000
00000000000000000000000000000000
00000000000000000000000000000000
00000000000000000000000000000000
00000000000000000000000000000000
00000000000000000000000000000000
00000000000000000000000000000000
00000000000000000000000000000000
00000000000000000000000000000000
00000000000000000000000000000000
00000000000000000000000000000000
00000000000000000000000000000000
00000000000000000000000000000000
00000000000000000000000000000000
00000000000000000000000000000000
00000000000000000000000000000000
00000000000000000000000000000000
00000000000000000000000000000000
00000000000000000000000000000000
00000000000000000000000000000000
00000000000000000000000000000000
00000000000000000000000000000000
00000000000000000000000000000000
00000000000000000000000000000000
00000000000000000000000000000000
00000000000000000000000000000000
00000000000000000000000000000000
00000000000000000000000000000000
00000000000000000000000000000000
00000000000000000000000000000000
00000000000000000000000000000000
00000000000000000000000000000000
00000000000000000000000000000000
00000000000000000000000000000000
00000000000000000000000000000000
00000000000000000000000000000000
00000000000000000000000000000000
00000000000000000000000000000000
00000000000000000000000000000000
00000000000000000000000000000000
00000000000000000000000000000000
00000000000000000000000000000000
00000000000000000000000000000000
00000000000000000000000000000000
00000000000000000000000000000000
00000000000000000000000000000000
00000000000000000000000000000000
00000000000000000000000000000000
00000000000000000000000000000000
00000000000000000000000000000000
0040000000a006450040000000800645
0040000000e006450040000000c00645
00400000012006450040000001000645
00400000016006450040000001400645
0040000001a006450040000001800645
0040000001e006450040000001c00645
00400000022006450040000002000645
00400000026006450040000002400645
0040000002a006450040000002800645
0040000002e006450040000002c00645
00400000032006450040000003000645
00400000036006450040000003400645
0040000003a006450040000003800645
0040000003e006450040000003c00645
00400000042006450040000004000645
00400000046006450040000004400645
0040000004a006450040000004800645
0040000004e006450040000004c00645
00400000052006450040000005000645
00400000056006450040000005400645
0040000005a006450040000005800645
0040000005e006450040000005c00645
00400000062006450040000006000645
00400000066006450040000006400645
0040000006a006450040000006800645
0040000006e006450040000006c00645
00400000072006450040000007000645
00400000076006450040000007400645
0040000007a006450040000007800645
0040000007e006450040000007c00645
00000000000000000000000000000000
00000000000000000000000000000000
00000000000000000000000000000000
00000000000000000000000000000000
00000000000000000000000000000000
00000000000000000000000000000000
00000000000000000000000000000000
00000000000000000000000000000000
00000000000000000000000000000000
00000000000000000000000000000000
00000000000000000000000000000000
00000000000000000000000000000000
00000000000000000000000000000000
00000000000000000000000000000000
00000000000000000000000000000000
00000000000000000000000000000000
004000000c200645004000000c000645
004000000c600645004000000c400645
004000000ca00645004000000c800645
004000000ce00645004000000cc00645
004000000d200645004000000d000645
004000000d600645004000000d400645
004000000da00645004000000d800645
004000000de00645004000000dc00645
00000000000000000000000000000000
00000000000000000000000000000000
00000000000000000000000000000000
00000000000000000000000000000000
00000000000000000000000000000000
00000000000000000000000000000000
00000000000000000000000000000000
00000000000000000000000000000000
00000000000000000000000000000000
00000000000000000000000000000000
00000000000000000000000000000000
00000000000000000000000000000000
00000000000000000000000000000000
00000000000000000000000000000000
00000000000000000000000000000000
00000000000000000000000000000000
00000000000000000000000000000000
00000000000000000000000000000000
00000000000000000000000000000000
00000000000000000000000000000000
00000000000000000000000000000000
00000000000000000000000000000000
00000000000000000000000000000000
00000000000000000000000000000000
00000000000000000000000000000000
00000000000000000000000000000000
00000000000000000000000000000000
00000000000000000000000000000000
00000000000000000000000000000000
00000000000000000000000000000000
00000000000000000000000000000000
00000000000000000000000000000000
00000000000000000000000000000000
00000000000000000000000000000000
00000000000000000000000000000000
00000000000000000000000000000000
00000000000000000000000000000000
00000000000000000000000000000000
00000000000000000000000000000000
00000000000000000000000000000000
00000000000000000000000000000000
00000000000000000000000000000000
00000000000000000000000000000000
00000000000000000000000000000000
00000000000000000000000000000000
00000000000000000000000000000000
00000000000000000000000000000000
00000000000000000000000000000000
00000000000000000000000000000000
00000000000000000000000000000000
00000000000000000000000000000000
00000000000000000000000000000000
00000000000000000000000000000000
00000000000000000000000000000000
00000000000000000000000000000000
00000000000000000000000000000000
00000000000000000000000000000000
00000000000000000000000000000000
00000000000000000000000000000000
00000000000000000000000000000000
00000000000000000000000000000000
00000000000000000000000000000000
00000000000000000000000000000000
00000000000000000000000000000000
00000000000000000000000000000000
00000000000000000000000000000000
00000000000000000000000000000000
00000000000000000000000000000000
00000000000000000000000000000000
00000000000000000000000000000000
00000000000000000000000000000000
00000000000000000000000000000000
00000000000000000000000000000000
00000000000000000000000000000000
00000000000000000000000000000000
00000000000000000000000000000000
00000000000000000000000000000000
00000000000000000000000000000000
00000000000000000000000000000000
00000000000000000000000000000000
00000000000000000000000000000000
00000000000000000000000000000000
00000000000000000000000000000000
00000000000000000000000000000000
00000000000000000000000000000000
00000000000000000000000000000000
00000000000000000000000000000000
00000000000000000000000000000000
00000000000000000000000000000000
00000000000000000000000000000000
00000000000000000000000000000000
00000000000000000000000000000000
00000000000000000000000000000000
00000000000000000000000000000000
00000000000000000000000000000000
00000000000000000000000000000000
00000000000000000000000000000000
00000000000000000000000000000000
00000000000000000000000000000000
00000000000000000000000000000000
00000000000000000000000000000000
00000000000000000000000000000000
00000000000000000000000000000000
00000000000000000000000000000000
00000000000000000000000000000000
00000000000000000000000000000000
00000000000000000000000000000000
00000000000000000000000000000000
00000000000000000000000000000000
00000000000000000000000000000000
00000000000000000000000000000000
00000000000000000000000000000000
00000000000000000000000000000000
00000000000000000000000000000000
00000000000000000000000000000000
00000000000000000000000000000000
00000000000000000000000000000000
00000000000000000000000000000000
00000000000000000000000000000000
00000000000000000000000000000000
00000000000000000000000000000000
00000000000000000000000000000000
00000000000000000000000000000000
00000000000000000000000000000000
00000000000000000000000000000000
00000000000000000000000000000000
00000000000000000000000000000000
00000000000000000000000000000000
00000000000000000000000000000000
00000000000000000000000000000000
00000000000000000000000000000000
00000000000000000000000000000000
00000000000000000000000000000000
00000000000000000000000000000000
00000000000000000000000000000000
00000000000000000000000000000000
00000000000000000000000000000000
00000000000000000000000000000000
00000000000000000000000000000000
00000000000000000000000000000000
00000000000000000000000000000000
00000000000000000000000000000000
00000000000000000000000000000000
00000000000000000000000000000000
00000000000000000000000000000000
00000000000000000000000000000000
00000000000000000000000000000000
00000000000000000000000000000000
00000000000000000000000000000000
00000000000000000000000000000000
00000000000000000000000000000000
00000000000000000000000000000000
00000000000000000000000000000000
00000000000000000000000000000000
00000000000000000000000000000000
00000000000000000000000000000000
00000000000000000000000000000000
00000000000000000000000000000000
00000000000000000000000000000000
00000000000000000000000000000000
00000000000000000000000000000000
00000000000000000000000000000000
00000000000000000000000000000000
00000000000000000000000000000000
00000000000000000000000000000000
00000000000000000000000000000000
00000000000000000000000000000000
00000000000000000000000000000000
00000000000000000000000000000000
00000000000000000000000000000000
00000000000000000000000000000000
00000000000000000000000000000000
00000000000000000000000000000000
00000000000000000000000000000000
00000000000000000000000000000000
00000000000000000000000000000000
00000000000000000000000000000000
00000000000000000000000000000000
00000000000000000000000000000000
00000000000000000000000000000000
00000000000000000000000000000000
00000000000000000000000000000000
00000000000000000000000000000000
00000000000000000000000000000000
00000000000000000000000000000000
00000000000000000000000000000000
00000000000000000000000000000000
00000000000000000000000000000000
00000000000000000000000000000000
00000000000000000000000000000000
00000000000000000000000000000000
00000000000000000000000000000000
00000000000000000000000000000000
00000000000000000000000000000000
00000000000000000000000000000000
00000000000000000000000000000000
00000000000000000000000000000000
00000000000000000000000000000000
00000000000000000000000000000000
00000000000000000000000000000000
00400000802007610040000080000761
00400000806007610040000080400761
0040000080a007610040000080800761
0040000080e007610040000080c00761
00400000812007610040000081000761
00400000816007610040000081400761
0040000081a007610040000081800761
0040000081e007610040000081c00761
00400000822007610040000082000761
00400000826007610040000082400761
0040000082a007610040000082800761
0040000082e007610040000082c00761
00400000832007610040000083000761
00400000836007610040000083400761
0040000083a007610040000083800761
0040000083e007610040000083c00761
0040000084200761000000008402a003
00400000846007610040000084400761
0040000084a007610040000084800761
0040000084e007610040000084c00761
00400000852007610040000085000761
00400000856007610040000085400761
0040000085a007610040000085800761
0040000085e007610040000085c00761
00400000862007410040000086000741
00400000866007410040000086400741
0040000086a007410040000086800741
0040000086e007410040000086c00741
00400000872007410040000087000741
00400000876007410040000087400741
0040000087a007410040000087800741
0040000087e007410040000087c00741
00400000882007610040000088000761
00400000886007610040000088400761
0040000088a007610040000088800761
0040000088e007610040000088c00761
00400000892007610040000089000761
00400000896007610040000089400761
0040000089a007610040000089800761
0040000089e007610040000089c00761
004000008a200761004000008a000761
004000008a600761004000008a400761
004000008aa00761004000008a800761
004000008ae00761004000008ac00761
004000008b200761004000008b000761
004000008b600761004000008b400761
004000008ba00761004000008b800761
004000008be00761004000008bc00761
004000008c200761004000008c000761
004000008c600761004000008c400761
004000008ca00761004000008c800761
004000008ce00761004000008cc00761
004000008d200761004000008d000761
004000008d600761004000008d400761
004000008da00761004000008d800761
004000008de00761004000008dc00761
004000008e200761004000008e000761
004000008e600761004000008e400761
004000008ea00761004000008e800761
004000008ee00761004000008ec00761
004000008f200761004000008f000761
004000008f600761004000008f400761
004000008fa00761004000008f800761
004000008fe00761004000008fc00761
00400000902007610040000090000761
00400000906007610040000090400761
0040000090a007610040000090800761
0040000090e007610040000090c00761
00400000912007610040000091000761
00400000916007610040000091400761
0040000091a007610040000091800761
0040000091e007610040000091c00761
00400000922007610040000092000761
00400000926007610040000092400761
0040000092a007610040000092800761
0040000092e007610040000092c00761
00400000932007610040000093000761
00400000936007610040000093400761
0040000093a007610040000093800761
0040000093e007610040000093c00761
00400000942007610040000094000761
00400000946007610040000094400761
0040000094a007610040000094800761
0040000094e007610040000094c00761
00400000952007610040000095000761
00400000956007610040000095400761
0040000095a007610040000095800761
0040000095e007610040000095c00761
00400000962007610040000096000761
00400000966007610040000096400761
0040000096a007610040000096800761
0040000096e007610040000096c00761
00400000972007610040000097000761
00400000976007610040000097400761
0040000097a007610040000097800761
0040000097e007610040000097c00761
00400000982007610040000098000761
00400000986007610040000098400761
0040000098a007610040000098800761
0040000098e007610040000098c00761
00400000992007610040000099000761
00400000996007610040000099400761
0040000099a007610040000099800761
0040000099e007610040000099c00761
004000009a200761004000009a000761
004000009a600761004000009a400761
004000009aa00761004000009a800761
004000009ae00761004000009ac00761
004000009b200761004000009b000761
004000009b600761004000009b400761
004000009ba00761004000009b800761
004000009be00761004000009bc00761
004000009c200761004000009c000761
004000009c600761004000009c400761
004000009ca00761004000009c800761
004000009ce00761004000009cc00761
004000009d200761004000009d000761
004000009d600761004000009d400761
004000009da00761004000009d800761
004000009de00761004000009dc00761
004000009e200761004000009e000761
004000009e600761004000009e400761
004000009ea00761004000009e800761
004000009ee00761004000009ec00761
004000009f200761004000009f000761
004000009f600761004000009f400761
004000009fa00761004000009f800761
004000009fe00761004000009fc00761
00400000a020076100400000a0000761
00400000a060076100400000a0400761
00400000a0a0076100400000a0800761
00400000a0e0076100400000a0c00761
00400000a120076100400000a1000761
00400000a160076100400000a1400761
00400000a1a0076100400000a1800761
00400000a1e0076100400000a1c00761
00400000a220076100400000a2000761
00400000a260076100400000a2400761
00400000a2a0076100400000a2800761
00400000a2e0076100400000a2c00761
00400000a320076100400000a3000761
00400000a360076100400000a3400761
00400000a3a0076100400000a3800761
00400000a3e0076100400000a3c00761
00400000a420076100400000a4000761
00400000a460076100400000a4400761
00400000a4a0076100400000a4800761
00400000a4e0076100400000a4c00761
00400000a520076100400000a5000761
00400000a560076100400000a5400761
00400000a5a0076100400000a5800761
00400000a5e0076100400000a5c00761
00400000a620076100400000a6000761
00400000a660076100400000a6400761
00400000a6a0076100400000a6800761
00400000a6e0076100400000a6c00761
00400000a720076100400000a7000761
00400000a760076100400000a7400761
00400000a7a0076100400000a7800761
00400000a7e0076100400000a7c00761
00400000a820076100400000a8000761
00400000a860076100400000a8400761
00400000a8a0076100400000a8800761
00400000a8e0076100400000a8c00761
00400000a920076100400000a9000761
00400000a960076100400000a9400761
00400000a9a0076100400000a9800761
00400000a9e0076100400000a9c00761
00400000aa20076100400000aa000761
00400000aa60076100400000aa400761
00400000aaa0076100400000aa800761
00400000aae0076100400000aac00761
00400000ab20076100400000ab000761
00400000ab60076100400000ab400761
00400000aba0076100400000ab800761
00400000abe0076100400000abc00761
00400000ac20076100400000ac000761
00400000ac60076100400000ac400761
00400000aca0076100400000ac800761
00400000ace0076100400000acc00761
00400000ad20076100400000ad000761
00400000ad60076100400000ad400761
00400000ada0076100400000ad800761
00400000ade0076100400000adc00761
00400000ae20076100400000ae000761
00400000ae60076100400000ae400761
00400000aea0076100400000ae800761
00400000aee0076100400000aec00761
00400000af20076100400000af000761
00400000af60076100400000af400761
00400000afa0076100400000af800761
00400000afe0076100400000afc00761
00400000b020076100400000b0000761
00400000b060076100400000b0400761
00400000b0a0076100400000b0800761
00400000b0e0076100400000b0c00761
00400000b120076100400000b1000761
00400000b160076100400000b1400761
00400000b1a0076100400000b1800761
00400000b1e0076100400000b1c00761
00400000b220076100400000b2000761
00400000b260076100400000b2400761
00400000b2a0076100400000b2800761
00400000b2e0076100400000b2c00761
00400000b320076100400000b3000761
00400000b360076100400000b3400761
00400000b3a0076100400000b3800761
00400000b3e0076100400000b3c00761
00400000b420076100400000b4000761
00400000b460076100400000b4400761
00400000b4a0076100400000b4800761
00400000b4e0076100400000b4c00761
00400000b520076100400000b5000761
00400000b560076100400000b5400761
00400000b5a0076100400000b5800761
00400000b5e0076100400000b5c00761
00400000b620076100400000b6000761
00400000b660076100400000b6400761
00400000b6a0076100400000b6800761
00400000b6e0076100400000b6c00761
00400000b720076100400000b7000761
00400000b760076100400000b7400761
00400000b7a0076100400000b7800761
00400000b7e0076100400000b7c00761
00400000b820076100400000b8000761
00400000b860076100400000b8400761
00400000b8a0076100400000b8800761
00400000b8e0076100400000b8c00761
00400000b920076100400000b9000761
00400000b960076100400000b9400761
00400000b9a0076100400000b9800761
00400000b9e0076100400000b9c00761
00400000ba20076100400000ba000761
00400000ba60076100400000ba400761
00400000baa0076100400000ba800761
00400000bae0076100400000bac00761
00400000bb20076100400000bb000761
00400000bb60076100400000bb400761
00400000bba0076100400000bb800761
00400000bbe0076100400000bbc00761
00400000bc20076100400000bc000761
00400000bc60076100400000bc400761
00400000bca0076100400000bc800761
00400000bce0076100400000bcc00761
00400000bd20076100400000bd000761
00400000bd60076100400000bd400761
00400000bda0076100400000bd800761
00400000bde0076100400000bdc00761
00400000be20076100400000be000761
00400000be60076100400000be400761
00400000bea0076100400000be800761
00400000bee0076100400000bec00761
00400000bf20076100400000bf000761
00400000bf60076100400000bf400761
00400000bfa0076100400000bf800761
00400000bfe0076100400000bfc00761
0040000084001743004000008400064b
00400000840037430040000084002743
00400000840057430040000084004743
00400000840077430040000084006743
00400000840097430040000084008743
004000008400b743004000008400a743
004000008400d743004000008400c743
004000008400f743004000008400e743
00400000840117430040000084010743
00400000840137430040000084012743
00400000840157430040000084014743
00400000840177430040000084016743
00400000840197430040000084018743
004000008401b743004000008401a743
004000008401d743004000008401c743
000000008401f7c3004000008401e743
00000000840217c300000000840207c3
00000000840237c300000000840227c3
004000008402574300400000840247c3
00400000840277430040000084026743
00400000840297430040000084028743
004000008402b743004000008402a743
004000008402d743004000008402c743
004000008402f743004000008402e743
00400000840317430040000084030743
00400000840337630040000084032743
00400000840357630040000084034763
00400000840377630040000084036763
00400000840397630040000084038763
004000008403b763004000008403a763
004000008403d763004000008403c763
004000008403f763004000008403e763
00400000840417630040000084040763
00400000840437630040000084042763
00400000840457630040000084044763
00400000840477630040000084046763
00400000840497630040000084048763
004000008404b763004000008404a763
004000008404d763004000008404c763
004000008404f763004000008404e763
00400000840517630040000084050763
00400000840537630040000084052763
00400000840557630040000084054763
00400000840577630040000084056763
00400000840597630040000084058763
004000008405b763004000008405a763
004000008405d763004000008405c763
004000008405f763004000008405e763
00400000840617630040000084060763
00400000840637630040000084062763
00400000840657630040000084064763
00400000840677630040000084066763
00400000840697630040000084068763
004000008406b763004000008406a763
004000008406d763004000008406c763
004000008406f763004000008406e763
00400000840717630040000084070763
00400000840737630040000084072763
00400000840757630040000084074763
00400000840777630040000084076763
00400000840797630040000084078763
004000008407b763004000008407a763
004000008407d763004000008407c763
004000008407f763004000008407e763
00400000840817630040000084080763
00400000840837630040000084082763
00400000840857630040000084084763
00400000840877630040000084086763
00400000840897630040000084088763
004000008408b763004000008408a763
004000008408d763004000008408c763
004000008408f763004000008408e763
00400000840917630040000084090763
00400000840937630040000084092763
00400000840957630040000084094763
00400000840977630040000084096763
00400000840997630040000084098763
004000008409b763004000008409a763
004000008409d763004000008409c763
004000008409f763004000008409e763
00400000840a176300400000840a0763
00400000840a376300400000840a2763
00400000840a576300400000840a4763
00400000840a776300400000840a6763
00400000840a976300400000840a8763
00400000840ab76300400000840aa763
00400000840ad76300400000840ac763
00400000840af76300400000840ae763
00400000840b176300400000840b0763
00400000840b376300400000840b2763
00400000840b576300400000840b4763
00400000840b776300400000840b6763
00400000840b976300400000840b8763
00400000840bb76300400000840ba763
00400000840bd76300400000840bc763
00400000840bf76300400000840be763
00400000840c176300400000840c0763
00400000840c376300400000840c2763
00400000840c576300400000840c4763
00400000840c776300400000840c6763
00400000840c976300400000840c8763
00400000840cb76300400000840ca763
00400000840cd76300400000840cc763
00400000840cf76300400000840ce763
00400000840d176300400000840d0763
00400000840d376300400000840d2763
00400000840d576300400000840d4763
00400000840d776300400000840d6763
00400000840d976300400000840d8763
00400000840db76300400000840da763
00400000840dd76300400000840dc763
00400000840df76300400000840de763
00400000840e176300400000840e0763
00400000840e376300400000840e2763
00400000840e576300400000840e4763
00400000840e776300400000840e6763
00400000840e976300400000840e8763
00400000840eb76300400000840ea763
00400000840ed76300400000840ec763
00400000840ef76300400000840ee763
00400000840f176300400000840f0763
00400000840f376300400000840f2763
00400000840f576300400000840f4763
00400000840f776300400000840f6763
00400000840f976300400000840f8763
00400000840fb76300400000840fa763
00400000840fd76300400000840fc763
00400000840ff76300400000840fe763
00400000841017630040000084100763
00400000841037630040000084102763
00400000841057630040000084104763
00400000841077630040000084106763
00400000841097630040000084108763
004000008410b763004000008410a763
004000008410d763004000008410c763
004000008410f763004000008410e763
00400000841117630040000084110763
00400000841137630040000084112763
00400000841157630040000084114763
00400000841177630040000084116763
00400000841197630040000084118763
004000008411b763004000008411a763
004000008411d763004000008411c763
004000008411f763004000008411e763
00400000841217630040000084120763
00400000841237630040000084122763
00400000841257630040000084124763
00400000841277630040000084126763
00400000841297630040000084128763
004000008412b763004000008412a763
004000008412d763004000008412c763
004000008412f763004000008412e763
00400000841317630040000084130763
00400000841337630040000084132763
00400000841357630040000084134763
00400000841377630040000084136763
00400000841397630040000084138763
004000008413b763004000008413a763
004000008413d763004000008413c763
004000008413f763004000008413e763
00400000841417630040000084140763
00400000841437630040000084142763
00400000841457630040000084144763
00400000841477630040000084146763
00400000841497630040000084148763
004000008414b763004000008414a763
004000008414d763004000008414c763
004000008414f763004000008414e763
00400000841517630040000084150763
00400000841537630040000084152763
00400000841557630040000084154763
00400000841577630040000084156763
00400000841597630040000084158763
004000008415b763004000008415a763
004000008415d763004000008415c763
004000008415f763004000008415e763
00400000841617630040000084160763
00400000841637630040000084162763
00400000841657630040000084164763
00400000841677630040000084166763
00400000841697630040000084168763
004000008416b763004000008416a763
004000008416d763004000008416c763
004000008416f763004000008416e763
00400000841717630040000084170763
00400000841737630040000084172763
00400000841757630040000084174763
00400000841777630040000084176763
00400000841797630040000084178763
004000008417b763004000008417a763
004000008417d763004000008417c763
004000008417f763004000008417e763
00400000841817630040000084180763
00400000841837630040000084182763
00400000841857630040000084184763
00400000841877630040000084186763
00400000841897630040000084188763
004000008418b763004000008418a763
004000008418d763004000008418c763
004000008418f763004000008418e763
00400000841917630040000084190763
00400000841937630040000084192763
00400000841957630040000084194763
00400000841977630040000084196763
00400000841997630040000084198763
004000008419b763004000008419a763
004000008419d763004000008419c763
004000008419f763004000008419e763
00400000841a176300400000841a0763
00400000841a376300400000841a2763
00400000841a576300400000841a4763
00400000841a776300400000841a6763
00400000841a976300400000841a8763
00400000841ab76300400000841aa763
00400000841ad76300400000841ac763
00400000841af76300400000841ae763
00400000841b176300400000841b0763
00400000841b376300400000841b2763
00400000841b576300400000841b4763
00400000841b776300400000841b6763
00400000841b976300400000841b8763
00400000841bb76300400000841ba763
00400000841bd76300400000841bc763
00400000841bf76300400000841be763
00400000841c176300400000841c0763
00400000841c376300400000841c2763
00400000841c576300400000841c4763
00400000841c776300400000841c6763
00400000841c976300400000841c8763
00400000841cb76300400000841ca763
00400000841cd76300400000841cc763
00400000841cf76300400000841ce763
00400000841d176300400000841d0763
00400000841d376300400000841d2763
00400000841d576300400000841d4763
00400000841d776300400000841d6763
00400000841d976300400000841d8763
00400000841db76300400000841da763
00400000841dd76300400000841dc763
00400000841df76300400000841de763
00400000841e176300400000841e0763
00400000841e376300400000841e2763
00400000841e576300400000841e4763
00400000841e776300400000841e6763
00400000841e976300400000841e8763
00400000841eb76300400000841ea763
00400000841ed76300400000841ec763
00400000841ef76300400000841ee763
00400000841f176300400000841f0763
00400000841f376300400000841f2763
00400000841f576300400000841f4763
00400000841f776300400000841f6763
00400000841f976300400000841f8763
00400000841fb76300400000841fa763
00400000841fd76300400000841fc763
00400000841ff76300400000841fe763
00400000c020076100400000c0000761
00400000c060076100400000c0400761
00400000c0a0076100400000c0800761
00400000c0e0076100400000c0c00761
00400000c120076100400000c1000761
00400000c160076100400000c1400761
00400000c1a0076100400000c1800761
00400000c1e0076100400000c1c00761
00400000c220076100400000c2000761
00400000c260076100400000c2400761
00400000c2a0076100400000c2800761
00400000c2e0076100400000c2c00761
00400000c320076100400000c3000761
00400000c360076100400000c3400761
00400000c3a0076100400000c3800761
00400000c3e0076100400000c3c00761
00400000c420076100400000c4000761
00400000c460076100400000c4400761
00400000c4a0076100400000c4800761
00400000c4e0076100400000c4c00761
00400000c520076100400000c5000761
00400000c560076100400000c5400761
00400000c5a0076100400000c5800761
00400000c5e0076100400000c5c00761
00400000c620076100400000c6000761
00400000c660076100400000c6400761
00400000c6a0076100400000c6800761
00400000c6e0076100400000c6c00761
00400000c720076100400000c7000761
00400000c760076100400000c7400761
00400000c7a0076100400000c7800761
00400000c7e0076100400000c7c00761
00400000c820076100400000c8000761
00400000c860076100400000c8400761
00400000c8a0076100400000c8800761
00400000c8e0076100400000c8c00761
00400000c920076100400000c9000761
00400000c960076100400000c9400761
00400000c9a0076100400000c9800761
00400000c9e0076100400000c9c00761
00400000ca20076100400000ca000761
00400000ca60076100400000ca400761
00400000caa0076100400000ca800761
00400000cae0076100400000cac00761
00400000cb20076100400000cb000761
00400000cb60076100400000cb400761
00400000cba0076100400000cb800761
00400000cbe0076100400000cbc00761
00400000cc20076100400000cc000761
00400000cc60076100400000cc400761
00400000cca0076100400000cc800761
00400000cce0076100400000ccc00761
00400000cd20076100400000cd000761
00400000cd60076100400000cd400761
00400000cda0076100400000cd800761
00400000cde0076100400000cdc00761
00400000ce20076100400000ce000761
00400000ce60076100400000ce400761
00400000cea0076100400000ce800761
00400000cee0076100400000cec00761
00400000cf20076100400000cf000761
00400000cf60076100400000cf400761
00400000cfa0076100400000cf800761
00400000cfe0076100400000cfc00761
00400000d020076100400000d0000761
00400000d060076100400000d0400761
00400000d0a0076100400000d0800761
00400000d0e0076100400000d0c00761
00400000d120076100400000d1000761
00400000d160076100400000d1400761
00400000d1a0076100400000d1800761
00400000d1e0076100400000d1c00761
00400000d220076100400000d2000761
00400000d260076100400000d2400761
00400000d2a0076100400000d2800761
00400000d2e0076100400000d2c00761
00400000d320076100400000d3000761
00400000d360076100400000d3400761
00400000d3a0076100400000d3800761
00400000d3e0076100400000d3c00761
00400000d420076100400000d4000761
00400000d460076100400000d4400761
00400000d4a0076100400000d4800761
00400000d4e0076100400000d4c00761
00400000d520076100400000d5000761
00400000d560076100400000d5400761
00400000d5a0076100400000d5800761
00400000d5e0076100400000d5c00761
00400000d620076100400000d6000761
00400000d660076100400000d6400761
00400000d6a0076100400000d6800761
00400000d6e0076100400000d6c00761
00400000d720076100400000d7000761
00400000d760076100400000d7400761
00400000d7a0076100400000d7800761
00400000d7e0076100400000d7c00761
00400000d820076100400000d8000761
00400000d860076100400000d8400761
00400000d8a0076100400000d8800761
00400000d8e0076100400000d8c00761
00400000d920076100400000d9000761
00400000d960076100400000d9400761
00400000d9a0076100400000d9800761
00400000d9e0076100400000d9c00761
00400000da20076100400000da000761
00400000da60076100400000da400761
00400000daa0076100400000da800761
00400000dae0076100400000dac00761
00400000db20076100400000db000761
00400000db60076100400000db400761
00400000dba0076100400000db800761
00400000dbe0076100400000dbc00761
00400000dc20076100400000dc000761
00400000dc60076100400000dc400761
00400000dca0076100400000dc800761
00400000dce0076100400000dcc00761
00400000dd20076100400000dd000761
00400000dd60076100400000dd400761
00400000dda0076100400000dd800761
00400000dde0076100400000ddc00761
00400000de20076100400000de000761
00400000de60076100400000de400761
00400000dea0076100400000de800761
00400000dee0076100400000dec00761
00400000df20076100400000df000761
00400000df60076100400000df400761
00400000dfa0076100400000df800761
00400000dfe0076100400000dfc00761
00400000e020076100400000e0000761
00400000e060076100400000e0400761
00400000e0a0076100400000e0800761
00400000e0e0076100400000e0c00761
00400000e120076100400000e1000761
00400000e160076100400000e1400761
00400000e1a0076100400000e1800761
00400000e1e0076100400000e1c00761
00400000e220076100400000e2000761
00400000e260076100400000e2400761
00400000e2a0076100400000e2800761
00400000e2e0076100400000e2c00761
00400000e320076100400000e3000761
00400000e360076100400000e3400761
00400000e3a0076100400000e3800761
00400000e3e0076100400000e3c00761
00400000e420076100400000e4000761
00400000e460076100400000e4400761
00400000e4a0076100400000e4800761
00400000e4e0076100400000e4c00761
00400000e520076100400000e5000761
00400000e560076100400000e5400761
00400000e5a0076100400000e5800761
00400000e5e0076100400000e5c00761
00400000e620076100400000e6000761
00400000e660076100400000e6400761
00400000e6a0076100400000e6800761
00400000e6e0076100400000e6c00761
00400000e720076100400000e7000761
00400000e760076100400000e7400761
00400000e7a0076100400000e7800761
00400000e7e0076100400000e7c00761
00400000e820076100400000e8000761
00400000e860076100400000e8400761
00400000e8a0076100400000e8800761
00400000e8e0076100400000e8c00761
00400000e920076100400000e9000761
00400000e960076100400000e9400761
00400000e9a0076100400000e9800761
00400000e9e0076100400000e9c00761
00400000ea20076100400000ea000761
00400000ea60076100400000ea400761
00400000eaa0076100400000ea800761
00400000eae0076100400000eac00761
00400000eb20076100400000eb000761
00400000eb60076100400000eb400761
00400000eba0076100400000eb800761
00400000ebe0076100400000ebc00761
00400000ec20076100400000ec000761
00400000ec60076100400000ec400761
00400000eca0076100400000ec800761
00400000ece0076100400000ecc00761
00400000ed20076100400000ed000761
00400000ed60076100400000ed400761
00400000eda0076100400000ed800761
00400000ede0076100400000edc00761
00400000ee20076100400000ee000761
00400000ee60076100400000ee400761
00400000eea0076100400000ee800761
00400000eee0076100400000eec00761
00400000ef20076100400000ef000761
00400000ef60076100400000ef400761
00400000efa0076100400000ef800761
00400000efe0076100400000efc00761
00400000f020076100400000f0000761
00400000f060076100400000f0400761
00400000f0a0076100400000f0800761
00400000f0e0076100400000f0c00761
00400000f120076100400000f1000761
00400000f160076100400000f1400761
00400000f1a0076100400000f1800761
00400000f1e0076100400000f1c00761
00400000f220076100400000f2000761
00400000f260076100400000f2400761
00400000f2a0076100400000f2800761
00400000f2e0076100400000f2c00761
00400000f320076100400000f3000761
00400000f360076100400000f3400761
00400000f3a0076100400000f3800761
00400000f3e0076100400000f3c00761
00400000f420076100400000f4000761
00400000f460076100400000f4400761
00400000f4a0076100400000f4800761
00400000f4e0076100400000f4c00761
00400000f520076100400000f5000761
00400000f560076100400000f5400761
00400000f5a0076100400000f5800761
00400000f5e0076100400000f5c00761
00400000f620076100400000f6000761
00400000f660076100400000f6400761
00400000f6a0076100400000f6800761
00400000f6e0076100400000f6c00761
00400000f720076100400000f7000761
00400000f760076100400000f7400761
00400000f7a0076100400000f7800761
00400000f7e0076100400000f7c00761
00400000f820076100400000f8000761
00400000f860076100400000f8400761
00400000f8a0076100400000f8800761
00400000f8e0076100400000f8c00761
00400000f920076100400000f9000761
00400000f960076100400000f9400761
00400000f9a0076100400000f9800761
00400000f9e0076100400000f9c00761
00400000fa20076100400000fa000761
00400000fa60076100400000fa400761
00400000faa0076100400000fa800761
00400000fae0076100400000fac00761
00400000fb20076100400000fb000761
00400000fb60076100400000fb400761
00400000fba0076100400000fb800761
00400000fbe0076100400000fbc00761
00400000fc20076100400000fc000761
00400000fc60076100400000fc400761
00400000fca0076100400000fc800761
00400000fce0076100400000fcc00761
00400000fd20076100400000fd000761
00400000fd60076100400000fd400761
00400000fda0076100400000fd800761
00400000fde0076100400000fdc00761
00400000fe20076100400000fe000761
00400000fe60076100400000fe400761
00400000fea0076100400000fe800761
00400000fee0076100400000fec00761
00000000000000000000000000000000
00000000000000000000000000000000
00000000000000000000000000000000
00000000000000000000000000000000
00000000000000000000000000000000
00000000000000000000000000000000
00000000000000000000000000000000
00000000000000000000000000000000
00000000000000000000000000000000
00000000000000000000000000000000
00000000000000000000000000000000
00000000000000000000000000000000
00000000000000000000000000000000
00000000000000000000000000000000
00000000000000000000000000000000
00000000000000000000000000000000
00000000000000000000000000000000
00000000000000000000000000000000
00000000000000000000000000000000
00000000000000000000000000000000
00000000000000000000000000000000
00000000000000000000000000000000
00000000000000000000000000000000
00000000000000000000000000000000
00000000000000000000000000000000
00000000000000000000000000000000
00000000000000000000000000000000
00000000000000000000000000000000
00000000000000000000000000000000
00000000000000000000000000000000
00000000000000000000000000000000
00000000000000000000000000000000
00000000000000000000000000000000
00000000000000000000000000000000
00000000000000000000000000000000
00000000000000000000000000000000
00000000000000000000000000000000
00000000000000000000000000000000
00000000000000000000000000000000
00000000000000000000000000000000
00000000000000000000000000000000
00000000000000000000000000000000
00000000000000000000000000000000
00000000000000000000000000000000
00000000000000000000000000000000
00000000000000000000000000000000
00000000000000000000000000000000
00000000000000000000000000000000
00000000000000000000000000000000
00000000000000000000000000000000
00000000000000000000000000000000
00000000000000000000000000000000
00000000000000000000000000000000
00000000000000000000000000000000
00000000000000000000000000000000
00000000000000000000000000000000
00000000000000000000000000000000
00000000000000000000000000000000
00000000000000000000000000000000
00000000000000000000000000000000
00000000000000000000000000000000
00000000000000000000000000000000
00000000000000000000000000000000
00000000000000000000000000000000
00000000000000000000000000000000
00000000000000000000000000000000
00000000000000000000000000000000
00000000000000000000000000000000
00000000000000000000000000000000
00000000000000000000000000000000
00000000000000000000000000000000
00000000000000000000000000000000
00000000000000000000000000000000
00000000000000000000000000000000
00000000000000000000000000000000
00000000000000000000000000000000
00000000000000000000000000000000
00000000000000000000000000000000
00000000000000000000000000000000
00000000000000000000000000000000
00000000000000000000000000000000
00000000000000000000000000000000
00000000000000000000000000000000
00000000000000000000000000000000
00000000000000000000000000000000
00000000000000000000000000000000
00000000000000000000000000000000
00000000000000000000000000000000
00000000000000000000000000000000
00000000000000000000000000000000
00000000000000000000000000000000
00000000000000000000000000000000
00000000000000000000000000000000
00000000000000000000000000000000
00000000000000000000000000000000
00000000000000000000000000000000
00000000000000000000000000000000
00000000000000000000000000000000
00000000000000000000000000000000
00000000000000000000000000000000
00000000000000000000000000000000
00000000000000000000000000000000
00000000000000000000000000000000
00000000000000000000000000000000
00000000000000000000000000000000
00000000000000000000000000000000
00000000000000000000000000000000
00000000000000000000000000000000
00000000000000000000000000000000
00000000000000000000000000000000
00000000000000000000000000000000
00000000000000000000000000000000
00000000000000000000000000000000
00000000000000000000000000000000
00000000000000000000000000000000
00000000000000000000000000000000
00000000000000000000000000000000
00000000000000000000000000000000
00000000000000000000000000000000
00000000000000000000000000000000
00000000000000000000000000000000
00000000000000000000000000000000
00000000000000000000000000000000
00000000000000000000000000000000
00000000000000000000000000000000
00000000000000000000000000000000
00000000000000000000000000000000
00000000000000000000000000000000
00000000000000000000000000000000
00000000000000000000000000000000
00000000000000000000000000000000
00000000000000000000000000000000
00000000000000000000000000000000
00000000000000000000000000000000
00000000000000000000000000000000
00000000000000000000000000000000
00000000000000000000000000000000
00000000000000000000000000000000
00000000000000000000000000000000
00000000000000000000000000000000
00000000000000000000000000000000
00000000000000000000000000000000
00000000000000000000000000000000
00000000000000000000000000000000
00000000000000000000000000000000
00000000000000000000000000000000
00000000000000000000000000000000
00000000000000000000000000000000
00000000000000000000000000000000
00000000000000000000000000000000
00000000000000000000000000000000
00000000000000000000000000000000
00000000000000000000000000000000
00000000000000000000000000000000
00000000000000000000000000000000
00000000000000000000000000000000
00000000000000000000000000000000
00000000000000000000000000000000
00000000000000000000000000000000
00000000000000000000000000000000
00000000000000000000000000000000
00000000000000000000000000000000
00000000000000000000000000000000
00000000000000000000000000000000
00000000000000000000000000000000
00000000000000000000000000000000
00000000000000000000000000000000
00000000000000000000000000000000
00000000000000000000000000000000
00000000000000000000000000000000
00000000000000000000000000000000
00000000000000000000000000000000
00000000000000000000000000000000
00000000000000000000000000000000
00000000000000000000000000000000
00000000000000000000000000000000
00000000000000000000000000000000
00000000000000000000000000000000
00000000000000000000000000000000
00000000000000000000000000000000
00000000000000000000000000000000
00000000000000000000000000000000
00000000000000000000000000000000
00000000000000000000000000000000
00000000000000000000000000000000
00000000000000000000000000000000
00000000000000000000000000000000
00000000000000000000000000000000
00000000000000000000000000000000
00000000000000000000000000000000
00000000000000000000000000000000
00000000000000000000000000000000
00000000000000000000000000000000
00000000000000000000000000000000
00000000000000000000000000000000
00000000000000000000000000000000
00000000000000000000000000000000
00000000000000000000000000000000
00000000000000000000000000000000
00000000000000000000000000000000
00000000000000000000000000000000
00000000000000000000000000000000
00000000000000000000000000000000
00000000000000000000000000000000
00000000000000000000000000000000
00000000000000000000000000000000
00000000000000000000000000000000
00000000000000000000000000000000
00000000000000000000000000000000
00000000000000000000000000000000
00000000000000000000000000000000
00000000000000000000000000000000
00000000000000000000000000000000
00000000000000000000000000000000
00000000000000000000000000000000
00000000000000000000000000000000
00000000000000000000000000000000
00000000000000000000000000000000
00000000000000000000000000000000
00000000000000000000000000000000
00000000000000000000000000000000
00000000000000000000000000000000
00000000000000000000000000000000
00000000000000000000000000000000
00000000000000000000000000000000
00000000000000000000000000000000
00000000000000000000000000000000
00000000000000000000000000000000
00000000000000000000000000000000
00000000000000000000000000000000
00000000000000000000000000000000
00000000000000000000000000000000
00000000000000000000000000000000
00000000000000000000000000000000
00000000000000000000000000000000
00000000000000000000000000000000
00000000000000000000000000000000
00000000000000000000000000000000
00000000000000000000000000000000
00000000000000000000000000000000
00000000000000000000000000000000
00000000000000000000000000000000
00000000000000000000000000000000
00000000000000000000000000000000
00000000000000000000000000000000
00000000000000000000000000000000
00000000000000000000000000000000
00000000000000000000000000000000
00000000000000000000000000000000
00000000000000000000000000000000
00000000000000000000000000000000
00000000000000000000000000000000
00000000000000000000000000000000
00000000000000000000000000000000
00000000000000000000000000000000
00000000000000000000000000000000
00000000000000000000000000000000
00000000000000000000000000000000
00000000000000000000000000000000
00000000000000000000000000000000
00000000000000000000000000000000
00000000000000000000000000000000
00000000000000000000000000000000
00000000000000000000000000000000
00000000000000000000000000000000
00000000000000000000000000000000
00000000000000000000000000000000
00000000000000000000000000000000
00000000000000000000000000000000
00000000000000000000000000000000
00000000000000000000000000000000
00000000000000000000000000000000
00000000000000000000000000000000
00000000000000000000000000000000
00000000000000000000000000000000
00000000000000000000000000000000
00000000000000000000000000000000
00000000000000000000000000000000
00000000000000000000000000000000
00000000000000000000000000000000
00000000000000000000000000000000
00000000000000000000000000000000
00000000000000000000000000000000
00000000000000000000000000000000
00000000000000000000000000000000
00000000000000000000000000000000
00000000000000000000000000000000
00000000000000000000000000000000
00000000000000000000000000000000
00000000000000000000000000000000
00000000000000000000000000000000
00000000000000000000000000000000
00000000000000000000000000000000
00000000000000000000000000000000
00000000000000000000000000000000
00000000000000000000000000000000
00000000000000000000000000000000
00000000000000000000000000000000
00000000000000000000000000000000
00000000000000000000000000000000
00000000000000000000000000000000
00000000000000000000000000000000
00000000000000000000000000000000
00000000000000000000000000000000
00000000000000000000000000000000
00000000000000000000000000000000
00000000000000000000000000000000
00000000000000000000000000000000
00000000000000000000000000000000
00000000000000000000000000000000
00000000000000000000000000000000
00000000000000000000000000000000
00000000000000000000000000000000
00000000000000000000000000000000
00000000000000000000000000000000
00000000000000000000000000000000
00000000000000000000000000000000
00000000000000000000000000000000
00000000000000000000000000000000
00000000000000000000000000000000
00000000000000000000000000000000
00000000000000000000000000000000
00000000000000000000000000000000
00000000000000000000000000000000
00000000000000000000000000000000
00000000000000000000000000000000
00000000000000000000000000000000
00000000000000000000000000000000
00000000000000000000000000000000
00000000000000000000000000000000
00000000000000000000000000000000
00000000000000000000000000000000
00000000000000000000000000000000
00000000000000000000000000000000
00000000000000000000000000000000
00000000000000000000000000000000
00000000000000000000000000000000
00000000000000000000000000000000
00000000000000000000000000000000
00000000000000000000000000000000
00000000000000000000000000000000
00000000000000000000000000000000
00000000000000000000000000000000
00000000000000000000000000000000
00000000000000000000000000000000
00000000000000000000000000000000
00000000000000000000000000000000
00000000000000000000000000000000
00000000000000000000000000000000
00000000000000000000000000000000
00000000000000000000000000000000
00000000000000000000000000000000
00000000000000000000000000000000
00000000000000000000000000000000
00000000000000000000000000000000
00000000000000000000000000000000
00000000000000000000000000000000
00000000000000000000000000000000
00000000000000000000000000000000
00000000000000000000000000000000
00000000000000000000000000000000
00000000000000000000000000000000
00000000000000000000000000000000
00000000000000000000000000000000
00000000000000000000000000000000
00000000000000000000000000000000
00000000000000000000000000000000
00000000000000000000000000000000
00000000000000000000000000000000
00000000000000000000000000000000
00000000000000000000000000000000
00000000000000000000000000000000
00000000000000000000000000000000
00000000000000000000000000000000
00000000000000000000000000000000
00000000000000000000000000000000
00000000000000000000000000000000
00000000000000000000000000000000
00000000000000000000000000000000
00000000000000000000000000000000
00000000000000000000000000000000
00000000000000000000000000000000
00000000000000000000000000000000
00000000000000000000000000000000
00000000000000000000000000000000
00000000000000000000000000000000
00000000000000000000000000000000
00000000000000000000000000000000
00000000000000000000000000000000
00000000000000000000000000000000
00000000000000000000000000000000
00000000000000000000000000000000
00000000000000000000000000000000
00000000000000000000000000000000
00000000000000000000000000000000
00000000000000000000000000000000
00000000000000000000000000000000
00000000000000000000000000000000
00000000000000000000000000000000
00000000000000000000000000000000
00000000000000000000000000000000
00000000000000000000000000000000
00000000000000000000000000000000
00000000000000000000000000000000
00000000000000000000000000000000
00000000000000000000000000000000
00000000000000000000000000000000
00000000000000000000000000000000
00000000000000000000000000000000
00000000000000000000000000000000
00000000000000000000000000000000
00000000000000000000000000000000
00000000000000000000000000000000
00000000000000000000000000000000
00000000000000000000000000000000
00000000000000000000000000000000
00000000000000000000000000000000
00000000000000000000000000000000
00000000000000000000000000000000
00000000000000000000000000000000
00000000000000000000000000000000
00000000000000000000000000000000
00000000000000000000000000000000
00000000000000000000000000000000
00000000000000000000000000000000
00000000000000000000000000000000
00000000000000000000000000000000
00000000000000000000000000000000
00000000000000000000000000000000
00000000000000000000000000000000
00000000000000000000000000000000
00000000000000000000000000000000
00000000000000000000000000000000
00000000000000000000000000000000
00000000000000000000000000000000
00000000000000000000000000000000
00000000000000000000000000000000
00000000000000000000000000000000
00000000000000000000000000000000
00000000000000000000000000000000
00000000000000000000000000000000
00000000000000000000000000000000
00000000000000000000000000000000
00000000000000000000000000000000
00000000000000000000000000000000
00000000000000000000000000000000
00000000000000000000000000000000
00000000000000000000000000000000
00000000000000000000000000000000
00000000000000000000000000000000
00000000000000000000000000000000
00000000000000000000000000000000
00000000000000000000000000000000
00000000000000000000000000000000
00000000000000000000000000000000
00000000000000000000000000000000
00000000000000000000000000000000
00000000000000000000000000000000
00000000000000000000000000000000
00000000000000000000000000000000
00000000000000000000000000000000
00000000000000000000000000000000
00000000000000000000000000000000
00000000000000000000000000000000
00000000000000000000000000000000
00000000000000000000000000000000
00000000000000000000000000000000
00000000000000000000000000000000
00000000000000000000000000000000
00000000000000000000000000000000
00000000000000000000000000000000
00000000000000000000000000000000
00000000000000000000000000000000
00000000000000000000000000000000
00000000000000000000000000000000
00000000000000000000000000000000
00000000000000000000000000000000
00000000000000000000000000000000
00000000000000000000000000000000
00000000000000000000000000000000
00000000000000000000000000000000
00000000000000000000000000000000
00000000000000000000000000000000
00000000000000000000000000000000
00000000000000000000000000000000
00000000000000000000000000000000
00000000000000000000000000000000
00000000000000000000000000000000
00000000000000000000000000000000
00000000000000000000000000000000
00000000000000000000000000000000
00000000000000000000000000000000
00000000000000000000000000000000
00000000000000000000000000000000
00000000000000000000000000000000
00000000000000000000000000000000
00000000000000000000000000000000
00000000000000000000000000000000
00000000000000000000000000000000
00000000000000000000000000000000
00000000000000000000000000000000
00000000000000000000000000000000
00000000000000000000000000000000
00000000000000000000000000000000
00000000000000000000000000000000
00000000000000000000000000000000
00000000000000000000000000000000
00000000000000000000000000000000
00000000000000000000000000000000
00000000000000000000000000000000
00000000000000000000000000000000
00000000000000000000000000000000
00000000000000000000000000000000
00000000000000000000000000000000
00000000000000000000000000000000
00000000000000000000000000000000
00000000000000000000000000000000
00000000000000000000000000000000
00000000000000000000000000000000
00000000000000000000000000000000
00000000000000000000000000000000
00000000000000000000000000000000
00000000000000000000000000000000
00000000000000000000000000000000
00000000000000000000000000000000
00000000000000000000000000000000
00000000000000000000000000000000
00000000000000000000000000000000
00000000000000000000000000000000
00000000000000000000000000000000
00000000000000000000000000000000
00000000000000000000000000000000
00000000000000000000000000000000
00000000000000000000000000000000
00000000000000000000000000000000
00000000000000000000000000000000
00000000000000000000000000000000
00000000000000000000000000000000
00000000000000000000000000000000
00000000000000000000000000000000
00000000000000000000000000000000
00000000000000000000000000000000
00000000000000000000000000000000
00000000000000000000000000000000
00000000000000000000000000000000
00000000000000000000000000000000
00000000000000000000000000000000
00000000000000000000000000000000
00000000000000000000000000000000
00000000000000000000000000000000
00000000000000000000000000000000
00000000000000000000000000000000
00000000000000000000000000000000
00000000000000000000000000000000
00000000000000000000000000000000
00000000000000000000000000000000
00000000000000000000000000000000
00000000000000000000000000000000
00000000000000000000000000000000
00000000000000000000000000000000
00000000000000000000000000000000
00000000000000000000000000000000
00000000000000000000000000000000
00000000000000000000000000000000
00000000000000000000000000000000
00000000000000000000000000000000
00000000000000000000000000000000
00000000000000000000000000000000
00000000000000000000000000000000
00000000000000000000000000000000
00000000000000000000000000000000
00000000000000000000000000000000
00000000000000000000000000000000
00000000000000000000000000000000
00000000000000000000000000000000
00000000000000000000000000000000
00000000000000000000000000000000
00000000000000000000000000000000
00000000000000000000000000000000
00000000000000000000000000000000
00000000000000000000000000000000
00000000000000000000000000000000
00000000000000000000000000000000
00000000000000000000000000000000
00000000000000000000000000000000
00000000000000000000000000000000
00000000000000000000000000000000
00000000000000000000000000000000
00000000000000000000000000000000
00000000000000000000000000000000
00000000000000000000000000000000
00000000000000000000000000000000
00000000000000000000000000000000
00000000000000000000000000000000
00000000000000000000000000000000
00000000000000000000000000000000
00000000000000000000000000000000
00000000000000000000000000000000
00000000000000000000000000000000
00000000000000000000000000000000
00000000000000000000000000000000
00000000000000000000000000000000
00000000000000000000000000000000
00000000000000000000000000000000
00000000000000000000000000000000
00000000000000000000000000000000
00000000000000000000000000000000
00000000000000000000000000000000
00000000000000000000000000000000
00000000000000000000000000000000
00000000000000000000000000000000
00000000000000000000000000000000
00000000000000000000000000000000
00000000000000000000000000000000
00000000000000000000000000000000
00000000000000000000000000000000
00000000000000000000000000000000
00000000000000000000000000000000
00000000000000000000000000000000
00000000000000000000000000000000
00000000000000000000000000000000
00000000000000000000000000000000
00000000000000000000000000000000
00000000000000000000000000000000
00000000000000000000000000000000
00000000000000000000000000000000
00000000000000000000000000000000
00000000000000000000000000000000
00000000000000000000000000000000
00000000000000000000000000000000
00000000000000000000000000000000
00000000000000000000000000000000
00000000000000000000000000000000
00000000000000000000000000000000
00000000000000000000000000000000
00000000000000000000000000000000
00000000000000000000000000000000
00000000000000000000000000000000
00000000000000000000000000000000
00000000000000000000000000000000
00000000000000000000000000000000
00000000000000000000000000000000
00000000000000000000000000000000
00000000000000000000000000000000
00000000000000000000000000000000
00000000000000000000000000000000
00000000000000000000000000000000
00000000000000000000000000000000
00000000000000000000000000000000
00000000000000000000000000000000
00000000000000000000000000000000
00000000000000000000000000000000
00000000000000000000000000000000
00000000000000000000000000000000
00000000000000000000000000000000
00000000000000000000000000000000
00000000000000000000000000000000
00000000000000000000000000000000
00000000000000000000000000000000
00000000000000000000000000000000
00000000000000000000000000000000
00000000000000000000000000000000
00000000000000000000000000000000
00000000000000000000000000000000
00000000000000000000000000000000
00000000000000000000000000000000
00000000000000000000000000000000
00000000000000000000000000000000
00000000000000000000000000000000
00000000000000000000000000000000
00000000000000000000000000000000
00000000000000000000000000000000
00000000000000000000000000000000
00000000000000000000000000000000
00000000000000000000000000000000
00000000000000000000000000000000
00000000000000000000000000000000
00000000000000000000000000000000
00000000000000000000000000000000
00000000000000000000000000000000
00000000000000000000000000000000
00000000000000000000000000000000
00000000000000000000000000000000
00000000000000000000000000000000
00000000000000000000000000000000
00000000000000000000000000000000
00000000000000000000000000000000
00000000000000000000000000000000
00000000000000000000000000000000
00000000000000000000000000000000
00000000000000000000000000000000
00000000000000000000000000000000
00000000000000000000000000000000
00000000000000000000000000000000
00000000000000000000000000000000
00000000000000000000000000000000
00000000000000000000000000000000
00000000000000000000000000000000
00000000000000000000000000000000
00000000000000000000000000000000
00000000000000000000000000000000
00000000000000000000000000000000
00000000000000000000000000000000
00000000000000000000000000000000
00000000000000000000000000000000
00000000000000000000000000000000
00000000000000000000000000000000
00000000000000000000000000000000
00000000000000000000000000000000
00000000000000000000000000000000
00000000000000000000000000000000
00000000000000000000000000000000
00000000000000000000000000000000
00000000000000000000000000000000
00000000000000000000000000000000
00000000000000000000000000000000
00000000000000000000000000000000
00000000000000000000000000000000
00000000000000000000000000000000
00000000000000000000000000000000
00000000000000000000000000000000
00000000000000000000000000000000
00000000000000000000000000000000
00000000000000000000000000000000
00000000000000000000000000000000
00000000000000000000000000000000
00000000000000000000000000000000
00000000000000000000000000000000
00000000000000000000000000000000
00000000000000000000000000000000
00000000000000000000000000000000
00000000000000000000000000000000
00000000000000000000000000000000
00000000000000000000000000000000
00000000000000000000000000000000
00000000000000000000000000000000
00000000000000000000000000000000
00000000000000000000000000000000
00000000000000000000000000000000
00000000000000000000000000000000
00000000000000000000000000000000
00000000000000000000000000000000
00000000000000000000000000000000
00000000000000000000000000000000
00000000000000000000000000000000
00000000000000000000000000000000
00000000000000000000000000000000
00000000000000000000000000000000
00000000000000000000000000000000
00000000000000000000000000000000
00000000000000000000000000000000
00000000000000000000000000000000
00000000000000000000000000000000
00000000000000000000000000000000
00000000000000000000000000000000
00000000000000000000000000000000
00000000000000000000000000000000
00000000000000000000000000000000
00000000000000000000000000000000
00000000000000000000000000000000
00000000000000000000000000000000
00000000000000000000000000000000
00000000000000000000000000000000
00000000000000000000000000000000
00000000000000000000000000000000
00000000000000000000000000000000
00000000000000000000000000000000
00000000000000000000000000000000
00000000000000000000000000000000
00000000000000000000000000000000
00000000000000000000000000000000
00000000000000000000000000000000
00000000000000000000000000000000
00000000000000000000000000000000
00000000000000000000000000000000
00000000000000000000000000000000
00000000000000000000000000000000
00000000000000000000000000000000
00000000000000000000000000000000
00000000000000000000000000000000
00000000000000000000000000000000
00000000000000000000000000000000
00000000000000000000000000000000
00000000000000000000000000000000
00000000000000000000000000000000
00000000000000000000000000000000
00000000000000000000000000000000
00000000000000000000000000000000
00000000000000000000000000000000
00000000000000000000000000000000
00000000000000000000000000000000
00000000000000000000000000000000
00000000000000000000000000000000
00000000000000000000000000000000
00000000000000000000000000000000
00000000000000000000000000000000
00000000000000000000000000000000
00000000000000000000000000000000
00000000000000000000000000000000
00000000000000000000000000000000
00000000000000000000000000000000
00000000000000000000000000000000
00000000000000000000000000000000
00000000000000000000000000000000
00000000000000000000000000000000
00000000000000000000000000000000
00000000000000000000000000000000
00000000000000000000000000000000
00000000000000000000000000000000
00000000000000000000000000000000
00000000000000000000000000000000
00000000000000000000000000000000
00000000000000000000000000000000
00000000000000000000000000000000
00000000000000000000000000000000
00000000000000000000000000000000
00000000000000000000000000000000
00000000000000000000000000000000
00000000000000000000000000000000
00000000000000000000000000000000
00000000000000000000000000000000
00000000000000000000000000000000
00000000000000000000000000000000
00000000000000000000000000000000
00000000000000000000000000000000
00000000000000000000000000000000
00000000000000000000000000000000
00000000000000000000000000000000
00000000000000000000000000000000
00000000000000000000000000000000
00000000000000000000000000000000
00000000000000000000000000000000
00000000000000000000000000000000
00000000000000000000000000000000
00000000000000000000000000000000
00000000000000000000000000000000
00000000000000000000000000000000
00000000000000000000000000000000
00000000000000000000000000000000
00000000000000000000000000000000
00000000000000000000000000000000
00000000000000000000000000000000
00000000000000000000000000000000
00000000000000000000000000000000
00000000000000000000000000000000
00000000000000000000000000000000
00000000000000000000000000000000
00000000000000000000000000000000
00000000000000000000000000000000
00000000000000000000000000000000
00000000000000000000000000000000
00000000000000000000000000000000
00000000000000000000000000000000
00000000000000000000000000000000
00000000000000000000000000000000
00000000000000000000000000000000
00000000000000000000000000000000
00000000000000000000000000000000
00000000000000000000000000000000
00000000000000000000000000000000
00000000000000000000000000000000
00000000000000000000000000000000
00000000000000000000000000000000
00000000000000000000000000000000
00000000000000000000000000000000
00000000000000000000000000000000
00000000000000000000000000000000
00000000000000000000000000000000
00000000000000000000000000000000
00000000000000000000000000000000
00000000000000000000000000000000
00000000000000000000000000000000
00000000000000000000000000000000
00000000000000000000000000000000
00000000000000000000000000000000
00000000000000000000000000000000
00000000000000000000000000000000
00000000000000000000000000000000
00000000000000000000000000000000
00000000000000000000000000000000
00000000000000000000000000000000
00000000000000000000000000000000
00000000000000000000000000000000
00000000000000000000000000000000
00000000000000000000000000000000
00000000000000000000000000000000
00000000000000000000000000000000
00000000000000000000000000000000
00000000000000000000000000000000
00000000000000000000000000000000
00000000000000000000000000000000
00000000000000000000000000000000
00000000000000000000000000000000
00000000000000000000000000000000
00000000000000000000000000000000
00000000000000000000000000000000
00000000000000000000000000000000
00000000000000000000000000000000
00000000000000000000000000000000
00000000000000000000000000000000
00000000000000000000000000000000
00000000000000000000000000000000
00000000000000000000000000000000
00000000000000000000000000000000
00000000000000000000000000000000
00000000000000000000000000000000
00000000000000000000000000000000
00000000000000000000000000000000
00000000000000000000000000000000
00000000000000000000000000000000
00000000000000000000000000000000
00000000000000000000000000000000
00000000000000000000000000000000
00000000000000000000000000000000
00000000000000000000000000000000
00000000000000000000000000000000
00000000000000000000000000000000
00000000000000000000000000000000
00000000000000000000000000000000
00000000000000000000000000000000
00000000000000000000000000000000
00000000000000000000000000000000
00000000000000000000000000000000
00000000000000000000000000000000
00000000000000000000000000000000
00000000000000000000000000000000
00000000000000000000000000000000
00000000000000000000000000000000
00000000000000000000000000000000
00000000000000000000000000000000
00000000000000000000000000000000
00000000000000000000000000000000
00000000000000000000000000000000
00000000000000000000000000000000
00000000000000000000000000000000
00000000000000000000000000000000
00000000000000000000000000000000
00000000000000000000000000000000
00000000000000000000000000000000
00000000000000000000000000000000
00000000000000000000000000000000
00000000000000000000000000000000
00000000000000000000000000000000
00000000000000000000000000000000
00000000000000000000000000000000
00000000000000000000000000000000
00000000000000000000000000000000
00000000000000000000000000000000
00000000000000000000000000000000
00000000000000000000000000000000
00000000000000000000000000000000
00000000000000000000000000000000
00000000000000000000000000000000
00000000000000000000000000000000
00000000000000000000000000000000
00000000000000000000000000000000
00000000000000000000000000000000
00000000000000000000000000000000
00000000000000000000000000000000
00000000000000000000000000000000
00000000000000000000000000000000
00000000000000000000000000000000
00000000000000000000000000000000
00000000000000000000000000000000
00000000000000000000000000000000
00000000000000000000000000000000
00000000000000000000000000000000
00000000000000000000000000000000
00000000000000000000000000000000
00000000000000000000000000000000
00000000000000000000000000000000
00000000000000000000000000000000
00000000000000000000000000000000
00000000000000000000000000000000
00000000000000000000000000000000
00000000000000000000000000000000
00000000000000000000000000000000
00000000000000000000000000000000
00000000000000000000000000000000
00000000000000000000000000000000
00000000000000000000000000000000
00000000000000000000000000000000
00000000000000000000000000000000
00000000000000000000000000000000
00000000000000000000000000000000
00000000000000000000000000000000
00000000000000000000000000000000
00000000000000000000000000000000
00000000000000000000000000000000
00000000000000000000000000000000
00000000000000000000000000000000
00000000000000000000000000000000
00000000000000000000000000000000
00000000000000000000000000000000
00000000000000000000000000000000
00000000000000000000000000000000
00000000000000000000000000000000
00000000000000000000000000000000
00000000000000000000000000000000
00000000000000000000000000000000
00000000000000000000000000000000
00000000000000000000000000000000
00000000000000000000000000000000
00000000000000000000000000000000
00000000000000000000000000000000
00000000000000000000000000000000
00000000000000000000000000000000
00000000000000000000000000000000
00000000000000000000000000000000
00000000000000000000000000000000
00000000000000000000000000000000
00000000000000000000000000000000
00000000000000000000000000000000
00000000000000000000000000000000
00000000000000000000000000000000
00000000000000000000000000000000
00000000000000000000000000000000
00000000000000000000000000000000
00000000000000000000000000000000
00000000000000000000000000000000
00000000000000000000000000000000
00000000000000000000000000000000
00000000000000000000000000000000
00000000000000000000000000000000
00000000000000000000000000000000
00000000000000000000000000000000
00000000000000000000000000000000
00000000000000000000000000000000
00000000000000000000000000000000
