
/home/linux8007/atf_v2.7/build/fvp/release/bl1/bl1.elf:     file format elf64-littleaarch64
/home/linux8007/atf_v2.7/build/fvp/release/bl1/bl1.elf
architecture: aarch64, flags 0x00000112:
EXEC_P, HAS_SYMS, D_PAGED
start address 0x0000000000000000

Program Header:
    LOAD off    0x0000000000001000 vaddr 0x0000000000000000 paddr 0x0000000000000000 align 2**12
         filesz 0x0000000000007510 memsz 0x0000000000007510 flags r-x
    LOAD off    0x0000000000009000 vaddr 0x0000000084033000 paddr 0x0000000000007510 align 2**12
         filesz 0x00000000000004e0 memsz 0x00000000000004e0 flags rw-
    LOAD off    0x0000000000000500 vaddr 0x0000000084033500 paddr 0x00000000000079f0 align 2**12
         filesz 0x0000000000000000 memsz 0x0000000000000500 flags rw-
    LOAD off    0x0000000000000a00 vaddr 0x0000000084033a00 paddr 0x00000000000079f0 align 2**12
         filesz 0x0000000000000000 memsz 0x0000000000001800 flags rw-
    LOAD off    0x0000000000000000 vaddr 0x0000000084036000 paddr 0x0000000000008000 align 2**12
         filesz 0x0000000000000000 memsz 0x0000000000005000 flags rw-
   STACK off    0x0000000000000000 vaddr 0x0000000000000000 paddr 0x0000000000000000 align 2**4
         filesz 0x0000000000000000 memsz 0x0000000000000000 flags rw-
private flags = 0x0:

Sections:
Idx Name          Size      VMA               LMA               File off  Algn
  0 .text         00006000  0000000000000000  0000000000000000  00001000  2**11
                  CONTENTS, ALLOC, LOAD, READONLY, CODE
  1 .rodata       00001510  0000000000006000  0000000000006000  00007000  2**3
                  CONTENTS, ALLOC, LOAD, READONLY, DATA
  2 .data         000004e0  0000000084033000  0000000000007510  00009000  2**4
                  CONTENTS, ALLOC, LOAD, DATA
  3 .stacks       00000500  0000000084033500  00000000000079f0  00009500  2**6
                  ALLOC
  4 .bss          00001800  0000000084033a00  00000000000079f0  00009a00  2**9
                  ALLOC
  5 .xlat_table   00005000  0000000084036000  0000000000008000  0000a000  2**12
                  ALLOC
  6 .comment      0000002b  0000000000000000  0000000000000000  000094e0  2**0
                  CONTENTS, READONLY
  7 .debug_frame  00001308  0000000000000000  0000000000000000  00009510  2**3
                  CONTENTS, READONLY, DEBUGGING, OCTETS
SYMBOL TABLE:
0000000000000000 l    d  .text	0000000000000000 .text
0000000000006000 l    d  .rodata	0000000000000000 .rodata
0000000084033000 l    d  .data	0000000000000000 .data
0000000084033500 l    d  .stacks	0000000000000000 .stacks
0000000084033a00 l    d  .bss	0000000000000000 .bss
0000000084036000 l    d  .xlat_table	0000000000000000 .xlat_table
0000000000000000 l    d  .comment	0000000000000000 .comment
0000000000000000 l    d  .debug_frame	0000000000000000 .debug_frame
0000000000000000 l    df *ABS*	0000000000000000 bl1_entrypoint.o
0000000000000054 l       .text	0000000000000000 feat_sctlr2_not_supported8
0000000000000000 l    df *ABS*	0000000000000000 bl1_arch_setup.c
0000000000000000 l    df *ABS*	0000000000000000 bl1_context_mgmt.c
0000000084033fe0 l     O .bss	0000000000000010 bl1_cpu_context_ptr
0000000084033a00 l     O .bss	00000000000005e0 bl1_cpu_context.0
0000000000000000 l    df *ABS*	0000000000000000 bl1_main.c
0000000000000000 l    df *ABS*	0000000000000000 bl_common.c
000000000000037c l     F .text	00000000000000b0 load_image
0000000000000000 l    df *ABS*	0000000000000000 fdt_wrappers.c
00000000000004c0 l     F .text	0000000000000008 fdt32_to_cpu
00000000000004c0 l     F .text	0000000000000008 cpu_to_fdt32
0000000000000000 l    df *ABS*	0000000000000000 tf_log.c
00000000840334d8 l     O .data	0000000000000004 max_log_level
0000000000000000 l    df *ABS*	0000000000000000 cx_wdt.c
0000000000000000 l    df *ABS*	0000000000000000 smmu_v3.c
00000000000006ec l     F .text	000000000000007c smmuv3_poll.constprop.0
0000000000000000 l    df *ABS*	0000000000000000 multi_console.c
00000000840334dc l     O .data	0000000000000004 console_state
0000000000000000 l    df *ABS*	0000000000000000 delay_timer.c
0000000084033ff8 l     O .bss	0000000000000008 timer_ops
0000000000000000 l    df *ABS*	0000000000000000 generic_delay_timer.c
00000000000009dc l     F .text	0000000000000024 generic_delay_timeout_init_us
0000000000000a00 l     F .text	0000000000000010 generic_delay_timeout_elapsed
0000000000000a10 l     F .text	000000000000000c generic_delay_get_timer_value
0000000084034000 l     O .bss	0000000000000020 ops
0000000000000000 l    df *ABS*	0000000000000000 io_fip.c
0000000000000ab0 l     F .text	0000000000000008 device_type_fip
0000000000000ab8 l     F .text	0000000000000014 fip_file_len
0000000000000acc l     F .text	000000000000003c fip_file_close
0000000084034050 l     O .bss	0000000000000030 current_fip_file
0000000000000b08 l     F .text	00000000000000b8 fip_file_read
0000000084034040 l     O .bss	0000000000000008 backend_image_spec
0000000084034048 l     O .bss	0000000000000008 backend_dev_handle
0000000000000bc0 l     F .text	0000000000000060 fip_dev_open
0000000084034560 l     O .bss	0000000000000004 fip_dev_count
0000000084034030 l     O .bss	0000000000000010 state_pool
0000000084034020 l     O .bss	0000000000000010 dev_info_pool
0000000000006000 l     O .rodata	0000000000000048 fip_dev_funcs
0000000000000c20 l     F .text	00000000000000b4 fip_dev_init
0000000000000cd4 l     F .text	0000000000000100 fip_file_open
00000000000070f7 l     O .rodata	0000000000000010 uuid_null.0
0000000000000dd4 l     F .text	000000000000005c fip_dev_close
0000000000006048 l     O .rodata	0000000000000008 fip_dev_connector
0000000000000000 l    df *ABS*	0000000000000000 io_memmap.c
0000000000000e68 l     F .text	0000000000000008 device_type_memmap
0000000000000e70 l     F .text	0000000000000014 memmap_dev_open
0000000084033000 l     O .data	0000000000000010 memmap_dev_info
0000000000000e84 l     F .text	0000000000000008 memmap_dev_close
0000000000000e8c l     F .text	0000000000000034 memmap_block_open
0000000084034080 l     O .bss	0000000000000020 current_memmap_file
0000000000000ec0 l     F .text	0000000000000020 memmap_block_seek
0000000000000ee0 l     F .text	0000000000000014 memmap_block_len
0000000000000ef4 l     F .text	0000000000000028 memmap_block_close
0000000000000f1c l     F .text	0000000000000048 memmap_block_write
0000000000000f64 l     F .text	0000000000000050 memmap_block_read
0000000000006098 l     O .rodata	0000000000000008 memmap_dev_connector
0000000000006050 l     O .rodata	0000000000000048 memmap_dev_funcs
0000000000000000 l    df *ABS*	0000000000000000 io_semihosting.c
0000000000000fec l     F .text	0000000000000008 device_type_sh
0000000000000ff4 l     F .text	0000000000000014 sh_dev_open
0000000084033010 l     O .data	0000000000000010 sh_dev_info
0000000000001008 l     F .text	0000000000000024 sh_file_close
000000000000102c l     F .text	000000000000004c sh_file_write
0000000000001078 l     F .text	0000000000000048 sh_file_read
00000000000010c0 l     F .text	0000000000000038 sh_file_len
00000000000010f8 l     F .text	0000000000000028 sh_file_seek
0000000000001120 l     F .text	0000000000000044 sh_file_open
00000000000060e8 l     O .rodata	0000000000000008 sh_dev_connector
00000000000060a0 l     O .rodata	0000000000000048 sh_dev_funcs
0000000000000000 l    df *ABS*	0000000000000000 io_storage.c
000000000000119c l     F .text	0000000000000040 free_entity.isra.0
00000000840340a0 l     O .bss	0000000000000020 entity_map
0000000084034568 l     O .bss	0000000000000004 entity_count
0000000084034564 l     O .bss	0000000000000004 dev_count
00000000840340c0 l     O .bss	0000000000000040 entity_pool
0000000000000000 l    df *ABS*	0000000000000000 cxuart_console.c
0000000000000000 l    df *ABS*	0000000000000000 errata_report.c
0000000000000000 l    df *ABS*	0000000000000000 context_mgmt.c
0000000000000000 l    df *ABS*	0000000000000000 fconf.c
0000000000000000 l    df *ABS*	0000000000000000 fconf_dyn_cfg_getter.c
0000000084033020 l     O .data	0000000000000020 dtb_info_pool
0000000084034120 l     O .bss	0000000000000090 dtb_infos
0000000000007388 l     O .rodata	0000000000000018 dyn_cfg__populator
0000000000000000 l    df *ABS*	0000000000000000 semihosting.c
0000000000000000 l    df *ABS*	0000000000000000 xlat_tables_arch.c
0000000000000000 l    df *ABS*	0000000000000000 xlat_tables_context.c
0000000084033040 l     O .data	0000000000000060 tf_xlat_ctx
00000000840341b0 l     O .bss	0000000000000320 tf_mmap
0000000084036000 l     O .xlat_table	0000000000005000 tf_xlat_tables
0000000084035000 l     O .bss	0000000000000200 tf_base_xlat_table
0000000000000000 l    df *ABS*	0000000000000000 xlat_tables_core.c
0000000000002104 l     F .text	00000000000001d0 xlat_tables_map_region
0000000000000000 l    df *ABS*	0000000000000000 xlat_tables_utils.c
0000000000000000 l    df *ABS*	0000000000000000 fvp_bl1_setup.c
0000000000000000 l    df *ABS*	0000000000000000 fvp_common.c
0000000000000000 l    df *ABS*	0000000000000000 fvp_err.c
0000000000000000 l    df *ABS*	0000000000000000 fvp_io_storage.c
00000000840344f8 l     O .bss	0000000000000008 sh_dev_con
00000000840344f0 l     O .bss	0000000000000008 sh_dev_handle
00000000000061b8 l     O .rodata	0000000000000210 sh_file_spec
0000000000000000 l    df *ABS*	0000000000000000 arm_bl1_setup.c
0000000084034500 l     O .bss	0000000000000010 bl1_tzram_layout
000000008403456c l     O .bss	0000000000000001 is_fwu_needed
0000000000000000 l    df *ABS*	0000000000000000 arm_common.c
0000000000000000 l    df *ABS*	0000000000000000 arm_console.c
0000000084034510 l     O .bss	0000000000000028 arm_boot_console
0000000000000000 l    df *ABS*	0000000000000000 arm_err.c
0000000000000000 l    df *ABS*	0000000000000000 arm_io_storage.c
0000000084034550 l     O .bss	0000000000000008 fip_dev_con
0000000084034540 l     O .bss	0000000000000008 memmap_dev_con
0000000000000000 l    df *ABS*	0000000000000000 plat_bl1_common.c
0000000084033458 l     O .data	0000000000000080 bl2_img_desc.0
0000000000000000 l    df *ABS*	0000000000000000 plat_bl_common.c
0000000000000000 l    df *ABS*	0000000000000000 plat_log_common.c
00000000000063c8 l     O .rodata	0000000000000030 plat_prefix_str
0000000000000000 l    df *ABS*	0000000000000000 bl1_exceptions.o
0000000000005000 l     F .text	0000000000000000 SynchronousExceptionSP0
0000000000005080 l     F .text	0000000000000000 IrqSP0
0000000000005100 l     F .text	0000000000000000 FiqSP0
0000000000005180 l     F .text	0000000000000000 SErrorSP0
0000000000005200 l     F .text	0000000000000000 SynchronousExceptionSPx
0000000000005280 l     F .text	0000000000000000 IrqSPx
0000000000005300 l     F .text	0000000000000000 FiqSPx
0000000000005380 l     F .text	0000000000000000 SErrorSPx
0000000000005400 l     F .text	0000000000000000 SynchronousExceptionA64
0000000000002ee8 l       .text	0000000000000000 unexpected_sync_exception
0000000000002e70 l     F .text	0000000000000078 smc_handler64
0000000000005480 l     F .text	0000000000000000 IrqA64
0000000000005500 l     F .text	0000000000000000 FiqA64
0000000000005580 l     F .text	0000000000000000 SErrorA64
0000000000005600 l     F .text	0000000000000000 SynchronousExceptionA32
0000000000005680 l     F .text	0000000000000000 IrqA32
0000000000005700 l     F .text	0000000000000000 FiqA32
0000000000005780 l     F .text	0000000000000000 SErrorA32
0000000000002ef4 l       .text	0000000000000000 smc_handler
0000000000000000 l    df *ABS*	0000000000000000 debug.o
0000000000007377 l       .rodata	0000000000000000 panic_msg
0000000000002f7c l       .text	0000000000000000 panic_common
0000000000002fa4 l       .text	0000000000000000 _panic_handler
0000000000000000 l    df *ABS*	0000000000000000 pl011_console.o
0000000000002ffc l       .text	0000000000000000 core_init_fail
0000000000000000 l    df *ABS*	0000000000000000 cache_helpers.o
000000000000306c l       .text	0000000000000000 exit_loop_civac
0000000000003058 l       .text	0000000000000000 loop_civac
0000000000000000 l    df *ABS*	0000000000000000 misc_helpers.o
0000000000003078 l     F .text	00000000000000e8 zeromem_dczva
0000000000003160 l       .text	0000000000000000 m_loop16
0000000000003178 l       .text	0000000000000000 m_loop1
000000000000318c l       .text	0000000000000000 m_end
0000000000003194 l       .text	0000000000000000 do_disable_mmu_el3
0000000000000000 l    df *ABS*	0000000000000000 aem_generic.o
00000000000031b4 l     F .text	0000000000000018 aem_generic_reset_func
0000000000007388 l       .rodata	0000000000000000 aem_generic_errata_list_start
0000000000007388 l       .rodata	0000000000000000 aem_generic_errata_list_end
0000000000000000 l    df *ABS*	0000000000000000 cortex_a55.o
00000000000063f8 l       .rodata	0000000000000000 cortex_a55_errata_list_start
00000000000031e4 l     F .text	000000000000000c check_erratum_cortex_a55_768277
00000000000031f0 l     F .text	0000000000000024 check_erratum_cortex_a55_778703
0000000000003214 l     F .text	000000000000000c check_erratum_cortex_a55_798797
0000000000003220 l     F .text	0000000000000020 check_erratum_cortex_a55_798953
0000000000003240 l     F .text	000000000000000c check_erratum_cortex_a55_846532
000000000000324c l     F .text	000000000000000c check_erratum_cortex_a55_903758
0000000000003258 l     F .text	0000000000000028 check_erratum_cortex_a55_936184
0000000000003280 l     F .text	000000000000000c check_erratum_cortex_a55_1221012
000000000000328c l     F .text	0000000000000008 check_erratum_cortex_a55_1530923
0000000000006488 l       .rodata	0000000000000000 cortex_a55_errata_list_end
0000000000000000 l    df *ABS*	0000000000000000 cortex_a65.o
0000000000003294 l     F .text	0000000000000018 cortex_a65_reset_func
0000000000006488 l       .rodata	0000000000000000 cortex_a65_errata_list_start
00000000000032ac l     F .text	0000000000000028 check_erratum_cortex_a65_936184
0000000000006498 l       .rodata	0000000000000000 cortex_a65_errata_list_end
0000000000000000 l    df *ABS*	0000000000000000 cortex_a75.o
00000000000032d4 l     F .text	0000000000000088 cortex_a75_reset_func
0000000000006498 l       .rodata	0000000000000000 cortex_a75_errata_list_start
000000000000335c l     F .text	0000000000000008 check_erratum_cortex_a75_3
0000000000003370 l     F .text	000000000000000c check_erratum_cortex_a75_790748
000000000000337c l     F .text	0000000000000020 check_erratum_cortex_a75_798953
000000000000339c l     F .text	0000000000000028 check_erratum_cortex_a75_936184
00000000000033c4 l     F .text	0000000000000020 check_erratum_cortex_a75_5715
00000000000032f4 l       .text	0000000000000000 erratum_cortex_a75_5715_skip_reset
00000000000033e4 l     F .text	0000000000000008 check_erratum_cortex_a75_3639
0000000000003310 l       .text	0000000000000000 erratum_cortex_a75_3639_skip_reset
00000000000033ec l     F .text	0000000000000028 check_erratum_cortex_a75_23960
0000000000003320 l       .text	0000000000000000 erratum_cortex_a75_23960_skip_reset
0000000000006518 l       .rodata	0000000000000000 cortex_a75_errata_list_end
0000000000000000 l    df *ABS*	0000000000000000 cortex_x4.o
0000000000003414 l     F .text	0000000000000064 cortex_x4_reset_func
0000000000006518 l       .rodata	0000000000000000 cortex_x4_errata_list_start
0000000000003484 l     F .text	000000000000000c check_erratum_cortex_x4_2740089
0000000000003490 l     F .text	000000000000000c check_erratum_cortex_x4_2763018
000000000000349c l     F .text	000000000000000c check_erratum_cortex_x4_2816013
00000000000034a8 l     F .text	000000000000000c check_erratum_cortex_x4_2897503
00000000000034b4 l     F .text	000000000000000c check_erratum_cortex_x4_2923985
00000000000034c0 l     F .text	000000000000000c check_erratum_cortex_x4_2957258
00000000000034cc l     F .text	000000000000000c check_erratum_cortex_x4_3076789
00000000000034e4 l     F .text	0000000000000008 check_erratum_cortex_x4_23960
0000000000003434 l       .text	0000000000000000 erratum_cortex_x4_23960_skip_reset
00000000000034ec l     F .text	000000000000000c check_erratum_cortex_x4_5660
0000000000003450 l       .text	0000000000000000 erratum_cortex_x4_5660_skip_reset
00000000000034f8 l     F .text	0000000000000008 check_erratum_cortex_x4_7881
000000000000346c l       .text	0000000000000000 erratum_cortex_x4_7881_skip_reset
00000000000065d8 l       .rodata	0000000000000000 cortex_x4_errata_list_end
0000000000000000 l    df *ABS*	0000000000000000 cpu_helpers.o
0000000000003548 l       .text	0000000000000000 search_def_ptr
0000000000000000 l    df *ABS*	0000000000000000 neoverse_n1.o
000000000000354c l     F .text	000000000000005c neoverse_n1_reset_func
00000000000065d8 l       .rodata	0000000000000000 neoverse_n1_errata_list_start
00000000000035a8 l     F .text	0000000000000040 check_erratum_neoverse_n1_936184
00000000000035e8 l     F .text	000000000000000c check_erratum_neoverse_n1_1043202
00000000000035f4 l     F .text	000000000000000c check_erratum_neoverse_n1_1073348
0000000000003600 l     F .text	000000000000000c check_erratum_neoverse_n1_1130799
000000000000360c l     F .text	000000000000000c check_erratum_neoverse_n1_1165347
0000000000003618 l     F .text	000000000000000c check_erratum_neoverse_n1_1207823
0000000000003624 l     F .text	000000000000000c check_erratum_neoverse_n1_1220197
0000000000003630 l     F .text	000000000000000c check_erratum_neoverse_n1_1257314
000000000000363c l     F .text	000000000000000c check_erratum_neoverse_n1_1262606
0000000000003648 l     F .text	000000000000000c check_erratum_neoverse_n1_1262888
0000000000003654 l     F .text	000000000000000c check_erratum_neoverse_n1_1275112
0000000000003660 l     F .text	000000000000000c check_erratum_neoverse_n1_1315703
000000000000366c l     F .text	0000000000000014 check_erratum_neoverse_n1_1542419
0000000000003680 l     F .text	000000000000000c check_erratum_neoverse_n1_1868343
000000000000368c l     F .text	0000000000000014 check_erratum_neoverse_n1_1946160
00000000000036a0 l     F .text	000000000000000c check_erratum_neoverse_n1_2743102
00000000000036ac l     F .text	0000000000000008 check_erratum_neoverse_n1_23960
000000000000356c l       .text	0000000000000000 erratum_neoverse_n1_23960_skip_reset
00000000000036b4 l     F .text	0000000000000014 neoverse_n1_disable_speculative_loads
00000000000066e8 l       .rodata	0000000000000000 neoverse_n1_errata_list_end
0000000000000000 l    df *ABS*	0000000000000000 neoverse_n2.o
0000000000003704 l     F .text	0000000000000078 neoverse_n2_reset_func
00000000000066e8 l       .rodata	0000000000000000 neoverse_n2_errata_list_start
000000000000377c l     F .text	000000000000000c check_erratum_neoverse_n2_2002655
0000000000003788 l     F .text	000000000000000c check_erratum_neoverse_n2_2009478
0000000000003794 l     F .text	000000000000000c check_erratum_neoverse_n2_2025414
00000000000037a0 l     F .text	000000000000000c check_erratum_neoverse_n2_2067956
00000000000037ac l     F .text	000000000000000c check_erratum_neoverse_n2_2138956
00000000000037b8 l     F .text	000000000000000c check_erratum_neoverse_n2_2138958
00000000000037c4 l     F .text	000000000000000c check_erratum_neoverse_n2_2189731
00000000000037d0 l     F .text	000000000000000c check_erratum_neoverse_n2_2242400
00000000000037dc l     F .text	000000000000000c check_erratum_neoverse_n2_2242415
00000000000037e8 l     F .text	000000000000000c check_erratum_neoverse_n2_2280757
00000000000037f4 l     F .text	000000000000003c check_erratum_neoverse_n2_2313941
0000000000003830 l     F .text	000000000000000c check_erratum_neoverse_n2_2326639
000000000000383c l     F .text	000000000000000c check_erratum_neoverse_n2_2340933
0000000000003848 l     F .text	000000000000000c check_erratum_neoverse_n2_2346952
0000000000003854 l     F .text	000000000000000c check_erratum_neoverse_n2_2376738
0000000000003860 l     F .text	000000000000000c check_erratum_neoverse_n2_2388450
000000000000386c l     F .text	000000000000000c check_erratum_neoverse_n2_2743014
0000000000003878 l     F .text	000000000000000c check_erratum_neoverse_n2_2743089
0000000000003884 l     F .text	000000000000000c check_erratum_neoverse_n2_2779511
000000000000389c l     F .text	0000000000000008 check_erratum_neoverse_n2_23960
0000000000003724 l       .text	0000000000000000 erratum_neoverse_n2_23960_skip_reset
00000000000038a4 l     F .text	000000000000000c check_erratum_neoverse_n2_5660
0000000000003740 l       .text	0000000000000000 erratum_neoverse_n2_5660_skip_reset
0000000000006848 l       .rodata	0000000000000000 neoverse_n2_errata_list_end
0000000000000000 l    df *ABS*	0000000000000000 neoverse_v1.o
00000000000038b0 l     F .text	0000000000000048 neoverse_v1_reset_func
0000000000006848 l       .rodata	0000000000000000 neoverse_v1_errata_list_start
00000000000038f8 l     F .text	000000000000000c check_erratum_neoverse_v1_1618635
0000000000003904 l     F .text	000000000000000c check_erratum_neoverse_v1_1774420
0000000000003910 l     F .text	000000000000000c check_erratum_neoverse_v1_1791573
000000000000391c l     F .text	000000000000000c check_erratum_neoverse_v1_1852267
0000000000003928 l     F .text	000000000000000c check_erratum_neoverse_v1_1925756
0000000000003934 l     F .text	0000000000000014 check_erratum_neoverse_v1_1940577
0000000000003948 l     F .text	0000000000000014 check_erratum_neoverse_v1_1966096
000000000000395c l     F .text	000000000000000c check_erratum_neoverse_v1_2139242
0000000000003968 l     F .text	0000000000000014 check_erratum_neoverse_v1_2216392
000000000000397c l     F .text	000000000000000c check_erratum_neoverse_v1_2294912
0000000000003988 l     F .text	000000000000000c check_erratum_neoverse_v1_2348377
0000000000003994 l     F .text	000000000000000c check_erratum_neoverse_v1_2372203
00000000000039a0 l     F .text	000000000000000c check_erratum_neoverse_v1_2743093
00000000000039ac l     F .text	000000000000000c check_erratum_neoverse_v1_2743233
00000000000039b8 l     F .text	000000000000000c check_erratum_neoverse_v1_2779461
00000000000039c4 l     F .text	0000000000000008 check_erratum_neoverse_v1_23960
00000000000038d0 l       .text	0000000000000000 erratum_neoverse_v1_23960_skip_reset
00000000000039cc l     F .text	000000000000000c check_erratum_neoverse_v1_5660
00000000000038ec l       .text	0000000000000000 erratum_neoverse_v1_5660_skip_reset
0000000000006958 l       .rodata	0000000000000000 neoverse_v1_errata_list_end
0000000000000000 l    df *ABS*	0000000000000000 context.o
0000000000003aec l       .text	0000000000000000 realm_state
0000000000003af0 l       .text	0000000000000000 end
0000000000000000 l    df *ABS*	0000000000000000 sysreg128.o
0000000000000000 l    df *ABS*	0000000000000000 semihosting_call.o
0000000000000000 l    df *ABS*	0000000000000000 enable_mmu.o
0000000000000000 l    df *ABS*	0000000000000000 board_arm_helpers.o
0000000000000000 l    df *ABS*	0000000000000000 arm_helpers.o
0000000000000000 l    df *ABS*	0000000000000000 platform_helpers.o
0000000000000000 l    df *ABS*	0000000000000000 platform_up_stack.o
0000000084033500 l       .stacks	0000000000000000 platform_normal_stacks
0000000000000006 l       *ABS*	0000000000000000 TZ_COUNT
0000000000000000 l    df *ABS*	0000000000000000 fdt.c
0000000000003cd0 l     F .text	0000000000000024 fdt32_ld
0000000000000000 l    df *ABS*	0000000000000000 fdt_ro.c
0000000000004108 l     F .text	0000000000000024 fdt32_ld
000000000000412c l     F .text	0000000000000064 nextprop_
0000000000004190 l     F .text	0000000000000008 fdt32_ld_.isra.0
0000000000004198 l     F .text	0000000000000068 fdt_get_property_by_offset_
0000000000004394 l     F .text	00000000000000e0 fdt_get_property_namelen_
0000000000000000 l    df *ABS*	0000000000000000 memchr.c
0000000000000000 l    df *ABS*	0000000000000000 memcmp.c
0000000000000000 l    df *ABS*	0000000000000000 memcpy.c
0000000000000000 l    df *ABS*	0000000000000000 memmove.c
0000000000000000 l    df *ABS*	0000000000000000 printf.c
0000000000004730 l     F .text	00000000000000f4 unsigned_num_print.part.0
0000000000000000 l    df *ABS*	0000000000000000 strlen.c
0000000000000000 l    df *ABS*	0000000000000000 memset.o
0000000000004dbc l       .text	0000000000000000 exit
0000000000004d58 l       .text	0000000000000000 aligned
0000000000004d44 l       .text	0000000000000000 unaligned
0000000000004d68 l       .text	0000000000000000 x1_zero
0000000000004d88 l       .text	0000000000000000 less_64
0000000000004d70 l       .text	0000000000000000 write_64
0000000000004d94 l       .text	0000000000000000 less_32
0000000000004d9c l       .text	0000000000000000 less_16
0000000000004da4 l       .text	0000000000000000 less_8
0000000000004dac l       .text	0000000000000000 less_4
0000000000004db4 l       .text	0000000000000000 less_2
0000000000000000 l    df *ABS*	0000000000000000 arm_fconf_io.c
000000000000092c g     F .text	0000000000000028 putchar
00000000000019fc g     F .text	0000000000000088 cm_prepare_el3_exit
000000000000086c g     F .text	0000000000000018 console_set_scope
0000000000003478 g     F .text	000000000000000c check_erratum_cortex_x4_2726228
0000000000001a84 g     F .text	000000000000004c fconf_load_config
0000000000003da0 g     F .text	0000000000000088 fdt_offset_ptr
00000000000034d8 g     F .text	000000000000000c check_erratum_cortex_x4_3701758
0000000084034580 g       .bss	0000000000000000 __PMF_TIMESTAMP_START__
00000000000017cc g     F .text	0000000000000210 cm_el1_sysregs_context_restore
0000000000000838 g     F .text	0000000000000034 console_register
0000000000003070 g     F .text	0000000000000008 zeromem
0000000000002f74 g     F .text	0000000000000008 asm_print_newline
0000000000002d90  w    F .text	0000000000000004 bl1_plat_set_ep_info
0000000000002524 g     F .text	000000000000003c mmap_add_ctx
00000000000004bc g     F .text	0000000000000004 print_entry_point_info
0000000000000114 g     F .text	0000000000000010 cm_get_context
00000000000013d0 g     F .text	0000000000000068 console_cxuart_core_init
0000000000004cc4 g     F .text	0000000000000054 printf
00000000840344d0 g     O .bss	0000000000000018 mmu_cfg_params
0000000000002634 g     F .text	0000000000000004 xlat_tables_print
0000000084033000 g       .data	0000000000000000 __RW_START__
0000000000001d0c g     F .text	000000000000002c dyn_cfg_dtb_info_getter
0000000000000668 g     F .text	0000000000000024 cx_wdt_set_torr_dual_0
000000000000280c  w    F .text	0000000000000224 arm_bl1_plat_arch_setup
0000000084036000 g       .xlat_table	0000000000000000 __XLAT_TABLE_START__
00000000840330a0 g     O .data	00000000000003a8 policies
0000000000004474 g     F .text	000000000000006c fdt_getprop_namelen
0000000000003004 g     F .text	0000000000000028 console_pl011_core_putc
0000000000004324 g     F .text	0000000000000038 fdt_first_property_offset
0000000000001cd8 g     F .text	0000000000000034 dyn_cfg_dtb_info_get_index
00000000000001fc g     F .text	00000000000000f0 bl1_main
0000000000003b68 g     F .text	000000000000001c write_par_el1
00000000000046fc g     F .text	0000000000000034 memmove
0000000000001f18 g     F .text	000000000000006c setup_mmu_cfg
0000000000007510 g       *ABS*	0000000000000000 __DATA_ROM_START__
0000000000001e04 g     F .text	0000000000000054 semihosting_file_write
0000000000002b50  w    F .text	000000000000000c plat_arm_get_mmap
0000000000003bf4 g     F .text	0000000000000008 semihosting_call
00000000000009b4 g     F .text	0000000000000014 timeout_init_us
00000000000006b8 g     F .text	0000000000000014 cx_wdt_stop
0000000000002e40  w    F .text	0000000000000030 plat_log_get_prefix
0000000000003c68 g     F .text	0000000000000004 plat_report_exception
00000000000060f0 g     O .rodata	00000000000000c8 plat_arm_mmap
0000000000001b34 g     F .text	00000000000001a4 fconf_populate_dtb_registry
0000000000003160 g     F .text	0000000000000030 memcpy16
0000000000003ac8 g     F .text	00000000000000a0 el3_exit
0000000000001f94 g     F .text	000000000000003c init_xlat_tables
0000000000002e18 g     F .text	0000000000000028 setup_page_tables
0000000084033000 g       .data	0000000000000000 __DATA_START__
0000000000004200 g     F .text	0000000000000124 fdt_get_string
0000000000005800 g       .text	0000000000000000 __TEXT_END_UNALIGNED__
0000000000000768 g     F .text	00000000000000a4 smmuv3_security_init
0000000000001ef8 g     F .text	0000000000000014 xlat_arch_regime_get_xn_desc
0000000000004610 g     F .text	000000000000006c fdt_node_offset_by_compatible
0000000000003890 g     F .text	000000000000000c check_erratum_neoverse_n2_3701773
0000000000000000 g       .text	0000000000000000 ROM_REGION_START
000000008403b000 g       .xlat_table	0000000000000000 __BL1_RAM_END__
00000000000046dc g     F .text	0000000000000020 memcpy
0000000000003078 g     F .text	00000000000000e8 zero_normalmem
00000000000002ec g     F .text	000000000000002c bl1_print_next_bl_ep_info
0000000000003ca0 g     F .text	0000000000000004 platform_mem_init
0000000000001f84 g     F .text	0000000000000010 mmap_add
0000000000002b5c  w    F .text	000000000000000c plat_get_syscnt_freq2
0000000000003cb8  w    F .text	0000000000000008 plat_panic_handler
0000000000007388 g       .rodata	0000000000000000 __RT_SVC_DESCS_START__
0000000084033a00 g       .stacks	0000000000000000 __STACKS_END__
0000000084034580 g       .bss	0000000000000000 __PERCPU_BAKERY_LOCK_END__
00000000000004e0 g       *ABS*	0000000000000000 __DATA_SIZE__
0000000000001348 g     F .text	0000000000000020 io_size
0000000000003a78 g     F .text	0000000000000050 restore_gp_pmcr_pauth_regs
0000000000003364 g     F .text	000000000000000c check_erratum_cortex_a75_764081
0000000084033000 g       .data	0000000000000000 __BL1_RAM_START__
0000000000001204 g     F .text	0000000000000018 io_dev_open
0000000000003cc0  w    F .text	0000000000000010 plat_set_my_stack
0000000000007388 g       .rodata	0000000000000000 __RT_SVC_DESCS_END__
0000000000003f54 g     F .text	0000000000000040 fdt_check_node_offset_
0000000000002f44 g     F .text	0000000000000030 asm_print_hex
0000000000001800 g       *ABS*	0000000000000000 __BSS_SIZE__
0000000000002fac g     F .text	0000000000000058 console_pl011_core_init
0000000000002f2c g     F .text	0000000000000018 asm_print_str
0000000000003190 g     F .text	000000000000001c disable_mmu_el3
0000000000003c94 g     F .text	000000000000000c plat_crash_console_flush
0000000000002bcc g     F .text	000000000000000c plat_error_handler
00000000000044e0 g     F .text	000000000000004c fdt_getprop
0000000084033000 g       .text	0000000000000000 RAM_REGION_START
0000000000000884 g     F .text	00000000000000a8 console_putc
0000000000001528 g     F .text	0000000000000008 console_cxuart_putc
00000000000026a0 g     F .text	0000000000000008 plat_arm_bl1_fwu_needed
0000000000003b84 g     F .text	000000000000001c write_ttbr0_el1
0000000000001d38 g     F .text	0000000000000028 semihosting_file_open
0000000000003c6c g     F .text	000000000000001c plat_crash_console_init
0000000000003038 g     F .text	0000000000000038 flush_dcache_range
00000000000026c8 g     F .text	0000000000000004 fvp_timer_init
00000000000009a8 g     F .text	000000000000000c timer_init
000000000000452c g     F .text	0000000000000098 fdt_stringlist_contains
00000000000073a0 g       .rodata	0000000000000000 __PMF_SVC_DESCS_END__
000000008403b000 g       .xlat_table	0000000000000000 RAM_REGION_END
00000000000026f4 g     F .text	0000000000000050 plat_arm_io_setup
0000000000002bd8 g     F .text	0000000000000060 open_fip
00000000000031cc g     F .text	0000000000000018 cortex_a55_reset_func
0000000000004824 g     F .text	00000000000004a0 vprintf
00000000000004c8 g     F .text	0000000000000070 fdt_read_uint32_array
0000000000002744 g     F .text	0000000000000088 plat_arm_get_alt_image_source
00000000000036c8 g     F .text	000000000000003c neoverse_n1_errata_ic_trap_handler
0000000000003ca4  w    F .text	0000000000000014 plat_reset_handler
0000000000003bfc g     F .text	000000000000006c enable_mmu_direct_el3
0000000000003500 g     F .text	000000000000004c get_cpu_ops_ptr
0000000000001d60 g     F .text	0000000000000038 semihosting_file_seek
0000000000001798 g     F .text	0000000000000034 cm_init_my_context
0000000000000104 g     F .text	0000000000000010 bl1_arch_setup
000000000000042c g     F .text	0000000000000090 load_auth_image
000000000000467c g     F .text	000000000000002c memchr
0000000000002d9c  w    F .text	000000000000000c bl1_plat_get_image_desc
0000000000002670 g     F .text	0000000000000030 bl1_platform_setup
0000000000007508 g       .rodata	0000000000000000 __RODATA_END__
0000000000001f0c g     F .text	000000000000000c xlat_arch_current_el
0000000000000000 g       *ABS*	0000000000000000 __PERCPU_BAKERY_LOCK_SIZE__
0000000000001e98 g     F .text	0000000000000014 xlat_arch_get_pas
0000000000002dcc  w    F .text	000000000000004c bl1_plat_handle_post_image_load
00000000840344e8 g     O .bss	0000000000000008 arm_config
00000000000040b8 g     F .text	0000000000000050 fdt_next_subnode
00000000840334e0 g       .data	0000000000000000 __DATA_RAM_END__
000000000000153c g     F .text	000000000000025c cm_setup_context
0000000000001e78 g     F .text	0000000000000020 semihosting_file_length
0000000084034580 g       .bss	0000000000000000 __PMF_PERCPU_TIMESTAMP_END__
0000000000006000 g       .rodata	0000000000000000 __RODATA_START__
00000000840334e0 g       .data	0000000000000000 __DATA_END__
0000000000002b68 g     F .text	0000000000000064 arm_console_boot_init
0000000000001458 g     F .text	0000000000000040 console_cxuart_core_putc
0000000000002f48 g       .text	0000000000000000 asm_print_hex_bits
0000000084035000 g       .bss	0000000000000000 __BASE_XLAT_TABLE_START__
00000000000073a0 g       .rodata	0000000000000000 __CPU_OPS_START__
0000000000005000 g       .text	0000000000000000 bl1_exceptions
0000000000003f94 g     F .text	0000000000000040 fdt_check_prop_offset_
0000000000001eac g     F .text	000000000000004c tcr_physical_addr_size_bits
0000000000000a54 g     F .text	000000000000005c generic_delay_timer_init
00000000000014cc g     F .text	000000000000005c console_cxuart_register
0000000000000a1c g     F .text	0000000000000038 generic_delay_timer_init_args
0000000084034580 g       .bss	0000000000000000 __BAKERY_LOCK_END__
00000000000046a8 g     F .text	0000000000000034 memcmp
0000000000002018 g     F .text	00000000000000ec xlat_desc
000000000000435c g     F .text	0000000000000038 fdt_next_property_offset
00000000000026cc g     F .text	0000000000000028 plat_arm_error_handler
0000000084035200 g       .bss	0000000000000000 __BSS_END__
0000000000007508 g       .rodata	0000000000000000 __CPU_OPS_END__
0000000000003bd8 g     F .text	000000000000001c write_rcwsmask_el1
0000000000001328 g     F .text	0000000000000020 io_seek
0000000000001388 g     F .text	0000000000000048 io_close
0000000000002a34  w    F .text	0000000000000004 bl1_plat_prepare_exit
0000000000002a30  w    F .text	0000000000000004 bl1_plat_arch_setup
0000000000007510 g       .rodata	0000000000000000 ROM_REGION_END
00000000000019dc g     F .text	0000000000000020 cm_set_next_eret_context
0000000000002a38  w    F .text	00000000000000fc arm_bl1_platform_setup
0000000000007508 g       .rodata	0000000000000000 __GOT_END__
0000000000004d34 g     F .text	000000000000008c memset
0000000000001530 g     F .text	0000000000000008 console_cxuart_flush
00000000000073a0 g       .rodata	0000000000000000 __PARSER_LIB_DESCS_END__
0000000084034580 g       .bss	0000000000000000 __BAKERY_LOCK_START__
0000000000002b4c g     F .text	0000000000000004 arm_setup_romlib
00000000000079f0 g       *ABS*	0000000000000000 __BL1_ROM_END__
00000000000031ac g     F .text	0000000000000008 disable_mmu_icache_el3
0000000000000544 g     F .text	0000000000000040 fdt_read_uint64
000000000000068c g     F .text	000000000000002c cx_wdt_start
00000000000006cc g     F .text	0000000000000020 cx_wdt_refresh
0000000000001164 g     F .text	0000000000000038 register_io_dev_sh
00000000000027d8 g     F .text	0000000000000034 arm_bl1_early_platform_setup
0000000000007508 g       .rodata	0000000000000000 __GOT_START__
0000000000003bbc g     F .text	000000000000001c write_rcwmask_el1
0000000000003ba0 g     F .text	000000000000001c write_ttbr1_el1
0000000000000124 g     F .text	00000000000000c4 bl1_prepare_next_image
0000000000000628 g     F .text	0000000000000040 cx_wdt_pick_top
0000000000000000 g       *ABS*	0000000000000000 __PERCPU_TIMESTAMP_SIZE__
0000000000001ad0 g     F .text	0000000000000064 set_config_info
0000000000006000 g       .text	0000000000000000 __TEXT_END__
00000000000073a0 g       .rodata	0000000000000000 __FCONF_POPULATOR_END__
00000000000009c8 g     F .text	0000000000000014 timeout_elapsed
0000000000002b34  w    F .text	0000000000000018 bl1_plat_get_next_image_id
0000000084033448 g     O .data	0000000000000010 fip_block_spec
00000000000026a8 g     F .text	0000000000000020 fvp_config_setup
0000000084035200 g       .bss	0000000000000000 __BASE_XLAT_TABLE_END__
000000000000302c g     F .text	000000000000000c console_pl011_core_flush
0000000000000954 g     F .text	0000000000000054 console_flush
000000000000121c g     F .text	000000000000001c io_dev_init
0000000000001368 g     F .text	0000000000000020 io_read
00000000000027cc  w    F .text	000000000000000c bl1_plat_sec_mem_layout
0000000000001538 g     F .text	0000000000000004 print_errata_status
0000000000001e58 g     F .text	0000000000000020 semihosting_file_close
0000000000004084 g     F .text	0000000000000034 fdt_first_subnode
00000000000039d8 g     F .text	00000000000000a0 prepare_el3_entry
00000000000001e8 g     F .text	0000000000000014 bl1_setup
0000000000007508 g       .rodata	0000000000000000 __RODATA_END_UNALIGNED__
0000000084033a00 g       .bss	0000000000000000 __BSS_START__
0000000000001498 g     F .text	0000000000000034 console_cxuart_putc_string
0000000084033000 g       .data	0000000000000000 __DATA_RAM_START__
00000000000022d4 g     F .text	0000000000000250 mmap_add_region_ctx
0000000004000000 g       *ABS*	0000000000000000 ROM_REGION_LENGTH
00000000000073a0 g       .rodata	0000000000000000 __PMF_SVC_DESCS_START__
0000000000003c88 g     F .text	000000000000000c plat_crash_console_putc
0000000000001254 g     F .text	00000000000000d4 io_open
000000000000264c g     F .text	0000000000000018 plat_arm_secure_wdt_start
0000000000003fd4 g     F .text	00000000000000b0 fdt_next_node
000000000000080c g     F .text	000000000000002c console_is_registered
0000000084034100 g     O .bss	0000000000000020 per_world_context
0000000084034538 g     O .bss	0000000000000008 memmap_dev_handle
0000000000002d04 g     F .text	000000000000008c plat_get_image_source
0000000000000584 g     F .text	00000000000000a4 tf_log
0000000084034548 g     O .bss	0000000000000008 fip_dev_handle
00000000000011dc g     F .text	0000000000000028 io_register_device
0000000000007388 g       .rodata	0000000000000000 __FCONF_POPULATOR_START__
000000000000d000 g       *ABS*	0000000000000000 RAM_REGION_LENGTH
000000008403b000 g       .xlat_table	0000000000000000 __RW_END__
0000000000002664 g     F .text	000000000000000c plat_arm_secure_wdt_stop
0000000000000538 g     F .text	000000000000000c fdt_read_uint32
0000000084033500 g       .stacks	0000000000000000 __STACKS_START__
0000000000007107 g     O .rodata	0000000000000270 arm_uuid_spec
0000000000001fd0 g     F .text	0000000000000048 enable_mmu_el3
0000000000000318 g     F .text	0000000000000064 bl1_smc_handler
0000000000002d94  w    F .text	0000000000000008 bl1_plat_handle_pre_image_load
0000000000003e28 g     F .text	000000000000012c fdt_next_tag
0000000084034580 g       .bss	0000000000000000 __PMF_TIMESTAMP_END__
0000000000002560 g     F .text	00000000000000d0 init_xlat_tables_ctx
000000008403b000 g       .xlat_table	0000000000000000 __XLAT_TABLE_END__
0000000000000fb4 g     F .text	0000000000000038 register_io_dev_memmap
0000000000004d18 g     F .text	000000000000001c strlen
0000000000001238 g     F .text	000000000000001c io_dev_close
0000000000002f7c g     F .text	0000000000000030 el3_panic
0000000000002638 g     F .text	0000000000000014 bl1_early_platform_setup
0000000000002da8 g     F .text	0000000000000024 bl1_plat_calc_bl2_layout
0000000000002c98 g     F .text	000000000000006c arm_io_setup
0000000000002630 g     F .text	0000000000000004 xlat_mmap_print
0000000000000e30 g     F .text	0000000000000038 register_io_dev_fip
0000000000003cf4 g     F .text	00000000000000ac fdt_ro_probe_
00000000000045c4 g     F .text	000000000000004c fdt_node_check_compatible
0000000084033ff0 g     O .bss	0000000000000008 console_list
0000000000000000 g     F .text	0000000000000104 bl1_entrypoint
0000000000002c38 g     F .text	0000000000000060 open_memmap
0000000000001438 g     F .text	0000000000000020 console_cxuart_core_flush
0000000084034580 g       .bss	0000000000000000 __PERCPU_BAKERY_LOCK_START__
0000000000000000 g       .text	0000000000000000 __TEXT_START__
0000000084034558 g     O .bss	0000000000000008 plat_try_img_ops
00000000000073a0 g       .rodata	0000000000000000 __PARSER_LIB_DESCS_START__
0000000000001d98 g     F .text	000000000000006c semihosting_file_read



Disassembly of section .text:

0000000000000000 <bl1_entrypoint>:
       0:	d2810600 	mov	x0, #0x830                 	// #2096
       4:	f2a618a0 	movk	x0, #0x30c5, lsl #16
       8:	d51e1000 	msr	sctlr_el3, x0
       c:	d5033fdf 	isb
      10:	10027f80 	adr	x0, 5000 <SynchronousExceptionSP0>
      14:	d51ec000 	msr	vbar_el3, x0
      18:	d5033fdf 	isb
      1c:	94000f22 	bl	3ca4 <plat_reset_handler>
      20:	94000d38 	bl	3500 <get_cpu_ops_ptr>
      24:	f9400402 	ldr	x2, [x0, #8]
      28:	d63f0040 	blr	x2
      2c:	d2820141 	mov	x1, #0x100a                	// #4106
      30:	d53e1000 	mrs	x0, sctlr_el3
      34:	aa010000 	orr	x0, x0, x1
      38:	d51e1000 	msr	sctlr_el3, x0
      3c:	d5033fdf 	isb
      40:	d5380761 	mrs	x1, id_aa64mmfr3_el1
      44:	f27c0c21 	ands	x1, x1, #0xf0
      48:	54000060 	b.eq	54 <feat_sctlr2_not_supported8>  // b.none
      4c:	d2800001 	mov	x1, #0x0                   	// #0
      50:	d51e1061 	msr	sctlr2_el3, x1

0000000000000054 <feat_sctlr2_not_supported8>:
      54:	d2800600 	mov	x0, #0x30                  	// #48
      58:	d51e1100 	msr	scr_el3, x0
      5c:	d2a20000 	mov	x0, #0x10000000            	// #268435456
      60:	d51e1320 	msr	mdcr_el3, x0
      64:	d2808000 	mov	x0, #0x400                 	// #1024
      68:	f2b80200 	movk	x0, #0xc010, lsl #16
      6c:	d51e1140 	msr	cptr_el3, x0
      70:	d50344ff 	msr	daifclr, #0x4
      74:	d53e132f 	mrs	x15, mdcr_el3
      78:	b27001ef 	orr	x15, x15, #0x10000
      7c:	d51e132f 	msr	mdcr_el3, x15
      80:	d53e110f 	mrs	x15, scr_el3
      84:	b27d01ef 	orr	x15, x15, #0x8
      88:	b27701ef 	orr	x15, x15, #0x200
      8c:	d51e110f 	msr	scr_el3, x15
      90:	d53b9c0f 	mrs	x15, pmcr_el0
      94:	b27b01ef 	orr	x15, x15, #0x20
      98:	d51b9c0f 	msr	pmcr_el0, x15
      9c:	d53e114f 	mrs	x15, cptr_el3
      a0:	b27801ef 	orr	x15, x15, #0x100
      a4:	b27401ef 	orr	x15, x15, #0x1000
      a8:	9275f9ef 	and	x15, x15, #0xfffffffffffffbff
      ac:	d51e114f 	msr	cptr_el3, x15
      b0:	d5033fdf 	isb
      b4:	94000efb 	bl	3ca0 <platform_mem_init>
      b8:	f0420180 	adrp	x0, 84033000 <RAM_REGION_START>
      bc:	91280000 	add	x0, x0, #0xa00
      c0:	b04201a1 	adrp	x1, 84035000 <tf_base_xlat_table>
      c4:	91080021 	add	x1, x1, #0x200
      c8:	cb000021 	sub	x1, x1, x0
      cc:	94000be9 	bl	3070 <zeromem>
      d0:	f0420180 	adrp	x0, 84033000 <RAM_REGION_START>
      d4:	91000000 	add	x0, x0, #0x0
      d8:	f0000021 	adrp	x1, 7000 <neoverse_v1_errata_list_end+0x6a8>
      dc:	91144021 	add	x1, x1, #0x510
      e0:	f0420182 	adrp	x2, 84033000 <RAM_REGION_START>
      e4:	91138042 	add	x2, x2, #0x4e0
      e8:	cb000042 	sub	x2, x2, x0
      ec:	94000c1d 	bl	3160 <memcpy16>
      f0:	d50040bf 	msr	spsel, #0x0
      f4:	94000ef3 	bl	3cc0 <plat_set_my_stack>
      f8:	9400003c 	bl	1e8 <bl1_setup>
      fc:	94000040 	bl	1fc <bl1_main>
     100:	14000e72 	b	3ac8 <el3_exit>

0000000000000104 <bl1_arch_setup>:
     104:	d53e1100 	mrs	x0, scr_el3
     108:	b2760000 	orr	x0, x0, #0x400
     10c:	d51e1100 	msr	scr_el3, x0
     110:	d65f03c0 	ret

0000000000000114 <cm_get_context>:
     114:	f0420181 	adrp	x1, 84033000 <RAM_REGION_START>
     118:	913f8021 	add	x1, x1, #0xfe0
     11c:	f8605820 	ldr	x0, [x1, w0, uxtw #3]
     120:	d65f03c0 	ret

0000000000000124 <bl1_prepare_next_image>:
     124:	a9bd7bfd 	stp	x29, x30, [sp, #-48]!
     128:	910003fd 	mov	x29, sp
     12c:	a90153f3 	stp	x19, x20, [sp, #16]
     130:	a9025bf5 	stp	x21, x22, [sp, #32]
     134:	2a0003f6 	mov	w22, w0
     138:	94000b19 	bl	2d9c <bl1_plat_get_image_desc>
     13c:	b9402c14 	ldr	w20, [x0, #44]
     140:	9100a013 	add	x19, x0, #0x28
     144:	aa0003f5 	mov	x21, x0
     148:	f0420181 	adrp	x1, 84033000 <RAM_REGION_START>
     14c:	52800420 	mov	w0, #0x21                  	// #33
     150:	913f8021 	add	x1, x1, #0xfe0
     154:	0a000283 	and	w3, w20, w0
     158:	aa0303f4 	mov	x20, x3
     15c:	f8637820 	ldr	x0, [x1, x3, lsl #3]
     160:	b50000c0 	cbnz	x0, 178 <bl1_prepare_next_image+0x54>
     164:	f0420182 	adrp	x2, 84033000 <RAM_REGION_START>
     168:	91280042 	add	x2, x2, #0xa00
     16c:	52805e00 	mov	w0, #0x2f0                 	// #752
     170:	9ba00860 	umaddl	x0, w3, w0, x2
     174:	f8237820 	str	x0, [x1, x3, lsl #3]
     178:	34000354 	cbz	w20, 1e0 <bl1_prepare_next_image+0xbc>
     17c:	d5380400 	mrs	x0, id_aa64pfr0_el1
     180:	f2780c1f 	tst	x0, #0xf00
     184:	1a9f07e1 	cset	w1, ne	// ne = any
     188:	11000421 	add	w1, w1, #0x1
     18c:	52807820 	mov	w0, #0x3c1                 	// #961
     190:	2a010801 	orr	w1, w0, w1, lsl #2
     194:	b9001261 	str	w1, [x19, #16]
     198:	aa1303e1 	mov	x1, x19
     19c:	2a1603e0 	mov	w0, w22
     1a0:	94000afc 	bl	2d90 <bl1_plat_set_ep_info>
     1a4:	aa1303e0 	mov	x0, x19
     1a8:	940000c5 	bl	4bc <print_entry_point_info>
     1ac:	aa1303e0 	mov	x0, x19
     1b0:	9400057a 	bl	1798 <cm_init_my_context>
     1b4:	aa1303e0 	mov	x0, x19
     1b8:	940000c1 	bl	4bc <print_entry_point_info>
     1bc:	2a1403e0 	mov	w0, w20
     1c0:	9400060f 	bl	19fc <cm_prepare_el3_exit>
     1c4:	52800080 	mov	w0, #0x4                   	// #4
     1c8:	b90006a0 	str	w0, [x21, #4]
     1cc:	a9425bf5 	ldp	x21, x22, [sp, #32]
     1d0:	aa1303e0 	mov	x0, x19
     1d4:	a94153f3 	ldp	x19, x20, [sp, #16]
     1d8:	a8c37bfd 	ldp	x29, x30, [sp], #48
     1dc:	140000b8 	b	4bc <print_entry_point_info>
     1e0:	52800021 	mov	w1, #0x1                   	// #1
     1e4:	17ffffea 	b	18c <bl1_prepare_next_image+0x68>

00000000000001e8 <bl1_setup>:
     1e8:	a9bf7bfd 	stp	x29, x30, [sp, #-16]!
     1ec:	910003fd 	mov	x29, sp
     1f0:	94000912 	bl	2638 <bl1_early_platform_setup>
     1f4:	a8c17bfd 	ldp	x29, x30, [sp], #16
     1f8:	14000a0e 	b	2a30 <bl1_plat_arch_setup>

00000000000001fc <bl1_main>:
     1fc:	a9bd7bfd 	stp	x29, x30, [sp, #-48]!
     200:	910003fd 	mov	x29, sp
     204:	a90153f3 	stp	x19, x20, [sp, #16]
     208:	f90013f5 	str	x21, [sp, #32]
     20c:	940004cb 	bl	1538 <print_errata_status>
     210:	97ffffbd 	bl	104 <bl1_arch_setup>
     214:	94000917 	bl	2670 <bl1_platform_setup>
     218:	94000a47 	bl	2b34 <bl1_plat_get_next_image_id>
     21c:	2a0003f3 	mov	w19, w0
     220:	7100041f 	cmp	w0, #0x1
     224:	540005e1 	b.ne	2e0 <bl1_main+0xe4>  // b.any
     228:	94000add 	bl	2d9c <bl1_plat_get_image_desc>
     22c:	91004015 	add	x21, x0, #0x10
     230:	2a1303e0 	mov	w0, w19
     234:	94000ad8 	bl	2d94 <bl1_plat_handle_pre_image_load>
     238:	2a0003f4 	mov	w20, w0
     23c:	340000c0 	cbz	w0, 254 <bl1_main+0x58>
     240:	2a0003e1 	mov	w1, w0
     244:	d0000020 	adrp	x0, 6000 <__TEXT_END__>
     248:	91262000 	add	x0, x0, #0x988
     24c:	940000ce 	bl	584 <tf_log>
     250:	14000009 	b	274 <bl1_main+0x78>
     254:	aa1503e1 	mov	x1, x21
     258:	2a1303e0 	mov	w0, w19
     25c:	94000074 	bl	42c <load_auth_image>
     260:	2a0003f4 	mov	w20, w0
     264:	340000c0 	cbz	w0, 27c <bl1_main+0x80>
     268:	d0000020 	adrp	x0, 6000 <__TEXT_END__>
     26c:	9126e400 	add	x0, x0, #0x9b9
     270:	940000c5 	bl	584 <tf_log>
     274:	2a1403e0 	mov	w0, w20
     278:	94000a55 	bl	2bcc <plat_error_handler>
     27c:	2a1303e0 	mov	w0, w19
     280:	94000ad3 	bl	2dcc <bl1_plat_handle_post_image_load>
     284:	2a0003f4 	mov	w20, w0
     288:	340000a0 	cbz	w0, 29c <bl1_main+0xa0>
     28c:	2a0003e1 	mov	w1, w0
     290:	d0000020 	adrp	x0, 6000 <__TEXT_END__>
     294:	91276000 	add	x0, x0, #0x9d8
     298:	17ffffed 	b	24c <bl1_main+0x50>
     29c:	d0000020 	adrp	x0, 6000 <__TEXT_END__>
     2a0:	91282800 	add	x0, x0, #0xa0a
     2a4:	940000b8 	bl	584 <tf_log>
     2a8:	2a1303e0 	mov	w0, w19
     2ac:	97ffff9e 	bl	124 <bl1_prepare_next_image>
     2b0:	940001a9 	bl	954 <console_flush>
     2b4:	52800001 	mov	w1, #0x0                   	// #0
     2b8:	d0000020 	adrp	x0, 6000 <__TEXT_END__>
     2bc:	91292800 	add	x0, x0, #0xa4a
     2c0:	94001281 	bl	4cc4 <printf>
     2c4:	a94153f3 	ldp	x19, x20, [sp, #16]
     2c8:	52800001 	mov	w1, #0x0                   	// #0
     2cc:	f94013f5 	ldr	x21, [sp, #32]
     2d0:	d0000020 	adrp	x0, 6000 <__TEXT_END__>
     2d4:	a8c37bfd 	ldp	x29, x30, [sp], #48
     2d8:	91297800 	add	x0, x0, #0xa5e
     2dc:	1400127a 	b	4cc4 <printf>
     2e0:	d0000020 	adrp	x0, 6000 <__TEXT_END__>
     2e4:	91287400 	add	x0, x0, #0xa1d
     2e8:	17ffffef 	b	2a4 <bl1_main+0xa8>

00000000000002ec <bl1_print_next_bl_ep_info>:
     2ec:	a9be7bfd 	stp	x29, x30, [sp, #-32]!
     2f0:	910003fd 	mov	x29, sp
     2f4:	f9000bf3 	str	x19, [sp, #16]
     2f8:	aa0003f3 	mov	x19, x0
     2fc:	d0000020 	adrp	x0, 6000 <__TEXT_END__>
     300:	9129c000 	add	x0, x0, #0xa70
     304:	940000a0 	bl	584 <tf_log>
     308:	aa1303e0 	mov	x0, x19
     30c:	f9400bf3 	ldr	x19, [sp, #16]
     310:	a8c27bfd 	ldp	x29, x30, [sp], #32
     314:	1400006a 	b	4bc <print_entry_point_info>

0000000000000318 <bl1_smc_handler>:
     318:	2a0003e1 	mov	w1, w0
     31c:	aa0603e0 	mov	x0, x6
     320:	7100043f 	cmp	w1, #0x1
     324:	54000100 	b.eq	344 <bl1_smc_handler+0x2c>  // b.none
     328:	71000c3f 	cmp	w1, #0x3
     32c:	54000240 	b.eq	374 <bl1_smc_handler+0x5c>  // b.none
     330:	7100003f 	cmp	w1, #0x0
     334:	d2800081 	mov	x1, #0x4                   	// #4
     338:	da9f0021 	csinv	x1, x1, xzr, eq	// eq = none
     33c:	f9000001 	str	x1, [x0]
     340:	d65f03c0 	ret
     344:	d29e9ac1 	mov	x1, #0xf4d6                	// #62678
     348:	f2a95761 	movk	x1, #0x4abb, lsl #16
     34c:	f9000cc1 	str	x1, [x6, #24]
     350:	d28eb6a1 	mov	x1, #0x75b5                	// #30133
     354:	f2a2ace1 	movk	x1, #0x1567, lsl #16
     358:	f90008c1 	str	x1, [x6, #16]
     35c:	d28e5961 	mov	x1, #0x72cb                	// #29387
     360:	f2a9b341 	movk	x1, #0x4d9a, lsl #16
     364:	f90004c1 	str	x1, [x6, #8]
     368:	d28cfa81 	mov	x1, #0x67d4                	// #26580
     36c:	f2bfa721 	movk	x1, #0xfd39, lsl #16
     370:	17fffff3 	b	33c <bl1_smc_handler+0x24>
     374:	d2800021 	mov	x1, #0x1                   	// #1
     378:	17fffff1 	b	33c <bl1_smc_handler+0x24>

000000000000037c <load_image>:
     37c:	a9ba7bfd 	stp	x29, x30, [sp, #-96]!
     380:	910003fd 	mov	x29, sp
     384:	910123e2 	add	x2, sp, #0x48
     388:	a90153f3 	stp	x19, x20, [sp, #16]
     38c:	aa0103f4 	mov	x20, x1
     390:	f90013f5 	str	x21, [sp, #32]
     394:	f9400435 	ldr	x21, [x1, #8]
     398:	9100e3e1 	add	x1, sp, #0x38
     39c:	94000a5a 	bl	2d04 <plat_get_image_source>
     3a0:	2a0003f3 	mov	w19, w0
     3a4:	35000360 	cbnz	w0, 410 <load_image+0x94>
     3a8:	f9401fe0 	ldr	x0, [sp, #56]
     3ac:	910103e2 	add	x2, sp, #0x40
     3b0:	f94027e1 	ldr	x1, [sp, #72]
     3b4:	940003a8 	bl	1254 <io_open>
     3b8:	2a0003f3 	mov	w19, w0
     3bc:	350002a0 	cbnz	w0, 410 <load_image+0x94>
     3c0:	f94023e0 	ldr	x0, [sp, #64]
     3c4:	910143e1 	add	x1, sp, #0x50
     3c8:	940003e0 	bl	1348 <io_size>
     3cc:	2a0003f3 	mov	w19, w0
     3d0:	35000180 	cbnz	w0, 400 <load_image+0x84>
     3d4:	f9402be2 	ldr	x2, [sp, #80]
     3d8:	f94023e0 	ldr	x0, [sp, #64]
     3dc:	b4000122 	cbz	x2, 400 <load_image+0x84>
     3e0:	b9401681 	ldr	w1, [x20, #20]
     3e4:	eb01005f 	cmp	x2, x1
     3e8:	540001e8 	b.hi	424 <load_image+0xa8>  // b.pmore
     3ec:	b9001282 	str	w2, [x20, #16]
     3f0:	910163e3 	add	x3, sp, #0x58
     3f4:	aa1503e1 	mov	x1, x21
     3f8:	940003dc 	bl	1368 <io_read>
     3fc:	2a0003f3 	mov	w19, w0
     400:	f94023e0 	ldr	x0, [sp, #64]
     404:	940003e1 	bl	1388 <io_close>
     408:	f9401fe0 	ldr	x0, [sp, #56]
     40c:	9400038b 	bl	1238 <io_dev_close>
     410:	f94013f5 	ldr	x21, [sp, #32]
     414:	2a1303e0 	mov	w0, w19
     418:	a94153f3 	ldp	x19, x20, [sp, #16]
     41c:	a8c67bfd 	ldp	x29, x30, [sp], #96
     420:	d65f03c0 	ret
     424:	12800353 	mov	w19, #0xffffffe5            	// #-27
     428:	17fffff6 	b	400 <load_image+0x84>

000000000000042c <load_auth_image>:
     42c:	a9bd7bfd 	stp	x29, x30, [sp, #-48]!
     430:	910003fd 	mov	x29, sp
     434:	a9025bf5 	stp	x21, x22, [sp, #32]
     438:	904201b6 	adrp	x22, 84034000 <ops>
     43c:	2a0003f5 	mov	w21, w0
     440:	f942aec0 	ldr	x0, [x22, #1368]
     444:	a90153f3 	stp	x19, x20, [sp, #16]
     448:	aa0103f4 	mov	x20, x1
     44c:	b4000060 	cbz	x0, 458 <load_auth_image+0x2c>
     450:	f9400000 	ldr	x0, [x0]
     454:	b5000160 	cbnz	x0, 480 <load_auth_image+0x54>
     458:	aa1403e1 	mov	x1, x20
     45c:	2a1503e0 	mov	w0, w21
     460:	97ffffc7 	bl	37c <load_image>
     464:	2a0003f3 	mov	w19, w0
     468:	35000200 	cbnz	w0, 4a8 <load_auth_image+0x7c>
     46c:	f9400680 	ldr	x0, [x20, #8]
     470:	52800013 	mov	w19, #0x0                   	// #0
     474:	b9401281 	ldr	w1, [x20, #16]
     478:	94000af0 	bl	3038 <flush_dcache_range>
     47c:	1400000b 	b	4a8 <load_auth_image+0x7c>
     480:	aa1403e1 	mov	x1, x20
     484:	2a1503e0 	mov	w0, w21
     488:	97ffffbd 	bl	37c <load_image>
     48c:	2a0003f3 	mov	w19, w0
     490:	34fffee0 	cbz	w0, 46c <load_auth_image+0x40>
     494:	f942aec0 	ldr	x0, [x22, #1368]
     498:	f9400001 	ldr	x1, [x0]
     49c:	2a1503e0 	mov	w0, w21
     4a0:	d63f0020 	blr	x1
     4a4:	34fffee0 	cbz	w0, 480 <load_auth_image+0x54>
     4a8:	a9425bf5 	ldp	x21, x22, [sp, #32]
     4ac:	2a1303e0 	mov	w0, w19
     4b0:	a94153f3 	ldp	x19, x20, [sp, #16]
     4b4:	a8c37bfd 	ldp	x29, x30, [sp], #48
     4b8:	d65f03c0 	ret

00000000000004bc <print_entry_point_info>:
     4bc:	d65f03c0 	ret

00000000000004c0 <cpu_to_fdt32>:
     4c0:	5ac00800 	rev	w0, w0
     4c4:	d65f03c0 	ret

00000000000004c8 <fdt_read_uint32_array>:
     4c8:	a9bd7bfd 	stp	x29, x30, [sp, #-48]!
     4cc:	910003fd 	mov	x29, sp
     4d0:	a90153f3 	stp	x19, x20, [sp, #16]
     4d4:	2a0303f3 	mov	w19, w3
     4d8:	aa0403f4 	mov	x20, x4
     4dc:	9100b3e3 	add	x3, sp, #0x2c
     4e0:	94001000 	bl	44e0 <fdt_getprop>
     4e4:	b4000220 	cbz	x0, 528 <__DATA_SIZE__+0x48>
     4e8:	aa0003e2 	mov	x2, x0
     4ec:	b9402fe0 	ldr	w0, [sp, #44]
     4f0:	6b400a7f 	cmp	w19, w0, lsr #2
     4f4:	540001e8 	b.hi	530 <__DATA_SIZE__+0x50>  // b.pmore
     4f8:	d2800001 	mov	x1, #0x0                   	// #0
     4fc:	eb13003f 	cmp	x1, x19
     500:	540000a1 	b.ne	514 <__DATA_SIZE__+0x34>  // b.any
     504:	52800000 	mov	w0, #0x0                   	// #0
     508:	a94153f3 	ldp	x19, x20, [sp, #16]
     50c:	a8c37bfd 	ldp	x29, x30, [sp], #48
     510:	d65f03c0 	ret
     514:	b8617840 	ldr	w0, [x2, x1, lsl #2]
     518:	97ffffea 	bl	4c0 <cpu_to_fdt32>
     51c:	b8217a80 	str	w0, [x20, x1, lsl #2]
     520:	91000421 	add	x1, x1, #0x1
     524:	17fffff6 	b	4fc <__DATA_SIZE__+0x1c>
     528:	12800000 	mov	w0, #0xffffffff            	// #-1
     52c:	17fffff7 	b	508 <__DATA_SIZE__+0x28>
     530:	128001c0 	mov	w0, #0xfffffff1            	// #-15
     534:	17fffff5 	b	508 <__DATA_SIZE__+0x28>

0000000000000538 <fdt_read_uint32>:
     538:	aa0303e4 	mov	x4, x3
     53c:	52800023 	mov	w3, #0x1                   	// #1
     540:	17ffffe2 	b	4c8 <fdt_read_uint32_array>

0000000000000544 <fdt_read_uint64>:
     544:	a9bd7bfd 	stp	x29, x30, [sp, #-48]!
     548:	910003fd 	mov	x29, sp
     54c:	9100a3e4 	add	x4, sp, #0x28
     550:	f9000bf3 	str	x19, [sp, #16]
     554:	aa0303f3 	mov	x19, x3
     558:	52800043 	mov	w3, #0x2                   	// #2
     55c:	f90017ff 	str	xzr, [sp, #40]
     560:	97ffffda 	bl	4c8 <fdt_read_uint32_array>
     564:	37f800a0 	tbnz	w0, #31, 578 <fdt_read_uint64+0x34>
     568:	294507e0 	ldp	w0, w1, [sp, #40]
     56c:	aa008020 	orr	x0, x1, x0, lsl #32
     570:	f9000260 	str	x0, [x19]
     574:	52800000 	mov	w0, #0x0                   	// #0
     578:	f9400bf3 	ldr	x19, [sp, #16]
     57c:	a8c37bfd 	ldp	x29, x30, [sp], #48
     580:	d65f03c0 	ret

0000000000000584 <tf_log>:
     584:	a9b67bfd 	stp	x29, x30, [sp, #-160]!
     588:	910003fd 	mov	x29, sp
     58c:	a90153f3 	stp	x19, x20, [sp, #16]
     590:	aa0003f4 	mov	x20, x0
     594:	a9068be1 	stp	x1, x2, [sp, #104]
     598:	f0420181 	adrp	x1, 84033000 <RAM_REGION_START>
     59c:	a90793e3 	stp	x3, x4, [sp, #120]
     5a0:	b944d821 	ldr	w1, [x1, #1240]
     5a4:	a9089be5 	stp	x5, x6, [sp, #136]
     5a8:	f9004fe7 	str	x7, [sp, #152]
     5ac:	39400000 	ldrb	w0, [x0]
     5b0:	6b00003f 	cmp	w1, w0
     5b4:	540000e2 	b.cs	5d0 <tf_log+0x4c>  // b.hs, b.nlast
     5b8:	d0000020 	adrp	x0, 6000 <__TEXT_END__>
     5bc:	912a1000 	add	x0, x0, #0xa84
     5c0:	940003b6 	bl	1498 <console_cxuart_putc_string>
     5c4:	a94153f3 	ldp	x19, x20, [sp, #16]
     5c8:	a8ca7bfd 	ldp	x29, x30, [sp], #160
     5cc:	d65f03c0 	ret
     5d0:	94000a1c 	bl	2e40 <plat_log_get_prefix>
     5d4:	aa0003f3 	mov	x19, x0
     5d8:	39400260 	ldrb	w0, [x19]
     5dc:	35000200 	cbnz	w0, 61c <tf_log+0x98>
     5e0:	910283e0 	add	x0, sp, #0xa0
     5e4:	a90403e0 	stp	x0, x0, [sp, #64]
     5e8:	910183e0 	add	x0, sp, #0x60
     5ec:	f9002be0 	str	x0, [sp, #80]
     5f0:	128006e0 	mov	w0, #0xffffffc8            	// #-56
     5f4:	b9005be0 	str	w0, [sp, #88]
     5f8:	b9005fff 	str	wzr, [sp, #92]
     5fc:	a94407e0 	ldp	x0, x1, [sp, #64]
     600:	a90207e0 	stp	x0, x1, [sp, #32]
     604:	a94507e0 	ldp	x0, x1, [sp, #80]
     608:	a90307e0 	stp	x0, x1, [sp, #48]
     60c:	910083e1 	add	x1, sp, #0x20
     610:	91000680 	add	x0, x20, #0x1
     614:	94001084 	bl	4824 <vprintf>
     618:	17ffffeb 	b	5c4 <tf_log+0x40>
     61c:	91000673 	add	x19, x19, #0x1
     620:	940000c3 	bl	92c <putchar>
     624:	17ffffed 	b	5d8 <tf_log+0x54>

0000000000000628 <cx_wdt_pick_top>:
     628:	9ba17c01 	umull	x1, w0, w1
     62c:	52800000 	mov	w0, #0x0                   	// #0
     630:	f140403f 	cmp	x1, #0x10, lsl #12
     634:	54000189 	b.ls	664 <cx_wdt_pick_top+0x3c>  // b.plast
     638:	d2800023 	mov	x3, #0x1                   	// #1
     63c:	2a0003e2 	mov	w2, w0
     640:	11000400 	add	w0, w0, #0x1
     644:	7100401f 	cmp	w0, #0x10
     648:	54000061 	b.ne	654 <cx_wdt_pick_top+0x2c>  // b.any
     64c:	528001e0 	mov	w0, #0xf                   	// #15
     650:	14000005 	b	664 <cx_wdt_pick_top+0x3c>
     654:	11004442 	add	w2, w2, #0x11
     658:	9ac22062 	lsl	x2, x3, x2
     65c:	eb02003f 	cmp	x1, x2
     660:	54fffee8 	b.hi	63c <cx_wdt_pick_top+0x14>  // b.pmore
     664:	d65f03c0 	ret

0000000000000668 <cx_wdt_set_torr_dual_0>:
     668:	aa0003e4 	mov	x4, x0
     66c:	a9bf7bfd 	stp	x29, x30, [sp, #-16]!
     670:	2a0103e0 	mov	w0, w1
     674:	910003fd 	mov	x29, sp
     678:	2a0203e1 	mov	w1, w2
     67c:	97ffffeb 	bl	628 <cx_wdt_pick_top>
     680:	b9000480 	str	w0, [x4, #4]
     684:	a8c17bfd 	ldp	x29, x30, [sp], #16
     688:	d65f03c0 	ret

000000000000068c <cx_wdt_start>:
     68c:	aa0003e5 	mov	x5, x0
     690:	a9bf7bfd 	stp	x29, x30, [sp, #-16]!
     694:	910003fd 	mov	x29, sp
     698:	97fffff4 	bl	668 <cx_wdt_set_torr_dual_0>
     69c:	b94014a0 	ldr	w0, [x5, #20]
     6a0:	52800060 	mov	w0, #0x3                   	// #3
     6a4:	b90000a0 	str	w0, [x5]
     6a8:	52800ec0 	mov	w0, #0x76                  	// #118
     6ac:	b9000ca0 	str	w0, [x5, #12]
     6b0:	a8c17bfd 	ldp	x29, x30, [sp], #16
     6b4:	d65f03c0 	ret

00000000000006b8 <cx_wdt_stop>:
     6b8:	b9400001 	ldr	w1, [x0]
     6bc:	121f7821 	and	w1, w1, #0xfffffffe
     6c0:	b9000001 	str	w1, [x0]
     6c4:	b9401400 	ldr	w0, [x0, #20]
     6c8:	d65f03c0 	ret

00000000000006cc <cx_wdt_refresh>:
     6cc:	a9bf7bfd 	stp	x29, x30, [sp, #-16]!
     6d0:	aa0003e5 	mov	x5, x0
     6d4:	910003fd 	mov	x29, sp
     6d8:	97ffffe4 	bl	668 <cx_wdt_set_torr_dual_0>
     6dc:	52800ec0 	mov	w0, #0x76                  	// #118
     6e0:	b9000ca0 	str	w0, [x5, #12]
     6e4:	a8c17bfd 	ldp	x29, x30, [sp], #16
     6e8:	d65f03c0 	ret

00000000000006ec <smmuv3_poll.constprop.0>:
     6ec:	a9bd7bfd 	stp	x29, x30, [sp, #-48]!
     6f0:	910003fd 	mov	x29, sp
     6f4:	a90153f3 	stp	x19, x20, [sp, #16]
     6f8:	aa0003f4 	mov	x20, x0
     6fc:	2a0103f3 	mov	w19, w1
     700:	52807d00 	mov	w0, #0x3e8                 	// #1000
     704:	a9025bf5 	stp	x21, x22, [sp, #32]
     708:	940000ab 	bl	9b4 <timeout_init_us>
     70c:	aa0003f6 	mov	x22, x0
     710:	b9400295 	ldr	w21, [x20]
     714:	6a1302bf 	tst	w21, w19
     718:	54000240 	b.eq	760 <smmuv3_poll.constprop.0+0x74>  // b.none
     71c:	aa1603e0 	mov	x0, x22
     720:	940000aa 	bl	9c8 <timeout_elapsed>
     724:	3607ff60 	tbz	w0, #0, 710 <smmuv3_poll.constprop.0+0x24>
     728:	aa1403e1 	mov	x1, x20
     72c:	d0000020 	adrp	x0, 6000 <__TEXT_END__>
     730:	912b1800 	add	x0, x0, #0xac6
     734:	97ffff94 	bl	584 <tf_log>
     738:	0a3302a2 	bic	w2, w21, w19
     73c:	2a1503e1 	mov	w1, w21
     740:	d0000020 	adrp	x0, 6000 <__TEXT_END__>
     744:	912bb000 	add	x0, x0, #0xaec
     748:	97ffff8f 	bl	584 <tf_log>
     74c:	12800000 	mov	w0, #0xffffffff            	// #-1
     750:	a94153f3 	ldp	x19, x20, [sp, #16]
     754:	a9425bf5 	ldp	x21, x22, [sp, #32]
     758:	a8c37bfd 	ldp	x29, x30, [sp], #48
     75c:	d65f03c0 	ret
     760:	52800000 	mov	w0, #0x0                   	// #0
     764:	17fffffb 	b	750 <smmuv3_poll.constprop.0+0x64>

0000000000000768 <smmuv3_security_init>:
     768:	a9bd7bfd 	stp	x29, x30, [sp, #-48]!
     76c:	52b00001 	mov	w1, #0x80000000            	// #-2147483648
     770:	910003fd 	mov	x29, sp
     774:	a9025bf5 	stp	x21, x22, [sp, #32]
     778:	91011015 	add	x21, x0, #0x44
     77c:	a90153f3 	stp	x19, x20, [sp, #16]
     780:	aa0003f3 	mov	x19, x0
     784:	aa1503e0 	mov	x0, x21
     788:	97ffffd9 	bl	6ec <smmuv3_poll.constprop.0>
     78c:	340000c0 	cbz	w0, 7a4 <smmuv3_security_init+0x3c>
     790:	12800000 	mov	w0, #0xffffffff            	// #-1
     794:	a94153f3 	ldp	x19, x20, [sp, #16]
     798:	a9425bf5 	ldp	x21, x22, [sp, #32]
     79c:	a8c37bfd 	ldp	x29, x30, [sp], #48
     7a0:	d65f03c0 	ret
     7a4:	b9404660 	ldr	w0, [x19, #68]
     7a8:	52b00214 	mov	w20, #0x80100000            	// #-2146435072
     7ac:	51440281 	sub	w1, w20, #0x100, lsl #12
     7b0:	2a140000 	orr	w0, w0, w20
     7b4:	b9004660 	str	w0, [x19, #68]
     7b8:	aa1503e0 	mov	x0, x21
     7bc:	97ffffcc 	bl	6ec <smmuv3_poll.constprop.0>
     7c0:	35fffe80 	cbnz	w0, 790 <smmuv3_security_init+0x28>
     7c4:	d2900081 	mov	x1, #0x8004                	// #32772
     7c8:	b8616a61 	ldr	w1, [x19, x1]
     7cc:	36fffe41 	tbz	w1, #31, 794 <smmuv3_security_init+0x2c>
     7d0:	d2900895 	mov	x21, #0x8044                	// #32836
     7d4:	8b150276 	add	x22, x19, x21
     7d8:	51440281 	sub	w1, w20, #0x100, lsl #12
     7dc:	aa1603e0 	mov	x0, x22
     7e0:	97ffffc3 	bl	6ec <smmuv3_poll.constprop.0>
     7e4:	35fffd60 	cbnz	w0, 790 <smmuv3_security_init+0x28>
     7e8:	b8756a60 	ldr	w0, [x19, x21]
     7ec:	51440281 	sub	w1, w20, #0x100, lsl #12
     7f0:	2a140000 	orr	w0, w0, w20
     7f4:	b8356a60 	str	w0, [x19, x21]
     7f8:	a94153f3 	ldp	x19, x20, [sp, #16]
     7fc:	aa1603e0 	mov	x0, x22
     800:	a9425bf5 	ldp	x21, x22, [sp, #32]
     804:	a8c37bfd 	ldp	x29, x30, [sp], #48
     808:	17ffffb9 	b	6ec <smmuv3_poll.constprop.0>

000000000000080c <console_is_registered>:
     80c:	f0420181 	adrp	x1, 84033000 <RAM_REGION_START>
     810:	f947f821 	ldr	x1, [x1, #4080]
     814:	b5000061 	cbnz	x1, 820 <console_is_registered+0x14>
     818:	52800000 	mov	w0, #0x0                   	// #0
     81c:	d65f03c0 	ret
     820:	eb00003f 	cmp	x1, x0
     824:	54000060 	b.eq	830 <console_is_registered+0x24>  // b.none
     828:	f9400021 	ldr	x1, [x1]
     82c:	17fffffa 	b	814 <console_is_registered+0x8>
     830:	52800020 	mov	w0, #0x1                   	// #1
     834:	17fffffa 	b	81c <console_is_registered+0x10>

0000000000000838 <console_register>:
     838:	a9bf7bfd 	stp	x29, x30, [sp, #-16]!
     83c:	aa0003e2 	mov	x2, x0
     840:	910003fd 	mov	x29, sp
     844:	97fffff2 	bl	80c <console_is_registered>
     848:	7100041f 	cmp	w0, #0x1
     84c:	540000a0 	b.eq	860 <console_register+0x28>  // b.none
     850:	f0420180 	adrp	x0, 84033000 <RAM_REGION_START>
     854:	f947f801 	ldr	x1, [x0, #4080]
     858:	f9000041 	str	x1, [x2]
     85c:	f907f802 	str	x2, [x0, #4080]
     860:	52800020 	mov	w0, #0x1                   	// #1
     864:	a8c17bfd 	ldp	x29, x30, [sp], #16
     868:	d65f03c0 	ret

000000000000086c <console_set_scope>:
     86c:	f9400402 	ldr	x2, [x0, #8]
     870:	2a0103e1 	mov	w1, w1
     874:	9278dc42 	and	x2, x2, #0xffffffffffffff00
     878:	aa010042 	orr	x2, x2, x1
     87c:	f9000402 	str	x2, [x0, #8]
     880:	d65f03c0 	ret

0000000000000884 <console_putc>:
     884:	a9bd7bfd 	stp	x29, x30, [sp, #-48]!
     888:	910003fd 	mov	x29, sp
     88c:	a9025bf5 	stp	x21, x22, [sp, #32]
     890:	2a0003f5 	mov	w21, w0
     894:	f0420180 	adrp	x0, 84033000 <RAM_REGION_START>
     898:	a90153f3 	stp	x19, x20, [sp, #16]
     89c:	f0420196 	adrp	x22, 84033000 <RAM_REGION_START>
     8a0:	911372d6 	add	x22, x22, #0x4dc
     8a4:	f947f813 	ldr	x19, [x0, #4080]
     8a8:	12800ff4 	mov	w20, #0xffffff80            	// #-128
     8ac:	b50000d3 	cbnz	x19, 8c4 <console_putc+0x40>
     8b0:	a9425bf5 	ldp	x21, x22, [sp, #32]
     8b4:	2a1403e0 	mov	w0, w20
     8b8:	a94153f3 	ldp	x19, x20, [sp, #16]
     8bc:	a8c37bfd 	ldp	x29, x30, [sp], #48
     8c0:	d65f03c0 	ret
     8c4:	f9400660 	ldr	x0, [x19, #8]
     8c8:	b94002c1 	ldr	w1, [x22]
     8cc:	ea00003f 	tst	x1, x0
     8d0:	54000060 	b.eq	8dc <console_putc+0x58>  // b.none
     8d4:	f9400a62 	ldr	x2, [x19, #16]
     8d8:	b50000a2 	cbnz	x2, 8ec <console_putc+0x68>
     8dc:	2a1403e0 	mov	w0, w20
     8e0:	f9400273 	ldr	x19, [x19]
     8e4:	2a0003f4 	mov	w20, w0
     8e8:	17fffff1 	b	8ac <console_putc+0x28>
     8ec:	71002abf 	cmp	w21, #0xa
     8f0:	54000120 	b.eq	914 <console_putc+0x90>  // b.none
     8f4:	f9400a62 	ldr	x2, [x19, #16]
     8f8:	aa1303e1 	mov	x1, x19
     8fc:	2a1503e0 	mov	w0, w21
     900:	d63f0040 	blr	x2
     904:	3102029f 	cmn	w20, #0x80
     908:	7a401280 	ccmp	w20, w0, #0x0, ne	// ne = any
     90c:	54fffe8d 	b.le	8dc <console_putc+0x58>
     910:	17fffff4 	b	8e0 <console_putc+0x5c>
     914:	3647ff00 	tbz	w0, #8, 8f4 <console_putc+0x70>
     918:	aa1303e1 	mov	x1, x19
     91c:	528001a0 	mov	w0, #0xd                   	// #13
     920:	d63f0040 	blr	x2
     924:	36fffe80 	tbz	w0, #31, 8f4 <console_putc+0x70>
     928:	17fffff7 	b	904 <console_putc+0x80>

000000000000092c <putchar>:
     92c:	a9be7bfd 	stp	x29, x30, [sp, #-32]!
     930:	910003fd 	mov	x29, sp
     934:	f9000bf3 	str	x19, [sp, #16]
     938:	2a0003f3 	mov	w19, w0
     93c:	97ffffd2 	bl	884 <console_putc>
     940:	7100001f 	cmp	w0, #0x0
     944:	5a9f0260 	csinv	w0, w19, wzr, eq	// eq = none
     948:	f9400bf3 	ldr	x19, [sp, #16]
     94c:	a8c27bfd 	ldp	x29, x30, [sp], #32
     950:	d65f03c0 	ret

0000000000000954 <console_flush>:
     954:	a9be7bfd 	stp	x29, x30, [sp, #-32]!
     958:	f0420180 	adrp	x0, 84033000 <RAM_REGION_START>
     95c:	910003fd 	mov	x29, sp
     960:	a90153f3 	stp	x19, x20, [sp, #16]
     964:	f0420194 	adrp	x20, 84033000 <RAM_REGION_START>
     968:	91137294 	add	x20, x20, #0x4dc
     96c:	f947f813 	ldr	x19, [x0, #4080]
     970:	b5000093 	cbnz	x19, 980 <console_flush+0x2c>
     974:	a94153f3 	ldp	x19, x20, [sp, #16]
     978:	a8c27bfd 	ldp	x29, x30, [sp], #32
     97c:	d65f03c0 	ret
     980:	f9400660 	ldr	x0, [x19, #8]
     984:	b9400281 	ldr	w1, [x20]
     988:	ea00003f 	tst	x1, x0
     98c:	540000a0 	b.eq	9a0 <console_flush+0x4c>  // b.none
     990:	f9400e61 	ldr	x1, [x19, #24]
     994:	b4000061 	cbz	x1, 9a0 <console_flush+0x4c>
     998:	aa1303e0 	mov	x0, x19
     99c:	d63f0020 	blr	x1
     9a0:	f9400273 	ldr	x19, [x19]
     9a4:	17fffff3 	b	970 <console_flush+0x1c>

00000000000009a8 <timer_init>:
     9a8:	f0420181 	adrp	x1, 84033000 <RAM_REGION_START>
     9ac:	f907fc20 	str	x0, [x1, #4088]
     9b0:	d65f03c0 	ret

00000000000009b4 <timeout_init_us>:
     9b4:	f0420181 	adrp	x1, 84033000 <RAM_REGION_START>
     9b8:	f947fc21 	ldr	x1, [x1, #4088]
     9bc:	f9400821 	ldr	x1, [x1, #16]
     9c0:	aa0103f0 	mov	x16, x1
     9c4:	d61f0200 	br	x16

00000000000009c8 <timeout_elapsed>:
     9c8:	f0420181 	adrp	x1, 84033000 <RAM_REGION_START>
     9cc:	f947fc21 	ldr	x1, [x1, #4088]
     9d0:	f9400c21 	ldr	x1, [x1, #24]
     9d4:	aa0103f0 	mov	x16, x1
     9d8:	d61f0200 	br	x16

00000000000009dc <generic_delay_timeout_init_us>:
     9dc:	d53be002 	mrs	x2, cntfrq_el0
     9e0:	d53be021 	mrs	x1, cntpct_el0
     9e4:	2a0003e0 	mov	w0, w0
     9e8:	9b027c00 	mul	x0, x0, x2
     9ec:	d2884802 	mov	x2, #0x4240                	// #16960
     9f0:	f2a001e2 	movk	x2, #0xf, lsl #16
     9f4:	9ac20800 	udiv	x0, x0, x2
     9f8:	8b010000 	add	x0, x0, x1
     9fc:	d65f03c0 	ret

0000000000000a00 <generic_delay_timeout_elapsed>:
     a00:	d53be021 	mrs	x1, cntpct_el0
     a04:	eb01001f 	cmp	x0, x1
     a08:	1a9f27e0 	cset	w0, cc	// cc = lo, ul, last
     a0c:	d65f03c0 	ret

0000000000000a10 <generic_delay_get_timer_value>:
     a10:	d53be020 	mrs	x0, cntpct_el0
     a14:	2a2003e0 	mvn	w0, w0
     a18:	d65f03c0 	ret

0000000000000a1c <generic_delay_timer_init_args>:
     a1c:	2a0003e4 	mov	w4, w0
     a20:	904201a3 	adrp	x3, 84034000 <ops>
     a24:	91000060 	add	x0, x3, #0x0
     a28:	90000002 	adrp	x2, 0 <bl1_entrypoint>
     a2c:	91284042 	add	x2, x2, #0xa10
     a30:	f9000062 	str	x2, [x3]
     a34:	29010404 	stp	w4, w1, [x0, #8]
     a38:	90000001 	adrp	x1, 0 <bl1_entrypoint>
     a3c:	91277021 	add	x1, x1, #0x9dc
     a40:	f9000801 	str	x1, [x0, #16]
     a44:	90000001 	adrp	x1, 0 <bl1_entrypoint>
     a48:	91280021 	add	x1, x1, #0xa00
     a4c:	f9000c01 	str	x1, [x0, #24]
     a50:	17ffffd6 	b	9a8 <timer_init>

0000000000000a54 <generic_delay_timer_init>:
     a54:	a9bf7bfd 	stp	x29, x30, [sp, #-16]!
     a58:	910003fd 	mov	x29, sp
     a5c:	94000840 	bl	2b5c <plat_get_syscnt_freq2>
     a60:	2a0003e1 	mov	w1, w0
     a64:	52800142 	mov	w2, #0xa                   	// #10
     a68:	1ac20800 	udiv	w0, w0, w2
     a6c:	1b028400 	msub	w0, w0, w2, w1
     a70:	350001a0 	cbnz	w0, aa4 <generic_delay_timer_init+0x50>
     a74:	52884800 	mov	w0, #0x4240                	// #16960
     a78:	72a001e0 	movk	w0, #0xf, lsl #16
     a7c:	1ac20800 	udiv	w0, w0, w2
     a80:	1ac20821 	udiv	w1, w1, w2
     a84:	1ac20803 	udiv	w3, w0, w2
     a88:	1ac20824 	udiv	w4, w1, w2
     a8c:	1b028063 	msub	w3, w3, w2, w0
     a90:	1b028484 	msub	w4, w4, w2, w1
     a94:	2a040063 	orr	w3, w3, w4
     a98:	34ffff23 	cbz	w3, a7c <generic_delay_timer_init+0x28>
     a9c:	a8c17bfd 	ldp	x29, x30, [sp], #16
     aa0:	17ffffdf 	b	a1c <generic_delay_timer_init_args>
     aa4:	52884800 	mov	w0, #0x4240                	// #16960
     aa8:	72a001e0 	movk	w0, #0xf, lsl #16
     aac:	17fffffc 	b	a9c <generic_delay_timer_init+0x48>

0000000000000ab0 <device_type_fip>:
     ab0:	52800060 	mov	w0, #0x3                   	// #3
     ab4:	d65f03c0 	ret

0000000000000ab8 <fip_file_len>:
     ab8:	f9400400 	ldr	x0, [x0, #8]
     abc:	f9401000 	ldr	x0, [x0, #32]
     ac0:	f9000020 	str	x0, [x1]
     ac4:	52800000 	mov	w0, #0x0                   	// #0
     ac8:	d65f03c0 	ret

0000000000000acc <fip_file_close>:
     acc:	a9be7bfd 	stp	x29, x30, [sp, #-32]!
     ad0:	904201a1 	adrp	x1, 84034000 <ops>
     ad4:	910003fd 	mov	x29, sp
     ad8:	f9000bf3 	str	x19, [sp, #16]
     adc:	aa0003f3 	mov	x19, x0
     ae0:	91014020 	add	x0, x1, #0x50
     ae4:	f9400c01 	ldr	x1, [x0, #24]
     ae8:	b4000061 	cbz	x1, af4 <fip_file_close+0x28>
     aec:	d2800601 	mov	x1, #0x30                  	// #48
     af0:	94000960 	bl	3070 <zeromem>
     af4:	f900067f 	str	xzr, [x19, #8]
     af8:	52800000 	mov	w0, #0x0                   	// #0
     afc:	f9400bf3 	ldr	x19, [sp, #16]
     b00:	a8c27bfd 	ldp	x29, x30, [sp], #32
     b04:	d65f03c0 	ret

0000000000000b08 <fip_file_read>:
     b08:	a9bc7bfd 	stp	x29, x30, [sp, #-64]!
     b0c:	910003fd 	mov	x29, sp
     b10:	a90153f3 	stp	x19, x20, [sp, #16]
     b14:	aa0003f4 	mov	x20, x0
     b18:	904201a0 	adrp	x0, 84034000 <ops>
     b1c:	aa0103f3 	mov	x19, x1
     b20:	a9025bf5 	stp	x21, x22, [sp, #32]
     b24:	aa0203f6 	mov	x22, x2
     b28:	f9402001 	ldr	x1, [x0, #64]
     b2c:	904201a0 	adrp	x0, 84034000 <ops>
     b30:	aa0303f5 	mov	x21, x3
     b34:	9100e3e2 	add	x2, sp, #0x38
     b38:	f9402400 	ldr	x0, [x0, #72]
     b3c:	940001c6 	bl	1254 <io_open>
     b40:	350003c0 	cbnz	w0, bb8 <fip_file_read+0xb0>
     b44:	f9400694 	ldr	x20, [x20, #8]
     b48:	52800021 	mov	w1, #0x1                   	// #1
     b4c:	f9400e80 	ldr	x0, [x20, #24]
     b50:	b9400282 	ldr	w2, [x20]
     b54:	8b000042 	add	x2, x2, x0
     b58:	f9401fe0 	ldr	x0, [sp, #56]
     b5c:	940001f3 	bl	1328 <io_seek>
     b60:	34000120 	cbz	w0, b84 <fip_file_read+0x7c>
     b64:	12800033 	mov	w19, #0xfffffffe            	// #-2
     b68:	f9401fe0 	ldr	x0, [sp, #56]
     b6c:	94000207 	bl	1388 <io_close>
     b70:	a9425bf5 	ldp	x21, x22, [sp, #32]
     b74:	2a1303e0 	mov	w0, w19
     b78:	a94153f3 	ldp	x19, x20, [sp, #16]
     b7c:	a8c47bfd 	ldp	x29, x30, [sp], #64
     b80:	d65f03c0 	ret
     b84:	f9401fe0 	ldr	x0, [sp, #56]
     b88:	aa1303e1 	mov	x1, x19
     b8c:	9100c3e3 	add	x3, sp, #0x30
     b90:	aa1603e2 	mov	x2, x22
     b94:	940001f5 	bl	1368 <io_read>
     b98:	2a0003f3 	mov	w19, w0
     b9c:	35fffe40 	cbnz	w0, b64 <fip_file_read+0x5c>
     ba0:	f9401be1 	ldr	x1, [sp, #48]
     ba4:	b9400280 	ldr	w0, [x20]
     ba8:	f90002a1 	str	x1, [x21]
     bac:	0b010000 	add	w0, w0, w1
     bb0:	b9000280 	str	w0, [x20]
     bb4:	17ffffed 	b	b68 <fip_file_read+0x60>
     bb8:	12800033 	mov	w19, #0xfffffffe            	// #-2
     bbc:	17ffffed 	b	b70 <fip_file_read+0x68>

0000000000000bc0 <fip_dev_open>:
     bc0:	904201a6 	adrp	x6, 84034000 <ops>
     bc4:	aa0003e4 	mov	x4, x0
     bc8:	b94560c0 	ldr	w0, [x6, #1376]
     bcc:	34000060 	cbz	w0, bd8 <fip_dev_open+0x18>
     bd0:	12800160 	mov	w0, #0xfffffff4            	// #-12
     bd4:	d65f03c0 	ret
     bd8:	904201a3 	adrp	x3, 84034000 <ops>
     bdc:	12800022 	mov	w2, #0xfffffffe            	// #-2
     be0:	904201a7 	adrp	x7, 84034000 <ops>
     be4:	910080e5 	add	x5, x7, #0x20
     be8:	f9401860 	ldr	x0, [x3, #48]
     bec:	f100001f 	cmp	x0, #0x0
     bf0:	1a9f1040 	csel	w0, w2, wzr, ne	// ne = any
     bf4:	d0000022 	adrp	x2, 6000 <__TEXT_END__>
     bf8:	91000042 	add	x2, x2, #0x0
     bfc:	f90010e2 	str	x2, [x7, #32]
     c00:	9100c062 	add	x2, x3, #0x30
     c04:	f90004a2 	str	x2, [x5, #8]
     c08:	52800022 	mov	w2, #0x1                   	// #1
     c0c:	b90560c2 	str	w2, [x6, #1376]
     c10:	35fffe00 	cbnz	w0, bd0 <fip_dev_open+0x10>
     c14:	f9001864 	str	x4, [x3, #48]
     c18:	f9000025 	str	x5, [x1]
     c1c:	17ffffee 	b	bd4 <fip_dev_open+0x14>

0000000000000c20 <fip_dev_init>:
     c20:	a9bb7bfd 	stp	x29, x30, [sp, #-80]!
     c24:	aa0103e3 	mov	x3, x1
     c28:	910003fd 	mov	x29, sp
     c2c:	a90153f3 	stp	x19, x20, [sp, #16]
     c30:	904201b4 	adrp	x20, 84034000 <ops>
     c34:	904201b3 	adrp	x19, 84034000 <ops>
     c38:	91010282 	add	x2, x20, #0x40
     c3c:	91012261 	add	x1, x19, #0x48
     c40:	f90013f5 	str	x21, [sp, #32]
     c44:	f9400415 	ldr	x21, [x0, #8]
     c48:	2a0303e0 	mov	w0, w3
     c4c:	9400082e 	bl	2d04 <plat_get_image_source>
     c50:	340000e0 	cbz	w0, c6c <fip_dev_init+0x4c>
     c54:	12800033 	mov	w19, #0xfffffffe            	// #-2
     c58:	f94013f5 	ldr	x21, [sp, #32]
     c5c:	2a1303e0 	mov	w0, w19
     c60:	a94153f3 	ldp	x19, x20, [sp, #16]
     c64:	a8c57bfd 	ldp	x29, x30, [sp], #80
     c68:	d65f03c0 	ret
     c6c:	f9402281 	ldr	x1, [x20, #64]
     c70:	9100c3e2 	add	x2, sp, #0x30
     c74:	f9402660 	ldr	x0, [x19, #72]
     c78:	94000177 	bl	1254 <io_open>
     c7c:	35fffec0 	cbnz	w0, c54 <fip_dev_init+0x34>
     c80:	f9401be0 	ldr	x0, [sp, #48]
     c84:	9100e3e3 	add	x3, sp, #0x38
     c88:	910103e1 	add	x1, sp, #0x40
     c8c:	d2800202 	mov	x2, #0x10                  	// #16
     c90:	940001b6 	bl	1368 <io_read>
     c94:	2a0003f3 	mov	w19, w0
     c98:	35000140 	cbnz	w0, cc0 <fip_dev_init+0xa0>
     c9c:	b94043e1 	ldr	w1, [sp, #64]
     ca0:	52800020 	mov	w0, #0x1                   	// #1
     ca4:	72b54c80 	movk	w0, #0xaa64, lsl #16
     ca8:	6b00003f 	cmp	w1, w0
     cac:	54000101 	b.ne	ccc <fip_dev_init+0xac>  // b.any
     cb0:	b94047e0 	ldr	w0, [sp, #68]
     cb4:	340000c0 	cbz	w0, ccc <fip_dev_init+0xac>
     cb8:	b9404fe0 	ldr	w0, [sp, #76]
     cbc:	790012a0 	strh	w0, [x21, #8]
     cc0:	f9401be0 	ldr	x0, [sp, #48]
     cc4:	940001b1 	bl	1388 <io_close>
     cc8:	17ffffe4 	b	c58 <fip_dev_init+0x38>
     ccc:	12800033 	mov	w19, #0xfffffffe            	// #-2
     cd0:	17fffffc 	b	cc0 <fip_dev_init+0xa0>

0000000000000cd4 <fip_file_open>:
     cd4:	a9ba7bfd 	stp	x29, x30, [sp, #-96]!
     cd8:	910003fd 	mov	x29, sp
     cdc:	a9025bf5 	stp	x21, x22, [sp, #32]
     ce0:	f90023f9 	str	x25, [sp, #64]
     ce4:	904201b9 	adrp	x25, 84034000 <ops>
     ce8:	91014335 	add	x21, x25, #0x50
     cec:	a90153f3 	stp	x19, x20, [sp, #16]
     cf0:	a90363f7 	stp	x23, x24, [sp, #48]
     cf4:	f9400ea0 	ldr	x0, [x21, #24]
     cf8:	b5000600 	cbnz	x0, db8 <fip_file_open+0xe4>
     cfc:	904201a0 	adrp	x0, 84034000 <ops>
     d00:	aa0103f8 	mov	x24, x1
     d04:	aa0203f6 	mov	x22, x2
     d08:	910143e2 	add	x2, sp, #0x50
     d0c:	f9402001 	ldr	x1, [x0, #64]
     d10:	904201a0 	adrp	x0, 84034000 <ops>
     d14:	f9402400 	ldr	x0, [x0, #72]
     d18:	9400014f 	bl	1254 <io_open>
     d1c:	35000520 	cbnz	w0, dc0 <fip_file_open+0xec>
     d20:	f9402be0 	ldr	x0, [sp, #80]
     d24:	d2800202 	mov	x2, #0x10                  	// #16
     d28:	52800021 	mov	w1, #0x1                   	// #1
     d2c:	9400017f 	bl	1328 <io_seek>
     d30:	35000300 	cbnz	w0, d90 <fip_file_open+0xbc>
     d34:	904201b4 	adrp	x20, 84034000 <ops>
     d38:	f0000037 	adrp	x23, 7000 <neoverse_v1_errata_list_end+0x6a8>
     d3c:	91016294 	add	x20, x20, #0x58
     d40:	9103def7 	add	x23, x23, #0xf7
     d44:	f9402be0 	ldr	x0, [sp, #80]
     d48:	910163e3 	add	x3, sp, #0x58
     d4c:	aa1403e1 	mov	x1, x20
     d50:	d2800502 	mov	x2, #0x28                  	// #40
     d54:	94000185 	bl	1368 <io_read>
     d58:	2a0003f3 	mov	w19, w0
     d5c:	350001c0 	cbnz	w0, d94 <fip_file_open+0xc0>
     d60:	aa1803e1 	mov	x1, x24
     d64:	aa1403e0 	mov	x0, x20
     d68:	d2800202 	mov	x2, #0x10                  	// #16
     d6c:	94000e4f 	bl	46a8 <memcmp>
     d70:	2a0003f3 	mov	w19, w0
     d74:	340002a0 	cbz	w0, dc8 <fip_file_open+0xf4>
     d78:	aa1703e1 	mov	x1, x23
     d7c:	aa1403e0 	mov	x0, x20
     d80:	d2800202 	mov	x2, #0x10                  	// #16
     d84:	94000e49 	bl	46a8 <memcmp>
     d88:	35fffde0 	cbnz	w0, d44 <fip_file_open+0x70>
     d8c:	f9000ebf 	str	xzr, [x21, #24]
     d90:	12800033 	mov	w19, #0xfffffffe            	// #-2
     d94:	f9402be0 	ldr	x0, [sp, #80]
     d98:	9400017c 	bl	1388 <io_close>
     d9c:	a9425bf5 	ldp	x21, x22, [sp, #32]
     da0:	2a1303e0 	mov	w0, w19
     da4:	a94153f3 	ldp	x19, x20, [sp, #16]
     da8:	a94363f7 	ldp	x23, x24, [sp, #48]
     dac:	f94023f9 	ldr	x25, [sp, #64]
     db0:	a8c67bfd 	ldp	x29, x30, [sp], #96
     db4:	d65f03c0 	ret
     db8:	128002d3 	mov	w19, #0xffffffe9            	// #-23
     dbc:	17fffff8 	b	d9c <fip_file_open+0xc8>
     dc0:	12800033 	mov	w19, #0xfffffffe            	// #-2
     dc4:	17fffff6 	b	d9c <fip_file_open+0xc8>
     dc8:	b900533f 	str	wzr, [x25, #80]
     dcc:	f90006d5 	str	x21, [x22, #8]
     dd0:	17fffff1 	b	d94 <fip_file_open+0xc0>

0000000000000dd4 <fip_dev_close>:
     dd4:	904201a1 	adrp	x1, 84034000 <ops>
     dd8:	f9400400 	ldr	x0, [x0, #8]
     ddc:	f900243f 	str	xzr, [x1, #72]
     de0:	904201a1 	adrp	x1, 84034000 <ops>
     de4:	f900203f 	str	xzr, [x1, #64]
     de8:	904201a1 	adrp	x1, 84034000 <ops>
     dec:	f9401822 	ldr	x2, [x1, #48]
     df0:	f9400001 	ldr	x1, [x0]
     df4:	eb01005f 	cmp	x2, x1
     df8:	54000181 	b.ne	e28 <fip_dev_close+0x54>  // b.any
     dfc:	a9bf7bfd 	stp	x29, x30, [sp, #-16]!
     e00:	d2800201 	mov	x1, #0x10                  	// #16
     e04:	910003fd 	mov	x29, sp
     e08:	9400089a 	bl	3070 <zeromem>
     e0c:	904201a1 	adrp	x1, 84034000 <ops>
     e10:	a8c17bfd 	ldp	x29, x30, [sp], #16
     e14:	b9456020 	ldr	w0, [x1, #1376]
     e18:	51000400 	sub	w0, w0, #0x1
     e1c:	b9056020 	str	w0, [x1, #1376]
     e20:	52800000 	mov	w0, #0x0                   	// #0
     e24:	d65f03c0 	ret
     e28:	12800020 	mov	w0, #0xfffffffe            	// #-2
     e2c:	d65f03c0 	ret

0000000000000e30 <register_io_dev_fip>:
     e30:	a9be7bfd 	stp	x29, x30, [sp, #-32]!
     e34:	910003fd 	mov	x29, sp
     e38:	f9000bf3 	str	x19, [sp, #16]
     e3c:	aa0003f3 	mov	x19, x0
     e40:	904201a0 	adrp	x0, 84034000 <ops>
     e44:	91008000 	add	x0, x0, #0x20
     e48:	940000e5 	bl	11dc <io_register_device>
     e4c:	35000080 	cbnz	w0, e5c <register_io_dev_fip+0x2c>
     e50:	d0000021 	adrp	x1, 6000 <__TEXT_END__>
     e54:	91012021 	add	x1, x1, #0x48
     e58:	f9000261 	str	x1, [x19]
     e5c:	f9400bf3 	ldr	x19, [sp, #16]
     e60:	a8c27bfd 	ldp	x29, x30, [sp], #32
     e64:	d65f03c0 	ret

0000000000000e68 <device_type_memmap>:
     e68:	52800040 	mov	w0, #0x2                   	// #2
     e6c:	d65f03c0 	ret

0000000000000e70 <memmap_dev_open>:
     e70:	f0420180 	adrp	x0, 84033000 <RAM_REGION_START>
     e74:	91000000 	add	x0, x0, #0x0
     e78:	f9000020 	str	x0, [x1]
     e7c:	52800000 	mov	w0, #0x0                   	// #0
     e80:	d65f03c0 	ret

0000000000000e84 <memmap_dev_close>:
     e84:	52800000 	mov	w0, #0x0                   	// #0
     e88:	d65f03c0 	ret

0000000000000e8c <memmap_block_open>:
     e8c:	904201a4 	adrp	x4, 84034000 <ops>
     e90:	91020083 	add	x3, x4, #0x80
     e94:	b9408080 	ldr	w0, [x4, #128]
     e98:	35000100 	cbnz	w0, eb8 <memmap_block_open+0x2c>
     e9c:	52800025 	mov	w5, #0x1                   	// #1
     ea0:	b9008085 	str	w5, [x4, #128]
     ea4:	a9400424 	ldp	x4, x1, [x1]
     ea8:	a900fc64 	stp	x4, xzr, [x3, #8]
     eac:	f9000c61 	str	x1, [x3, #24]
     eb0:	f9000443 	str	x3, [x2, #8]
     eb4:	d65f03c0 	ret
     eb8:	12800160 	mov	w0, #0xfffffff4            	// #-12
     ebc:	17fffffe 	b	eb4 <memmap_block_open+0x28>

0000000000000ec0 <memmap_block_seek>:
     ec0:	7100043f 	cmp	w1, #0x1
     ec4:	540000a1 	b.ne	ed8 <memmap_block_seek+0x18>  // b.any
     ec8:	f9400400 	ldr	x0, [x0, #8]
     ecc:	f9000802 	str	x2, [x0, #16]
     ed0:	52800000 	mov	w0, #0x0                   	// #0
     ed4:	d65f03c0 	ret
     ed8:	12800020 	mov	w0, #0xfffffffe            	// #-2
     edc:	17fffffe 	b	ed4 <memmap_block_seek+0x14>

0000000000000ee0 <memmap_block_len>:
     ee0:	f9400400 	ldr	x0, [x0, #8]
     ee4:	f9400c00 	ldr	x0, [x0, #24]
     ee8:	f9000020 	str	x0, [x1]
     eec:	52800000 	mov	w0, #0x0                   	// #0
     ef0:	d65f03c0 	ret

0000000000000ef4 <memmap_block_close>:
     ef4:	a9bf7bfd 	stp	x29, x30, [sp, #-16]!
     ef8:	d2800401 	mov	x1, #0x20                  	// #32
     efc:	910003fd 	mov	x29, sp
     f00:	f900041f 	str	xzr, [x0, #8]
     f04:	904201a0 	adrp	x0, 84034000 <ops>
     f08:	91020000 	add	x0, x0, #0x80
     f0c:	94000859 	bl	3070 <zeromem>
     f10:	52800000 	mov	w0, #0x0                   	// #0
     f14:	a8c17bfd 	ldp	x29, x30, [sp], #16
     f18:	d65f03c0 	ret

0000000000000f1c <memmap_block_write>:
     f1c:	a9bd7bfd 	stp	x29, x30, [sp, #-48]!
     f20:	910003fd 	mov	x29, sp
     f24:	a9025bf5 	stp	x21, x22, [sp, #32]
     f28:	aa0303f6 	mov	x22, x3
     f2c:	f9400415 	ldr	x21, [x0, #8]
     f30:	a90153f3 	stp	x19, x20, [sp, #16]
     f34:	aa0203f4 	mov	x20, x2
     f38:	a940cea0 	ldp	x0, x19, [x21, #8]
     f3c:	8b000260 	add	x0, x19, x0
     f40:	94000de7 	bl	46dc <memcpy>
     f44:	f90002d4 	str	x20, [x22]
     f48:	8b140273 	add	x19, x19, x20
     f4c:	f9000ab3 	str	x19, [x21, #16]
     f50:	52800000 	mov	w0, #0x0                   	// #0
     f54:	a94153f3 	ldp	x19, x20, [sp, #16]
     f58:	a9425bf5 	ldp	x21, x22, [sp, #32]
     f5c:	a8c37bfd 	ldp	x29, x30, [sp], #48
     f60:	d65f03c0 	ret

0000000000000f64 <memmap_block_read>:
     f64:	a9bd7bfd 	stp	x29, x30, [sp, #-48]!
     f68:	aa0003e4 	mov	x4, x0
     f6c:	aa0103e0 	mov	x0, x1
     f70:	910003fd 	mov	x29, sp
     f74:	a9025bf5 	stp	x21, x22, [sp, #32]
     f78:	aa0303f6 	mov	x22, x3
     f7c:	f9400495 	ldr	x21, [x4, #8]
     f80:	a90153f3 	stp	x19, x20, [sp, #16]
     f84:	aa0203f4 	mov	x20, x2
     f88:	a940cea1 	ldp	x1, x19, [x21, #8]
     f8c:	8b010261 	add	x1, x19, x1
     f90:	94000dd3 	bl	46dc <memcpy>
     f94:	f90002d4 	str	x20, [x22]
     f98:	8b140273 	add	x19, x19, x20
     f9c:	f9000ab3 	str	x19, [x21, #16]
     fa0:	52800000 	mov	w0, #0x0                   	// #0
     fa4:	a94153f3 	ldp	x19, x20, [sp, #16]
     fa8:	a9425bf5 	ldp	x21, x22, [sp, #32]
     fac:	a8c37bfd 	ldp	x29, x30, [sp], #48
     fb0:	d65f03c0 	ret

0000000000000fb4 <register_io_dev_memmap>:
     fb4:	a9be7bfd 	stp	x29, x30, [sp, #-32]!
     fb8:	910003fd 	mov	x29, sp
     fbc:	f9000bf3 	str	x19, [sp, #16]
     fc0:	aa0003f3 	mov	x19, x0
     fc4:	f0420180 	adrp	x0, 84033000 <RAM_REGION_START>
     fc8:	91000000 	add	x0, x0, #0x0
     fcc:	94000084 	bl	11dc <io_register_device>
     fd0:	35000080 	cbnz	w0, fe0 <register_io_dev_memmap+0x2c>
     fd4:	d0000021 	adrp	x1, 6000 <__TEXT_END__>
     fd8:	91026021 	add	x1, x1, #0x98
     fdc:	f9000261 	str	x1, [x19]
     fe0:	f9400bf3 	ldr	x19, [sp, #16]
     fe4:	a8c27bfd 	ldp	x29, x30, [sp], #32
     fe8:	d65f03c0 	ret

0000000000000fec <device_type_sh>:
     fec:	52800020 	mov	w0, #0x1                   	// #1
     ff0:	d65f03c0 	ret

0000000000000ff4 <sh_dev_open>:
     ff4:	f0420180 	adrp	x0, 84033000 <RAM_REGION_START>
     ff8:	91004000 	add	x0, x0, #0x10
     ffc:	f9000020 	str	x0, [x1]
    1000:	52800000 	mov	w0, #0x0                   	// #0
    1004:	d65f03c0 	ret

0000000000001008 <sh_file_close>:
    1008:	a9bf7bfd 	stp	x29, x30, [sp, #-16]!
    100c:	910003fd 	mov	x29, sp
    1010:	f9400400 	ldr	x0, [x0, #8]
    1014:	94000391 	bl	1e58 <semihosting_file_close>
    1018:	f100001f 	cmp	x0, #0x0
    101c:	a8c17bfd 	ldp	x29, x30, [sp], #16
    1020:	12800020 	mov	w0, #0xfffffffe            	// #-2
    1024:	1a9fb000 	csel	w0, w0, wzr, lt	// lt = tstop
    1028:	d65f03c0 	ret

000000000000102c <sh_file_write>:
    102c:	a9bd7bfd 	stp	x29, x30, [sp, #-48]!
    1030:	910003fd 	mov	x29, sp
    1034:	f9400400 	ldr	x0, [x0, #8]
    1038:	a90153f3 	stp	x19, x20, [sp, #16]
    103c:	aa0303f4 	mov	x20, x3
    1040:	aa0203f3 	mov	x19, x2
    1044:	aa0103e2 	mov	x2, x1
    1048:	9100a3e1 	add	x1, sp, #0x28
    104c:	f90017f3 	str	x19, [sp, #40]
    1050:	9400036d 	bl	1e04 <semihosting_file_write>
    1054:	f100001f 	cmp	x0, #0x0
    1058:	f94017e1 	ldr	x1, [sp, #40]
    105c:	12800020 	mov	w0, #0xfffffffe            	// #-2
    1060:	1a9f1000 	csel	w0, w0, wzr, ne	// ne = any
    1064:	cb010273 	sub	x19, x19, x1
    1068:	f9000293 	str	x19, [x20]
    106c:	a94153f3 	ldp	x19, x20, [sp, #16]
    1070:	a8c37bfd 	ldp	x29, x30, [sp], #48
    1074:	d65f03c0 	ret

0000000000001078 <sh_file_read>:
    1078:	a9bd7bfd 	stp	x29, x30, [sp, #-48]!
    107c:	910003fd 	mov	x29, sp
    1080:	f9400400 	ldr	x0, [x0, #8]
    1084:	f9000bf3 	str	x19, [sp, #16]
    1088:	aa0303f3 	mov	x19, x3
    108c:	f90017e2 	str	x2, [sp, #40]
    1090:	aa0103e2 	mov	x2, x1
    1094:	9100a3e1 	add	x1, sp, #0x28
    1098:	94000340 	bl	1d98 <semihosting_file_read>
    109c:	b7f800e0 	tbnz	x0, #63, 10b8 <sh_file_read+0x40>
    10a0:	f94017e0 	ldr	x0, [sp, #40]
    10a4:	f9000260 	str	x0, [x19]
    10a8:	52800000 	mov	w0, #0x0                   	// #0
    10ac:	f9400bf3 	ldr	x19, [sp, #16]
    10b0:	a8c37bfd 	ldp	x29, x30, [sp], #48
    10b4:	d65f03c0 	ret
    10b8:	12800020 	mov	w0, #0xfffffffe            	// #-2
    10bc:	17fffffc 	b	10ac <sh_file_read+0x34>

00000000000010c0 <sh_file_len>:
    10c0:	a9be7bfd 	stp	x29, x30, [sp, #-32]!
    10c4:	910003fd 	mov	x29, sp
    10c8:	f9400400 	ldr	x0, [x0, #8]
    10cc:	f9000bf3 	str	x19, [sp, #16]
    10d0:	aa0103f3 	mov	x19, x1
    10d4:	94000369 	bl	1e78 <semihosting_file_length>
    10d8:	b7f800c0 	tbnz	x0, #63, 10f0 <sh_file_len+0x30>
    10dc:	f9000260 	str	x0, [x19]
    10e0:	52800000 	mov	w0, #0x0                   	// #0
    10e4:	f9400bf3 	ldr	x19, [sp, #16]
    10e8:	a8c27bfd 	ldp	x29, x30, [sp], #32
    10ec:	d65f03c0 	ret
    10f0:	12800020 	mov	w0, #0xfffffffe            	// #-2
    10f4:	17fffffc 	b	10e4 <sh_file_len+0x24>

00000000000010f8 <sh_file_seek>:
    10f8:	a9bf7bfd 	stp	x29, x30, [sp, #-16]!
    10fc:	aa0203e1 	mov	x1, x2
    1100:	910003fd 	mov	x29, sp
    1104:	f9400400 	ldr	x0, [x0, #8]
    1108:	94000316 	bl	1d60 <semihosting_file_seek>
    110c:	f100001f 	cmp	x0, #0x0
    1110:	a8c17bfd 	ldp	x29, x30, [sp], #16
    1114:	12800020 	mov	w0, #0xfffffffe            	// #-2
    1118:	1a9f1000 	csel	w0, w0, wzr, ne	// ne = any
    111c:	d65f03c0 	ret

0000000000001120 <sh_file_open>:
    1120:	aa0103e0 	mov	x0, x1
    1124:	a9be7bfd 	stp	x29, x30, [sp, #-32]!
    1128:	910003fd 	mov	x29, sp
    112c:	f9400000 	ldr	x0, [x0]
    1130:	b9400821 	ldr	w1, [x1, #8]
    1134:	f9000bf3 	str	x19, [sp, #16]
    1138:	aa0203f3 	mov	x19, x2
    113c:	940002ff 	bl	1d38 <semihosting_file_open>
    1140:	f100001f 	cmp	x0, #0x0
    1144:	540000cd 	b.le	115c <sh_file_open+0x3c>
    1148:	f9000660 	str	x0, [x19, #8]
    114c:	52800000 	mov	w0, #0x0                   	// #0
    1150:	f9400bf3 	ldr	x19, [sp, #16]
    1154:	a8c27bfd 	ldp	x29, x30, [sp], #32
    1158:	d65f03c0 	ret
    115c:	12800020 	mov	w0, #0xfffffffe            	// #-2
    1160:	17fffffc 	b	1150 <sh_file_open+0x30>

0000000000001164 <register_io_dev_sh>:
    1164:	a9be7bfd 	stp	x29, x30, [sp, #-32]!
    1168:	910003fd 	mov	x29, sp
    116c:	f9000bf3 	str	x19, [sp, #16]
    1170:	aa0003f3 	mov	x19, x0
    1174:	d0420180 	adrp	x0, 84033000 <RAM_REGION_START>
    1178:	91004000 	add	x0, x0, #0x10
    117c:	94000018 	bl	11dc <io_register_device>
    1180:	35000080 	cbnz	w0, 1190 <register_io_dev_sh+0x2c>
    1184:	b0000021 	adrp	x1, 6000 <__TEXT_END__>
    1188:	9103a021 	add	x1, x1, #0xe8
    118c:	f9000261 	str	x1, [x19]
    1190:	f9400bf3 	ldr	x19, [sp, #16]
    1194:	a8c27bfd 	ldp	x29, x30, [sp], #32
    1198:	d65f03c0 	ret

000000000000119c <free_entity.isra.0>:
    119c:	f0420182 	adrp	x2, 84034000 <ops>
    11a0:	91028042 	add	x2, x2, #0xa0
    11a4:	d2800001 	mov	x1, #0x0                   	// #0
    11a8:	f8617843 	ldr	x3, [x2, x1, lsl #3]
    11ac:	eb03001f 	cmp	x0, x3
    11b0:	540000a0 	b.eq	11c4 <free_entity.isra.0+0x28>  // b.none
    11b4:	91000421 	add	x1, x1, #0x1
    11b8:	f100103f 	cmp	x1, #0x4
    11bc:	54ffff61 	b.ne	11a8 <free_entity.isra.0+0xc>  // b.any
    11c0:	d65f03c0 	ret
    11c4:	f821585f 	str	xzr, [x2, w1, uxtw #3]
    11c8:	f0420181 	adrp	x1, 84034000 <ops>
    11cc:	b9456820 	ldr	w0, [x1, #1384]
    11d0:	51000400 	sub	w0, w0, #0x1
    11d4:	b9056820 	str	w0, [x1, #1384]
    11d8:	17fffffa 	b	11c0 <free_entity.isra.0+0x24>

00000000000011dc <io_register_device>:
    11dc:	f0420181 	adrp	x1, 84034000 <ops>
    11e0:	b9456420 	ldr	w0, [x1, #1380]
    11e4:	7100081f 	cmp	w0, #0x2
    11e8:	540000a8 	b.hi	11fc <io_register_device+0x20>  // b.pmore
    11ec:	11000400 	add	w0, w0, #0x1
    11f0:	b9056420 	str	w0, [x1, #1380]
    11f4:	52800000 	mov	w0, #0x0                   	// #0
    11f8:	d65f03c0 	ret
    11fc:	12800160 	mov	w0, #0xfffffff4            	// #-12
    1200:	17fffffe 	b	11f8 <io_register_device+0x1c>

0000000000001204 <io_dev_open>:
    1204:	aa0003e3 	mov	x3, x0
    1208:	aa0103e0 	mov	x0, x1
    120c:	aa0203e1 	mov	x1, x2
    1210:	f9400063 	ldr	x3, [x3]
    1214:	aa0303f0 	mov	x16, x3
    1218:	d61f0200 	br	x16

000000000000121c <io_dev_init>:
    121c:	f9400002 	ldr	x2, [x0]
    1220:	f9401c42 	ldr	x2, [x2, #56]
    1224:	b4000062 	cbz	x2, 1230 <io_dev_init+0x14>
    1228:	aa0203f0 	mov	x16, x2
    122c:	d61f0200 	br	x16
    1230:	52800000 	mov	w0, #0x0                   	// #0
    1234:	d65f03c0 	ret

0000000000001238 <io_dev_close>:
    1238:	f9400001 	ldr	x1, [x0]
    123c:	f9402021 	ldr	x1, [x1, #64]
    1240:	b4000061 	cbz	x1, 124c <io_dev_close+0x14>
    1244:	aa0103f0 	mov	x16, x1
    1248:	d61f0200 	br	x16
    124c:	52800000 	mov	w0, #0x0                   	// #0
    1250:	d65f03c0 	ret

0000000000001254 <io_open>:
    1254:	a9bc7bfd 	stp	x29, x30, [sp, #-64]!
    1258:	f0420185 	adrp	x5, 84034000 <ops>
    125c:	910003fd 	mov	x29, sp
    1260:	a90153f3 	stp	x19, x20, [sp, #16]
    1264:	aa0003f3 	mov	x19, x0
    1268:	b94568a0 	ldr	w0, [x5, #1384]
    126c:	a9025bf5 	stp	x21, x22, [sp, #32]
    1270:	f9001bf7 	str	x23, [sp, #48]
    1274:	71000c1f 	cmp	w0, #0x3
    1278:	54000508 	b.hi	1318 <io_open+0xc4>  // b.pmore
    127c:	f0420184 	adrp	x4, 84034000 <ops>
    1280:	aa0203f6 	mov	x22, x2
    1284:	91028084 	add	x4, x4, #0xa0
    1288:	d2800003 	mov	x3, #0x0                   	// #0
    128c:	f8637882 	ldr	x2, [x4, x3, lsl #3]
    1290:	b40003a2 	cbz	x2, 1304 <io_open+0xb0>
    1294:	91000463 	add	x3, x3, #0x1
    1298:	f100107f 	cmp	x3, #0x4
    129c:	54ffff81 	b.ne	128c <io_open+0x38>  // b.any
    12a0:	52800003 	mov	w3, #0x0                   	// #0
    12a4:	12800022 	mov	w2, #0xfffffffe            	// #-2
    12a8:	d37c7c77 	ubfiz	x23, x3, #4, #32
    12ac:	f0420195 	adrp	x21, 84034000 <ops>
    12b0:	910302b5 	add	x21, x21, #0xc0
    12b4:	11000400 	add	w0, w0, #0x1
    12b8:	8b1502f4 	add	x20, x23, x21
    12bc:	b90568a0 	str	w0, [x5, #1384]
    12c0:	f8235894 	str	x20, [x4, w3, uxtw #3]
    12c4:	350002e2 	cbnz	w2, 1320 <io_open+0xcc>
    12c8:	f9400260 	ldr	x0, [x19]
    12cc:	aa1403e2 	mov	x2, x20
    12d0:	f9400403 	ldr	x3, [x0, #8]
    12d4:	aa1303e0 	mov	x0, x19
    12d8:	d63f0060 	blr	x3
    12dc:	2a0003e4 	mov	w4, w0
    12e0:	35000160 	cbnz	w0, 130c <io_open+0xb8>
    12e4:	f8376ab3 	str	x19, [x21, x23]
    12e8:	f90002d4 	str	x20, [x22]
    12ec:	a94153f3 	ldp	x19, x20, [sp, #16]
    12f0:	2a0403e0 	mov	w0, w4
    12f4:	a9425bf5 	ldp	x21, x22, [sp, #32]
    12f8:	f9401bf7 	ldr	x23, [sp, #48]
    12fc:	a8c47bfd 	ldp	x29, x30, [sp], #64
    1300:	d65f03c0 	ret
    1304:	52800002 	mov	w2, #0x0                   	// #0
    1308:	17ffffe8 	b	12a8 <io_open+0x54>
    130c:	aa1403e0 	mov	x0, x20
    1310:	97ffffa3 	bl	119c <free_entity.isra.0>
    1314:	17fffff6 	b	12ec <io_open+0x98>
    1318:	12800164 	mov	w4, #0xfffffff4            	// #-12
    131c:	17fffff4 	b	12ec <io_open+0x98>
    1320:	12800024 	mov	w4, #0xfffffffe            	// #-2
    1324:	17fffff2 	b	12ec <io_open+0x98>

0000000000001328 <io_seek>:
    1328:	f9400003 	ldr	x3, [x0]
    132c:	f9400063 	ldr	x3, [x3]
    1330:	f9400863 	ldr	x3, [x3, #16]
    1334:	b4000063 	cbz	x3, 1340 <io_seek+0x18>
    1338:	aa0303f0 	mov	x16, x3
    133c:	d61f0200 	br	x16
    1340:	12800240 	mov	w0, #0xffffffed            	// #-19
    1344:	d65f03c0 	ret

0000000000001348 <io_size>:
    1348:	f9400002 	ldr	x2, [x0]
    134c:	f9400042 	ldr	x2, [x2]
    1350:	f9400c42 	ldr	x2, [x2, #24]
    1354:	b4000062 	cbz	x2, 1360 <io_size+0x18>
    1358:	aa0203f0 	mov	x16, x2
    135c:	d61f0200 	br	x16
    1360:	12800240 	mov	w0, #0xffffffed            	// #-19
    1364:	d65f03c0 	ret

0000000000001368 <io_read>:
    1368:	f9400004 	ldr	x4, [x0]
    136c:	f9400084 	ldr	x4, [x4]
    1370:	f9401084 	ldr	x4, [x4, #32]
    1374:	b4000064 	cbz	x4, 1380 <io_read+0x18>
    1378:	aa0403f0 	mov	x16, x4
    137c:	d61f0200 	br	x16
    1380:	12800240 	mov	w0, #0xffffffed            	// #-19
    1384:	d65f03c0 	ret

0000000000001388 <io_close>:
    1388:	a9be7bfd 	stp	x29, x30, [sp, #-32]!
    138c:	910003fd 	mov	x29, sp
    1390:	f9400001 	ldr	x1, [x0]
    1394:	f9400021 	ldr	x1, [x1]
    1398:	f9401821 	ldr	x1, [x1, #48]
    139c:	f9000bf3 	str	x19, [sp, #16]
    13a0:	aa0003f3 	mov	x19, x0
    13a4:	b4000121 	cbz	x1, 13c8 <io_close+0x40>
    13a8:	d63f0020 	blr	x1
    13ac:	2a0003e4 	mov	w4, w0
    13b0:	aa1303e0 	mov	x0, x19
    13b4:	97ffff7a 	bl	119c <free_entity.isra.0>
    13b8:	f9400bf3 	ldr	x19, [sp, #16]
    13bc:	2a0403e0 	mov	w0, w4
    13c0:	a8c27bfd 	ldp	x29, x30, [sp], #32
    13c4:	d65f03c0 	ret
    13c8:	52800004 	mov	w4, #0x0                   	// #0
    13cc:	17fffff9 	b	13b0 <io_close+0x28>

00000000000013d0 <console_cxuart_core_init>:
    13d0:	f100001f 	cmp	x0, #0x0
    13d4:	7a401824 	ccmp	w1, #0x0, #0x4, ne	// ne = any
    13d8:	540002c0 	b.eq	1430 <console_cxuart_core_init+0x60>  // b.none
    13dc:	340002a2 	cbz	w2, 1430 <console_cxuart_core_init+0x60>
    13e0:	531c6c42 	lsl	w2, w2, #4
    13e4:	1ac20821 	udiv	w1, w1, w2
    13e8:	b9400c02 	ldr	w2, [x0, #12]
    13ec:	32190042 	orr	w2, w2, #0x80
    13f0:	b9000c02 	str	w2, [x0, #12]
    13f4:	12001c22 	and	w2, w1, #0xff
    13f8:	b9000002 	str	w2, [x0]
    13fc:	d3483c21 	ubfx	x1, x1, #8, #8
    1400:	b9000401 	str	w1, [x0, #4]
    1404:	b9400c01 	ldr	w1, [x0, #12]
    1408:	12187821 	and	w1, w1, #0xffffff7f
    140c:	b9000c01 	str	w1, [x0, #12]
    1410:	b9400c01 	ldr	w1, [x0, #12]
    1414:	32000421 	orr	w1, w1, #0x3
    1418:	b9000c01 	str	w1, [x0, #12]
    141c:	b9400801 	ldr	w1, [x0, #8]
    1420:	32000021 	orr	w1, w1, #0x1
    1424:	b9000801 	str	w1, [x0, #8]
    1428:	52800020 	mov	w0, #0x1                   	// #1
    142c:	d65f03c0 	ret
    1430:	52800000 	mov	w0, #0x0                   	// #0
    1434:	17fffffe 	b	142c <console_cxuart_core_init+0x5c>

0000000000001438 <console_cxuart_core_flush>:
    1438:	91005001 	add	x1, x0, #0x14
    143c:	b9401400 	ldr	w0, [x0, #20]
    1440:	121b0400 	and	w0, w0, #0x60
    1444:	7101801f 	cmp	w0, #0x60
    1448:	54000041 	b.ne	1450 <console_cxuart_core_flush+0x18>  // b.any
    144c:	d65f03c0 	ret
    1450:	b9400020 	ldr	w0, [x1]
    1454:	17fffffb 	b	1440 <console_cxuart_core_flush+0x8>

0000000000001458 <console_cxuart_core_putc>:
    1458:	a9bf7bfd 	stp	x29, x30, [sp, #-16]!
    145c:	2a0003e3 	mov	w3, w0
    1460:	aa0103e2 	mov	x2, x1
    1464:	910003fd 	mov	x29, sp
    1468:	7100281f 	cmp	w0, #0xa
    146c:	540000a1 	b.ne	1480 <console_cxuart_core_putc+0x28>  // b.any
    1470:	aa0103e0 	mov	x0, x1
    1474:	97fffff1 	bl	1438 <console_cxuart_core_flush>
    1478:	528001a0 	mov	w0, #0xd                   	// #13
    147c:	b9000040 	str	w0, [x2]
    1480:	aa0203e0 	mov	x0, x2
    1484:	97ffffed 	bl	1438 <console_cxuart_core_flush>
    1488:	a8c17bfd 	ldp	x29, x30, [sp], #16
    148c:	2a0303e0 	mov	w0, w3
    1490:	b9000043 	str	w3, [x2]
    1494:	d65f03c0 	ret

0000000000001498 <console_cxuart_putc_string>:
    1498:	aa0003e4 	mov	x4, x0
    149c:	39400000 	ldrb	w0, [x0]
    14a0:	35000040 	cbnz	w0, 14a8 <console_cxuart_putc_string+0x10>
    14a4:	d65f03c0 	ret
    14a8:	a9bf7bfd 	stp	x29, x30, [sp, #-16]!
    14ac:	910003fd 	mov	x29, sp
    14b0:	91000484 	add	x4, x4, #0x1
    14b4:	d2a18001 	mov	x1, #0xc000000             	// #201326592
    14b8:	97ffffe8 	bl	1458 <console_cxuart_core_putc>
    14bc:	39400080 	ldrb	w0, [x4]
    14c0:	35ffff80 	cbnz	w0, 14b0 <console_cxuart_putc_string+0x18>
    14c4:	a8c17bfd 	ldp	x29, x30, [sp], #16
    14c8:	d65f03c0 	ret

00000000000014cc <console_cxuart_register>:
    14cc:	a9bf7bfd 	stp	x29, x30, [sp, #-16]!
    14d0:	910003fd 	mov	x29, sp
    14d4:	b50000e3 	cbnz	x3, 14f0 <console_cxuart_register+0x24>
    14d8:	b0000020 	adrp	x0, 6000 <__TEXT_END__>
    14dc:	912c3400 	add	x0, x0, #0xb0d
    14e0:	97ffffee 	bl	1498 <console_cxuart_putc_string>
    14e4:	52800000 	mov	w0, #0x0                   	// #0
    14e8:	a8c17bfd 	ldp	x29, x30, [sp], #16
    14ec:	d65f03c0 	ret
    14f0:	f9001060 	str	x0, [x3, #32]
    14f4:	97ffffb7 	bl	13d0 <console_cxuart_core_init>
    14f8:	34ffff60 	cbz	w0, 14e4 <console_cxuart_register+0x18>
    14fc:	a8c17bfd 	ldp	x29, x30, [sp], #16
    1500:	90000000 	adrp	x0, 1000 <sh_dev_open+0xc>
    1504:	9114a000 	add	x0, x0, #0x528
    1508:	f9000860 	str	x0, [x3, #16]
    150c:	90000000 	adrp	x0, 1000 <sh_dev_open+0xc>
    1510:	9114c000 	add	x0, x0, #0x530
    1514:	f9000c60 	str	x0, [x3, #24]
    1518:	d28000a0 	mov	x0, #0x5                   	// #5
    151c:	f9000460 	str	x0, [x3, #8]
    1520:	aa0303e0 	mov	x0, x3
    1524:	17fffcc5 	b	838 <console_register>

0000000000001528 <console_cxuart_putc>:
    1528:	f9401021 	ldr	x1, [x1, #32]
    152c:	17ffffcb 	b	1458 <console_cxuart_core_putc>

0000000000001530 <console_cxuart_flush>:
    1530:	f9401000 	ldr	x0, [x0, #32]
    1534:	17ffffc1 	b	1438 <console_cxuart_core_flush>

0000000000001538 <print_errata_status>:
    1538:	d65f03c0 	ret

000000000000153c <cm_setup_context>:
    153c:	a9bd7bfd 	stp	x29, x30, [sp, #-48]!
    1540:	910003fd 	mov	x29, sp
    1544:	a90153f3 	stp	x19, x20, [sp, #16]
    1548:	aa0103f4 	mov	x20, x1
    154c:	d280c613 	mov	x19, #0x630                 	// #1584
    1550:	f90013f5 	str	x21, [sp, #32]
    1554:	aa0003f5 	mov	x21, x0
    1558:	aa0103e0 	mov	x0, x1
    155c:	97fffbd8 	bl	4bc <print_entry_point_info>
    1560:	aa1503e0 	mov	x0, x21
    1564:	d2805e01 	mov	x1, #0x2f0                 	// #752
    1568:	940006c2 	bl	3070 <zeromem>
    156c:	b9401281 	ldr	w1, [x20, #16]
    1570:	d2804600 	mov	x0, #0x230                 	// #560
    1574:	721c0023 	ands	w3, w1, #0x10
    1578:	9a800273 	csel	x19, x19, x0, eq	// eq = none
    157c:	b9400680 	ldr	w0, [x20, #4]
    1580:	36100040 	tbz	w0, #2, 1588 <cm_setup_context+0x4c>
    1584:	b2750273 	orr	x19, x19, #0x800
    1588:	d5380720 	mrs	x0, id_aa64mmfr1_el1
    158c:	f2580c1f 	tst	x0, #0xf0000000000
    1590:	54000040 	b.eq	1598 <cm_setup_context+0x5c>  // b.none
    1594:	b25a0273 	orr	x19, x19, #0x4000000000
    1598:	d5380620 	mrs	x0, id_aa64isar1_el1
    159c:	d37cfc00 	lsr	x0, x0, #60
    15a0:	f100081f 	cmp	x0, #0x2
    15a4:	54000049 	b.ls	15ac <cm_setup_context+0x70>  // b.plast
    15a8:	b25c0673 	orr	x19, x19, #0x3000000000
    15ac:	d5380760 	mrs	x0, id_aa64mmfr3_el1
    15b0:	d34cfc02 	lsr	x2, x0, #12
    15b4:	aa402042 	orr	x2, x2, x0, lsr #8
    15b8:	f2400c5f 	tst	x2, #0xf
    15bc:	540000a1 	b.ne	15d0 <cm_setup_context+0x94>  // b.any
    15c0:	d354fc02 	lsr	x2, x0, #20
    15c4:	aa404040 	orr	x0, x2, x0, lsr #16
    15c8:	f2400c1f 	tst	x0, #0xf
    15cc:	54000040 	b.eq	15d4 <cm_setup_context+0x98>  // b.none
    15d0:	b2530273 	orr	x19, x19, #0x200000000000
    15d4:	d5380420 	mrs	x0, id_aa64pfr1_el1
    15d8:	f2540c1f 	tst	x0, #0xf00000000000
    15dc:	54000060 	b.eq	15e8 <cm_setup_context+0xac>  // b.none
    15e0:	35000043 	cbnz	w3, 15e8 <cm_setup_context+0xac>
    15e4:	b2590273 	orr	x19, x19, #0x8000000000
    15e8:	f9400a80 	ldr	x0, [x20, #16]
    15ec:	927e0802 	and	x2, x0, #0x1c
    15f0:	f100205f 	cmp	x2, #0x8
    15f4:	54000080 	b.eq	1604 <cm_setup_context+0xc8>  // b.none
    15f8:	92401000 	and	x0, x0, #0x1f
    15fc:	f100681f 	cmp	x0, #0x1a
    1600:	54000161 	b.ne	162c <cm_setup_context+0xf0>  // b.any
    1604:	d2802002 	mov	x2, #0x100                 	// #256
    1608:	b2780263 	orr	x3, x19, #0x100
    160c:	f2a10002 	movk	x2, #0x800, lsl #16
    1610:	aa020262 	orr	x2, x19, x2
    1614:	d5380700 	mrs	x0, id_aa64mmfr0_el1
    1618:	f2480c1f 	tst	x0, #0xf00000000000000
    161c:	9a831053 	csel	x19, x2, x3, ne	// ne = any
    1620:	eb40f3ff 	cmp	xzr, x0, lsr #60
    1624:	54000040 	b.eq	162c <cm_setup_context+0xf0>  // b.none
    1628:	b2640273 	orr	x19, x19, #0x10000000
    162c:	d5380720 	mrs	x0, id_aa64mmfr1_el1
    1630:	f2600c1f 	tst	x0, #0xf00000000
    1634:	54000040 	b.eq	163c <cm_setup_context+0x100>  // b.none
    1638:	b2630273 	orr	x19, x19, #0x20000000
    163c:	f9400682 	ldr	x2, [x20, #8]
    1640:	2a0103e1 	mov	w1, w1
    1644:	a9110aa1 	stp	x1, x2, [x21, #272]
    1648:	d2900001 	mov	x1, #0x8000                	// #32768
    164c:	f2a20021 	movk	x1, #0x1001, lsl #16
    1650:	f90082b3 	str	x19, [x21, #256]
    1654:	aa1503e0 	mov	x0, x21
    1658:	f9009aa1 	str	x1, [x21, #304]
    165c:	d2800802 	mov	x2, #0x40                  	// #64
    1660:	91006281 	add	x1, x20, #0x18
    1664:	94000c1e 	bl	46dc <memcpy>
    1668:	b9400680 	ldr	w0, [x20, #4]
    166c:	52800421 	mov	w1, #0x21                  	// #33
    1670:	6a010000 	ands	w0, w0, w1
    1674:	54000100 	b.eq	1694 <cm_setup_context+0x158>  // b.none
    1678:	7100041f 	cmp	w0, #0x1
    167c:	54000220 	b.eq	16c0 <cm_setup_context+0x184>  // b.none
    1680:	b0000020 	adrp	x0, 6000 <__TEXT_END__>
    1684:	912d0000 	add	x0, x0, #0xb40
    1688:	97fffbbf 	bl	584 <tf_log>
    168c:	97fffcb2 	bl	954 <console_flush>
    1690:	9400063b 	bl	2f7c <el3_panic>
    1694:	d5380420 	mrs	x0, id_aa64pfr1_el1
    1698:	d348fc00 	lsr	x0, x0, #8
    169c:	f27f081f 	tst	x0, #0xe
    16a0:	54000040 	b.eq	16a8 <cm_setup_context+0x16c>  // b.none
    16a4:	b2660273 	orr	x19, x19, #0x4000000
    16a8:	f90082b3 	str	x19, [x21, #256]
    16ac:	f94013f5 	ldr	x21, [sp, #32]
    16b0:	aa1403e0 	mov	x0, x20
    16b4:	a94153f3 	ldp	x19, x20, [sp, #16]
    16b8:	a8c37bfd 	ldp	x29, x30, [sp], #48
    16bc:	17fffb80 	b	4bc <print_entry_point_info>
    16c0:	aa1403e0 	mov	x0, x20
    16c4:	97fffb7e 	bl	4bc <print_entry_point_info>
    16c8:	f94082a2 	ldr	x2, [x21, #256]
    16cc:	d2800024 	mov	x4, #0x1                   	// #1
    16d0:	d5380421 	mrs	x1, id_aa64pfr1_el1
    16d4:	d348fc23 	lsr	x3, x1, #8
    16d8:	b2400040 	orr	x0, x2, #0x1
    16dc:	f27f087f 	tst	x3, #0xe
    16e0:	f2a08004 	movk	x4, #0x400, lsl #16
    16e4:	aa040042 	orr	x2, x2, x4
    16e8:	d2a04064 	mov	x4, #0x2030000             	// #33751040
    16ec:	9a801042 	csel	x2, x2, x0, ne	// ne = any
    16f0:	d5380400 	mrs	x0, id_aa64pfr0_el1
    16f4:	d378fc00 	lsr	x0, x0, #56
    16f8:	b2700443 	orr	x3, x2, #0x30000
    16fc:	f27f081f 	tst	x0, #0xe
    1700:	aa040042 	orr	x2, x2, x4
    1704:	9a831042 	csel	x2, x2, x3, ne	// ne = any
    1708:	f2500c3f 	tst	x1, #0xf000000000000
    170c:	54000040 	b.eq	1714 <cm_setup_context+0x1d8>  // b.none
    1710:	b2560042 	orr	x2, x2, #0x40000000000
    1714:	d5380760 	mrs	x0, id_aa64mmfr3_el1
    1718:	721c0c1f 	tst	w0, #0xf0
    171c:	54000040 	b.eq	1724 <cm_setup_context+0x1e8>  // b.none
    1720:	b2540042 	orr	x2, x2, #0x100000000000
    1724:	d5380760 	mrs	x0, id_aa64mmfr3_el1
    1728:	f2600c1f 	tst	x0, #0xf00000000
    172c:	54000040 	b.eq	1734 <cm_setup_context+0x1f8>  // b.none
    1730:	b2510042 	orr	x2, x2, #0x800000000000
    1734:	d5380440 	mrs	x0, s3_0_c0_c4_2
    1738:	f2600c1f 	tst	x0, #0xf00000000
    173c:	54000040 	b.eq	1744 <cm_setup_context+0x208>  // b.none
    1740:	b24e0042 	orr	x2, x2, #0x4000000000000
    1744:	b9400680 	ldr	w0, [x20, #4]
    1748:	d2810001 	mov	x1, #0x800                 	// #2048
    174c:	f90082a2 	str	x2, [x21, #256]
    1750:	d2810703 	mov	x3, #0x838                 	// #2104
    1754:	b9401282 	ldr	w2, [x20, #16]
    1758:	f2a018a3 	movk	x3, #0xc5, lsl #16
    175c:	d3689c00 	lsl	x0, x0, #24
    1760:	f2a61a01 	movk	x1, #0x30d0, lsl #16
    1764:	92670000 	and	x0, x0, #0x2000000
    1768:	aa010001 	orr	x1, x0, x1
    176c:	f27c005f 	tst	x2, #0x10
    1770:	aa030000 	orr	x0, x0, x3
    1774:	9a811000 	csel	x0, x0, x1, ne	// ne = any
    1778:	f900baa0 	str	x0, [x21, #368]
    177c:	d5381020 	mrs	x0, actlr_el1
    1780:	f900daa0 	str	x0, [x21, #432]
    1784:	aa1403e0 	mov	x0, x20
    1788:	97fffb4d 	bl	4bc <print_entry_point_info>
    178c:	aa1403e0 	mov	x0, x20
    1790:	97fffb4b 	bl	4bc <print_entry_point_info>
    1794:	17ffffc6 	b	16ac <cm_setup_context+0x170>

0000000000001798 <cm_init_my_context>:
    1798:	a9be7bfd 	stp	x29, x30, [sp, #-32]!
    179c:	910003fd 	mov	x29, sp
    17a0:	f9000bf3 	str	x19, [sp, #16]
    17a4:	aa0003f3 	mov	x19, x0
    17a8:	97fffb45 	bl	4bc <print_entry_point_info>
    17ac:	52800420 	mov	w0, #0x21                  	// #33
    17b0:	b9400661 	ldr	w1, [x19, #4]
    17b4:	0a000020 	and	w0, w1, w0
    17b8:	97fffa57 	bl	114 <cm_get_context>
    17bc:	aa1303e1 	mov	x1, x19
    17c0:	f9400bf3 	ldr	x19, [sp, #16]
    17c4:	a8c27bfd 	ldp	x29, x30, [sp], #32
    17c8:	17ffff5d 	b	153c <cm_setup_context>

00000000000017cc <cm_el1_sysregs_context_restore>:
    17cc:	a9be7bfd 	stp	x29, x30, [sp, #-32]!
    17d0:	910003fd 	mov	x29, sp
    17d4:	f9000bf3 	str	x19, [sp, #16]
    17d8:	97fffa4f 	bl	114 <cm_get_context>
    17dc:	91058013 	add	x19, x0, #0x160
    17e0:	f940b000 	ldr	x0, [x0, #352]
    17e4:	d5184000 	msr	spsr_el1, x0
    17e8:	f9400660 	ldr	x0, [x19, #8]
    17ec:	d5184020 	msr	elr_el1, x0
    17f0:	f9400a60 	ldr	x0, [x19, #16]
    17f4:	d5181000 	msr	sctlr_el1, x0
    17f8:	f9400e60 	ldr	x0, [x19, #24]
    17fc:	d5182040 	msr	tcr_el1, x0
    1800:	f9401260 	ldr	x0, [x19, #32]
    1804:	d5181040 	msr	cpacr_el1, x0
    1808:	f9401660 	ldr	x0, [x19, #40]
    180c:	d51a0000 	msr	csselr_el1, x0
    1810:	f9401a60 	ldr	x0, [x19, #48]
    1814:	d51c4100 	msr	sp_el1, x0
    1818:	f9401e60 	ldr	x0, [x19, #56]
    181c:	d5185200 	msr	esr_el1, x0
    1820:	a94c0660 	ldp	x0, x1, [x19, #192]
    1824:	940008d8 	bl	3b84 <write_ttbr0_el1>
    1828:	a94d0660 	ldp	x0, x1, [x19, #208]
    182c:	940008dd 	bl	3ba0 <write_ttbr1_el1>
    1830:	f9402260 	ldr	x0, [x19, #64]
    1834:	d518a200 	msr	mair_el1, x0
    1838:	f9402660 	ldr	x0, [x19, #72]
    183c:	d518a300 	msr	amair_el1, x0
    1840:	f9402a60 	ldr	x0, [x19, #80]
    1844:	d5181020 	msr	actlr_el1, x0
    1848:	f9402e60 	ldr	x0, [x19, #88]
    184c:	d518d080 	msr	tpidr_el1, x0
    1850:	f9403260 	ldr	x0, [x19, #96]
    1854:	d51bd040 	msr	tpidr_el0, x0
    1858:	f9403660 	ldr	x0, [x19, #104]
    185c:	d51bd060 	msr	tpidrro_el0, x0
    1860:	a94b0660 	ldp	x0, x1, [x19, #176]
    1864:	940008c1 	bl	3b68 <write_par_el1>
    1868:	f9403a60 	ldr	x0, [x19, #112]
    186c:	d5186000 	msr	far_el1, x0
    1870:	f9403e60 	ldr	x0, [x19, #120]
    1874:	d5185100 	msr	afsr0_el1, x0
    1878:	f9404260 	ldr	x0, [x19, #128]
    187c:	d5185120 	msr	afsr1_el1, x0
    1880:	f9404660 	ldr	x0, [x19, #136]
    1884:	d518d020 	msr	contextidr_el1, x0
    1888:	f9404a60 	ldr	x0, [x19, #144]
    188c:	d518c000 	msr	vbar_el1, x0
    1890:	f9404e60 	ldr	x0, [x19, #152]
    1894:	d5100200 	msr	mdccint_el1, x0
    1898:	f9405260 	ldr	x0, [x19, #160]
    189c:	d5100240 	msr	mdscr_el1, x0
    18a0:	d5380420 	mrs	x0, id_aa64pfr1_el1
    18a4:	d348fc00 	lsr	x0, x0, #8
    18a8:	f27f081f 	tst	x0, #0xe
    18ac:	54000120 	b.eq	18d0 <__BSS_SIZE__+0xd0>  // b.none
    18b0:	f9407260 	ldr	x0, [x19, #224]
    18b4:	d5185620 	msr	tfsre0_el1, x0
    18b8:	f9407660 	ldr	x0, [x19, #232]
    18bc:	d5185600 	msr	tfsr_el1, x0
    18c0:	f9407a60 	ldr	x0, [x19, #240]
    18c4:	d51810a0 	msr	rgsr_el1, x0
    18c8:	f9407e60 	ldr	x0, [x19, #248]
    18cc:	d51810c0 	msr	gcr_el1, x0
    18d0:	d5380760 	mrs	x0, id_aa64mmfr3_el1
    18d4:	72180c1f 	tst	w0, #0xf00
    18d8:	540000a0 	b.eq	18ec <__BSS_SIZE__+0xec>  // b.none
    18dc:	f9408260 	ldr	x0, [x19, #256]
    18e0:	d518a240 	msr	pire0_el1, x0
    18e4:	f9408660 	ldr	x0, [x19, #264]
    18e8:	d518a260 	msr	pir_el1, x0
    18ec:	d5380760 	mrs	x0, id_aa64mmfr3_el1
    18f0:	72100c1f 	tst	w0, #0xf0000
    18f4:	54000060 	b.eq	1900 <__BSS_SIZE__+0x100>  // b.none
    18f8:	f9408a60 	ldr	x0, [x19, #272]
    18fc:	d518a280 	msr	por_el1, x0
    1900:	d5380760 	mrs	x0, id_aa64mmfr3_el1
    1904:	720c0c1f 	tst	w0, #0xf00000
    1908:	54000060 	b.eq	1914 <__BSS_SIZE__+0x114>  // b.none
    190c:	f9408e60 	ldr	x0, [x19, #280]
    1910:	d518a2a0 	msr	s2por_el1, x0
    1914:	d5380760 	mrs	x0, id_aa64mmfr3_el1
    1918:	f2400c1f 	tst	x0, #0xf
    191c:	54000060 	b.eq	1928 <__BSS_SIZE__+0x128>  // b.none
    1920:	f9409260 	ldr	x0, [x19, #288]
    1924:	d5182060 	msr	tcr2_el1, x0
    1928:	d5380500 	mrs	x0, id_aa64dfr0_el1
    192c:	f2580c1f 	tst	x0, #0xf0000000000
    1930:	54000060 	b.eq	193c <__BSS_SIZE__+0x13c>  // b.none
    1934:	f9409660 	ldr	x0, [x19, #296]
    1938:	d5181220 	msr	trfcr_el1, x0
    193c:	d5380400 	mrs	x0, id_aa64pfr0_el1
    1940:	d378fc00 	lsr	x0, x0, #56
    1944:	f27f081f 	tst	x0, #0xe
    1948:	540000a0 	b.eq	195c <__BSS_SIZE__+0x15c>  // b.none
    194c:	f9409a60 	ldr	x0, [x19, #304]
    1950:	d51bd0e0 	msr	scxtnum_el0, x0
    1954:	f9409e60 	ldr	x0, [x19, #312]
    1958:	d518d0e0 	msr	scxtnum_el1, x0
    195c:	d5380420 	mrs	x0, id_aa64pfr1_el1
    1960:	f2540c1f 	tst	x0, #0xf00000000000
    1964:	54000120 	b.eq	1988 <__BSS_SIZE__+0x188>  // b.none
    1968:	f940a260 	ldr	x0, [x19, #320]
    196c:	d5182500 	msr	gcscr_el1, x0
    1970:	f940a660 	ldr	x0, [x19, #328]
    1974:	d5182540 	msr	gcscre0_el1, x0
    1978:	f940aa60 	ldr	x0, [x19, #336]
    197c:	d5182520 	msr	gcspr_el1, x0
    1980:	f940ae60 	ldr	x0, [x19, #344]
    1984:	d51b2520 	msr	gcspr_el0, x0
    1988:	d5380420 	mrs	x0, id_aa64pfr1_el1
    198c:	f2500c1f 	tst	x0, #0xf000000000000
    1990:	540000a0 	b.eq	19a4 <__BSS_SIZE__+0x1a4>  // b.none
    1994:	a9560660 	ldp	x0, x1, [x19, #352]
    1998:	94000889 	bl	3bbc <write_rcwmask_el1>
    199c:	a9570660 	ldp	x0, x1, [x19, #368]
    19a0:	9400088e 	bl	3bd8 <write_rcwsmask_el1>
    19a4:	d5380760 	mrs	x0, id_aa64mmfr3_el1
    19a8:	721c0c1f 	tst	w0, #0xf0
    19ac:	54000060 	b.eq	19b8 <__BSS_SIZE__+0x1b8>  // b.none
    19b0:	f940c260 	ldr	x0, [x19, #384]
    19b4:	d5181060 	msr	sctlr2_el1, x0
    19b8:	d5380620 	mrs	x0, id_aa64isar1_el1
    19bc:	d37cfc00 	lsr	x0, x0, #60
    19c0:	f100081f 	cmp	x0, #0x2
    19c4:	54000069 	b.ls	19d0 <__BSS_SIZE__+0x1d0>  // b.plast
    19c8:	f940c660 	ldr	x0, [x19, #392]
    19cc:	d518d0a0 	msr	accdata_el1, x0
    19d0:	f9400bf3 	ldr	x19, [sp, #16]
    19d4:	a8c27bfd 	ldp	x29, x30, [sp], #32
    19d8:	d65f03c0 	ret

00000000000019dc <cm_set_next_eret_context>:
    19dc:	a9bf7bfd 	stp	x29, x30, [sp, #-16]!
    19e0:	910003fd 	mov	x29, sp
    19e4:	97fff9cc 	bl	114 <cm_get_context>
    19e8:	d50041bf 	msr	spsel, #0x1
    19ec:	9100001f 	mov	sp, x0
    19f0:	d50040bf 	msr	spsel, #0x0
    19f4:	a8c17bfd 	ldp	x29, x30, [sp], #16
    19f8:	d65f03c0 	ret

00000000000019fc <cm_prepare_el3_exit>:
    19fc:	a9be7bfd 	stp	x29, x30, [sp, #-32]!
    1a00:	910003fd 	mov	x29, sp
    1a04:	f9000bf3 	str	x19, [sp, #16]
    1a08:	2a0003f3 	mov	w19, w0
    1a0c:	97fff9c2 	bl	114 <cm_get_context>
    1a10:	7100067f 	cmp	w19, #0x1
    1a14:	540002c1 	b.ne	1a6c <cm_prepare_el3_exit+0x70>  // b.any
    1a18:	d5380401 	mrs	x1, id_aa64pfr0_el1
    1a1c:	f2780c3f 	tst	x1, #0xf00
    1a20:	54000260 	b.eq	1a6c <cm_prepare_el3_exit+0x70>  // b.none
    1a24:	d5380721 	mrs	x1, id_aa64mmfr1_el1
    1a28:	f2580c3f 	tst	x1, #0xf0000000000
    1a2c:	54000060 	b.eq	1a38 <cm_prepare_el3_exit+0x3c>  // b.none
    1a30:	d2800001 	mov	x1, #0x0                   	// #0
    1a34:	d51c1241 	msr	hcrx_el2, x1
    1a38:	d5380701 	mrs	x1, id_aa64mmfr0_el1
    1a3c:	f2480c3f 	tst	x1, #0xf00000000000000
    1a40:	540000c0 	b.eq	1a58 <cm_prepare_el3_exit+0x5c>  // b.none
    1a44:	d2e03001 	mov	x1, #0x180000000000000     	// #108086391056891904
    1a48:	d51c11c1 	msr	hfgitr_el2, x1
    1a4c:	d2e01881 	mov	x1, #0xc4000000000000      	// #55169095435288576
    1a50:	d51c1181 	msr	hfgrtr_el2, x1
    1a54:	d51c11a1 	msr	hfgwtr_el2, x1
    1a58:	f9408000 	ldr	x0, [x0, #256]
    1a5c:	36400080 	tbz	w0, #8, 1a6c <cm_prepare_el3_exit+0x70>
    1a60:	d2810600 	mov	x0, #0x830                 	// #2096
    1a64:	f2a618a0 	movk	x0, #0x30c5, lsl #16
    1a68:	d51c1000 	msr	sctlr_el2, x0
    1a6c:	2a1303e0 	mov	w0, w19
    1a70:	97ffff57 	bl	17cc <cm_el1_sysregs_context_restore>
    1a74:	2a1303e0 	mov	w0, w19
    1a78:	f9400bf3 	ldr	x19, [sp, #16]
    1a7c:	a8c27bfd 	ldp	x29, x30, [sp], #32
    1a80:	17ffffd7 	b	19dc <cm_set_next_eret_context>

0000000000001a84 <fconf_load_config>:
    1a84:	a9bc7bfd 	stp	x29, x30, [sp, #-64]!
    1a88:	d2804041 	mov	x1, #0x202                 	// #514
    1a8c:	f2a00301 	movk	x1, #0x18, lsl #16
    1a90:	910003fd 	mov	x29, sp
    1a94:	f9000bf3 	str	x19, [sp, #16]
    1a98:	2a0003f3 	mov	w19, w0
    1a9c:	a902ffe1 	stp	x1, xzr, [sp, #40]
    1aa0:	f9001fff 	str	xzr, [sp, #56]
    1aa4:	9400009a 	bl	1d0c <dyn_cfg_dtb_info_getter>
    1aa8:	f9400001 	ldr	x1, [x0]
    1aac:	b9400800 	ldr	w0, [x0, #8]
    1ab0:	f9001be1 	str	x1, [sp, #48]
    1ab4:	9100a3e1 	add	x1, sp, #0x28
    1ab8:	b9003fe0 	str	w0, [sp, #60]
    1abc:	2a1303e0 	mov	w0, w19
    1ac0:	97fffa5b 	bl	42c <load_auth_image>
    1ac4:	f9400bf3 	ldr	x19, [sp, #16]
    1ac8:	a8c47bfd 	ldp	x29, x30, [sp], #64
    1acc:	d65f03c0 	ret

0000000000001ad0 <set_config_info>:
    1ad0:	d0420186 	adrp	x6, 84033000 <RAM_REGION_START>
    1ad4:	910080c5 	add	x5, x6, #0x20
    1ad8:	f9400ca4 	ldr	x4, [x5, #24]
    1adc:	f94004a7 	ldr	x7, [x5, #8]
    1ae0:	91000488 	add	x8, x4, #0x1
    1ae4:	eb07011f 	cmp	x8, x7
    1ae8:	54000149 	b.ls	1b10 <set_config_info+0x40>  // b.plast
    1aec:	cb0400e2 	sub	x2, x7, x4
    1af0:	b0000020 	adrp	x0, 6000 <__TEXT_END__>
    1af4:	912d6400 	add	x0, x0, #0xb59
    1af8:	a9bf7bfd 	stp	x29, x30, [sp, #-16]!
    1afc:	d2800021 	mov	x1, #0x1                   	// #1
    1b00:	910003fd 	mov	x29, sp
    1b04:	97fffaa0 	bl	584 <tf_log>
    1b08:	97fffb93 	bl	954 <console_flush>
    1b0c:	9400051c 	bl	2f7c <el3_panic>
    1b10:	f94010c6 	ldr	x6, [x6, #32]
    1b14:	f9000ca8 	str	x8, [x5, #24]
    1b18:	f94008a7 	ldr	x7, [x5, #16]
    1b1c:	9b067c84 	mul	x4, x4, x6
    1b20:	8b0400e6 	add	x6, x7, x4
    1b24:	f82468e0 	str	x0, [x7, x4]
    1b28:	29010cc2 	stp	w2, w3, [x6, #8]
    1b2c:	f90008c1 	str	x1, [x6, #16]
    1b30:	d65f03c0 	ret

0000000000001b34 <fconf_populate_dtb_registry>:
    1b34:	a9ba7bfd 	stp	x29, x30, [sp, #-96]!
    1b38:	f0420181 	adrp	x1, 84034000 <ops>
    1b3c:	910003fd 	mov	x29, sp
    1b40:	b9412c21 	ldr	w1, [x1, #300]
    1b44:	a90153f3 	stp	x19, x20, [sp, #16]
    1b48:	aa0003f4 	mov	x20, x0
    1b4c:	a9025bf5 	stp	x21, x22, [sp, #32]
    1b50:	a90363f7 	stp	x23, x24, [sp, #48]
    1b54:	f90023f9 	str	x25, [sp, #64]
    1b58:	35000181 	cbnz	w1, 1b88 <fconf_populate_dtb_registry+0x54>
    1b5c:	39401001 	ldrb	w1, [x0, #4]
    1b60:	52800403 	mov	w3, #0x20                  	// #32
    1b64:	39401402 	ldrb	w2, [x0, #5]
    1b68:	aa022022 	orr	x2, x1, x2, lsl #8
    1b6c:	39401801 	ldrb	w1, [x0, #6]
    1b70:	aa014041 	orr	x1, x2, x1, lsl #16
    1b74:	39401c02 	ldrb	w2, [x0, #7]
    1b78:	aa026022 	orr	x2, x1, x2, lsl #24
    1b7c:	92800001 	mov	x1, #0xffffffffffffffff    	// #-1
    1b80:	5ac00842 	rev	w2, w2
    1b84:	97ffffd3 	bl	1ad0 <set_config_info>
    1b88:	b0000033 	adrp	x19, 6000 <__TEXT_END__>
    1b8c:	912e5e73 	add	x19, x19, #0xb97
    1b90:	aa1303e2 	mov	x2, x19
    1b94:	aa1403e0 	mov	x0, x20
    1b98:	12800001 	mov	w1, #0xffffffff            	// #-1
    1b9c:	94000a9d 	bl	4610 <fdt_node_offset_by_compatible>
    1ba0:	2a0003f6 	mov	w22, w0
    1ba4:	36f801a0 	tbz	w0, #31, 1bd8 <fconf_populate_dtb_registry+0xa4>
    1ba8:	aa1303e1 	mov	x1, x19
    1bac:	2a1603f3 	mov	w19, w22
    1bb0:	b0000020 	adrp	x0, 6000 <__TEXT_END__>
    1bb4:	912ec800 	add	x0, x0, #0xbb2
    1bb8:	97fffa73 	bl	584 <tf_log>
    1bbc:	a9425bf5 	ldp	x21, x22, [sp, #32]
    1bc0:	2a1303e0 	mov	w0, w19
    1bc4:	a94153f3 	ldp	x19, x20, [sp, #16]
    1bc8:	a94363f7 	ldp	x23, x24, [sp, #48]
    1bcc:	f94023f9 	ldr	x25, [sp, #64]
    1bd0:	a8c67bfd 	ldp	x29, x30, [sp], #96
    1bd4:	d65f03c0 	ret
    1bd8:	2a0003e1 	mov	w1, w0
    1bdc:	b0000037 	adrp	x23, 6000 <__TEXT_END__>
    1be0:	aa1403e0 	mov	x0, x20
    1be4:	b0000038 	adrp	x24, 6000 <__TEXT_END__>
    1be8:	94000927 	bl	4084 <fdt_first_subnode>
    1bec:	9130b6f7 	add	x23, x23, #0xc2d
    1bf0:	2a0003f3 	mov	w19, w0
    1bf4:	91305f18 	add	x24, x24, #0xc17
    1bf8:	36f80133 	tbz	w19, #31, 1c1c <fconf_populate_dtb_registry+0xe8>
    1bfc:	3100067f 	cmn	w19, #0x1
    1c00:	54000680 	b.eq	1cd0 <fconf_populate_dtb_registry+0x19c>  // b.none
    1c04:	2a1603e2 	mov	w2, w22
    1c08:	52801481 	mov	w1, #0xa4                  	// #164
    1c0c:	b0000020 	adrp	x0, 6000 <__TEXT_END__>
    1c10:	9130e800 	add	x0, x0, #0xc3a
    1c14:	97fffa5c 	bl	584 <tf_log>
    1c18:	17ffffe9 	b	1bbc <fconf_populate_dtb_registry+0x88>
    1c1c:	910163e3 	add	x3, sp, #0x58
    1c20:	aa1703e2 	mov	x2, x23
    1c24:	2a1303e1 	mov	w1, w19
    1c28:	aa1403e0 	mov	x0, x20
    1c2c:	97fffa46 	bl	544 <fdt_read_uint64>
    1c30:	2a0003f5 	mov	w21, w0
    1c34:	36f800c0 	tbz	w0, #31, 1c4c <fconf_populate_dtb_registry+0x118>
    1c38:	b0000020 	adrp	x0, 6000 <__TEXT_END__>
    1c3c:	2a1503f3 	mov	w19, w21
    1c40:	912f6c00 	add	x0, x0, #0xbdb
    1c44:	97fffa50 	bl	584 <tf_log>
    1c48:	17ffffdd 	b	1bbc <fconf_populate_dtb_registry+0x88>
    1c4c:	f9402ff9 	ldr	x25, [sp, #88]
    1c50:	910143e3 	add	x3, sp, #0x50
    1c54:	aa1803e2 	mov	x2, x24
    1c58:	2a1303e1 	mov	w1, w19
    1c5c:	aa1403e0 	mov	x0, x20
    1c60:	97fffa36 	bl	538 <fdt_read_uint32>
    1c64:	2a0003f5 	mov	w21, w0
    1c68:	37fffe80 	tbnz	w0, #31, 1c38 <fconf_populate_dtb_registry+0x104>
    1c6c:	910153e3 	add	x3, sp, #0x54
    1c70:	2a1303e1 	mov	w1, w19
    1c74:	aa1403e0 	mov	x0, x20
    1c78:	b0000022 	adrp	x2, 6000 <__TEXT_END__>
    1c7c:	91308042 	add	x2, x2, #0xc20
    1c80:	97fffa2e 	bl	538 <fdt_read_uint32>
    1c84:	2a0003f5 	mov	w21, w0
    1c88:	37fffd80 	tbnz	w0, #31, 1c38 <fconf_populate_dtb_registry+0x104>
    1c8c:	2a1303e1 	mov	w1, w19
    1c90:	910163e3 	add	x3, sp, #0x58
    1c94:	aa1403e0 	mov	x0, x20
    1c98:	b0000022 	adrp	x2, 6000 <__TEXT_END__>
    1c9c:	91308c42 	add	x2, x2, #0xc23
    1ca0:	97fffa29 	bl	544 <fdt_read_uint64>
    1ca4:	294a0fe2 	ldp	w2, w3, [sp, #80]
    1ca8:	7100001f 	cmp	w0, #0x0
    1cac:	f9402fe1 	ldr	x1, [sp, #88]
    1cb0:	aa1903e0 	mov	x0, x25
    1cb4:	da9f0021 	csinv	x1, x1, xzr, eq	// eq = none
    1cb8:	97ffff86 	bl	1ad0 <set_config_info>
    1cbc:	2a1303e1 	mov	w1, w19
    1cc0:	aa1403e0 	mov	x0, x20
    1cc4:	940008fd 	bl	40b8 <fdt_next_subnode>
    1cc8:	2a0003f3 	mov	w19, w0
    1ccc:	17ffffcb 	b	1bf8 <fconf_populate_dtb_registry+0xc4>
    1cd0:	52800013 	mov	w19, #0x0                   	// #0
    1cd4:	17ffffba 	b	1bbc <fconf_populate_dtb_registry+0x88>

0000000000001cd8 <dyn_cfg_dtb_info_get_index>:
    1cd8:	f0420181 	adrp	x1, 84034000 <ops>
    1cdc:	91048021 	add	x1, x1, #0x120
    1ce0:	2a0003e2 	mov	w2, w0
    1ce4:	52800000 	mov	w0, #0x0                   	// #0
    1ce8:	b9400c23 	ldr	w3, [x1, #12]
    1cec:	6b02007f 	cmp	w3, w2
    1cf0:	540000c0 	b.eq	1d08 <dyn_cfg_dtb_info_get_index+0x30>  // b.none
    1cf4:	11000400 	add	w0, w0, #0x1
    1cf8:	91006021 	add	x1, x1, #0x18
    1cfc:	7100181f 	cmp	w0, #0x6
    1d00:	54ffff41 	b.ne	1ce8 <dyn_cfg_dtb_info_get_index+0x10>  // b.any
    1d04:	12800000 	mov	w0, #0xffffffff            	// #-1
    1d08:	d65f03c0 	ret

0000000000001d0c <dyn_cfg_dtb_info_getter>:
    1d0c:	a9bf7bfd 	stp	x29, x30, [sp, #-16]!
    1d10:	910003fd 	mov	x29, sp
    1d14:	97fffff1 	bl	1cd8 <dyn_cfg_dtb_info_get_index>
    1d18:	7100181f 	cmp	w0, #0x6
    1d1c:	f0420182 	adrp	x2, 84034000 <ops>
    1d20:	91048042 	add	x2, x2, #0x120
    1d24:	52800301 	mov	w1, #0x18                  	// #24
    1d28:	a8c17bfd 	ldp	x29, x30, [sp], #16
    1d2c:	9ba10801 	umaddl	x1, w0, w1, x2
    1d30:	9a9f3020 	csel	x0, x1, xzr, cc	// cc = lo, ul, last
    1d34:	d65f03c0 	ret

0000000000001d38 <semihosting_file_open>:
    1d38:	a9bd7bfd 	stp	x29, x30, [sp, #-48]!
    1d3c:	910003fd 	mov	x29, sp
    1d40:	a90187e0 	stp	x0, x1, [sp, #24]
    1d44:	94000bf5 	bl	4d18 <strlen>
    1d48:	910063e1 	add	x1, sp, #0x18
    1d4c:	f90017e0 	str	x0, [sp, #40]
    1d50:	d2800020 	mov	x0, #0x1                   	// #1
    1d54:	940007a8 	bl	3bf4 <semihosting_call>
    1d58:	a8c37bfd 	ldp	x29, x30, [sp], #48
    1d5c:	d65f03c0 	ret

0000000000001d60 <semihosting_file_seek>:
    1d60:	a9be7bfd 	stp	x29, x30, [sp, #-32]!
    1d64:	910003fd 	mov	x29, sp
    1d68:	a90107e0 	stp	x0, x1, [sp, #16]
    1d6c:	910043e1 	add	x1, sp, #0x10
    1d70:	d2800140 	mov	x0, #0xa                   	// #10
    1d74:	940007a0 	bl	3bf4 <semihosting_call>
    1d78:	b6f800c0 	tbz	x0, #63, 1d90 <semihosting_file_seek+0x30>
    1d7c:	d2800001 	mov	x1, #0x0                   	// #0
    1d80:	d2800260 	mov	x0, #0x13                  	// #19
    1d84:	9400079c 	bl	3bf4 <semihosting_call>
    1d88:	a8c27bfd 	ldp	x29, x30, [sp], #32
    1d8c:	d65f03c0 	ret
    1d90:	d2800000 	mov	x0, #0x0                   	// #0
    1d94:	17fffffd 	b	1d88 <semihosting_file_seek+0x28>

0000000000001d98 <semihosting_file_read>:
    1d98:	f100003f 	cmp	x1, #0x0
    1d9c:	fa401844 	ccmp	x2, #0x0, #0x4, ne	// ne = any
    1da0:	540000e1 	b.ne	1dbc <semihosting_file_read+0x24>  // b.any
    1da4:	928002a0 	mov	x0, #0xffffffffffffffea    	// #-22
    1da8:	d65f03c0 	ret
    1dac:	928002a0 	mov	x0, #0xffffffffffffffea    	// #-22
    1db0:	f9400bf3 	ldr	x19, [sp, #16]
    1db4:	a8c47bfd 	ldp	x29, x30, [sp], #64
    1db8:	d65f03c0 	ret
    1dbc:	a9bc7bfd 	stp	x29, x30, [sp, #-64]!
    1dc0:	910003fd 	mov	x29, sp
    1dc4:	f9000bf3 	str	x19, [sp, #16]
    1dc8:	aa0103f3 	mov	x19, x1
    1dcc:	a9028be0 	stp	x0, x2, [sp, #40]
    1dd0:	9100a3e1 	add	x1, sp, #0x28
    1dd4:	f9400260 	ldr	x0, [x19]
    1dd8:	f9001fe0 	str	x0, [sp, #56]
    1ddc:	d28000c0 	mov	x0, #0x6                   	// #6
    1de0:	94000785 	bl	3bf4 <semihosting_call>
    1de4:	f9400261 	ldr	x1, [x19]
    1de8:	eb00003f 	cmp	x1, x0
    1dec:	54fffe00 	b.eq	1dac <semihosting_file_read+0x14>  // b.none
    1df0:	54fffe09 	b.ls	1db0 <semihosting_file_read+0x18>  // b.plast
    1df4:	cb000021 	sub	x1, x1, x0
    1df8:	d2800000 	mov	x0, #0x0                   	// #0
    1dfc:	f9000261 	str	x1, [x19]
    1e00:	17ffffec 	b	1db0 <semihosting_file_read+0x18>

0000000000001e04 <semihosting_file_write>:
    1e04:	f100003f 	cmp	x1, #0x0
    1e08:	fa401844 	ccmp	x2, #0x0, #0x4, ne	// ne = any
    1e0c:	54000061 	b.ne	1e18 <semihosting_file_write+0x14>  // b.any
    1e10:	928002a0 	mov	x0, #0xffffffffffffffea    	// #-22
    1e14:	d65f03c0 	ret
    1e18:	a9bc7bfd 	stp	x29, x30, [sp, #-64]!
    1e1c:	910003fd 	mov	x29, sp
    1e20:	f9000bf3 	str	x19, [sp, #16]
    1e24:	aa0103f3 	mov	x19, x1
    1e28:	a9028be0 	stp	x0, x2, [sp, #40]
    1e2c:	9100a3e1 	add	x1, sp, #0x28
    1e30:	f9400260 	ldr	x0, [x19]
    1e34:	f9001fe0 	str	x0, [sp, #56]
    1e38:	d28000a0 	mov	x0, #0x5                   	// #5
    1e3c:	9400076e 	bl	3bf4 <semihosting_call>
    1e40:	f9000260 	str	x0, [x19]
    1e44:	b4000040 	cbz	x0, 1e4c <semihosting_file_write+0x48>
    1e48:	928002a0 	mov	x0, #0xffffffffffffffea    	// #-22
    1e4c:	f9400bf3 	ldr	x19, [sp, #16]
    1e50:	a8c47bfd 	ldp	x29, x30, [sp], #64
    1e54:	d65f03c0 	ret

0000000000001e58 <semihosting_file_close>:
    1e58:	a9be7bfd 	stp	x29, x30, [sp, #-32]!
    1e5c:	910003fd 	mov	x29, sp
    1e60:	910063e1 	add	x1, sp, #0x18
    1e64:	f9000fe0 	str	x0, [sp, #24]
    1e68:	d2800040 	mov	x0, #0x2                   	// #2
    1e6c:	94000762 	bl	3bf4 <semihosting_call>
    1e70:	a8c27bfd 	ldp	x29, x30, [sp], #32
    1e74:	d65f03c0 	ret

0000000000001e78 <semihosting_file_length>:
    1e78:	a9be7bfd 	stp	x29, x30, [sp, #-32]!
    1e7c:	910003fd 	mov	x29, sp
    1e80:	910063e1 	add	x1, sp, #0x18
    1e84:	f9000fe0 	str	x0, [sp, #24]
    1e88:	d2800180 	mov	x0, #0xc                   	// #12
    1e8c:	9400075a 	bl	3bf4 <semihosting_call>
    1e90:	a8c27bfd 	ldp	x29, x30, [sp], #32
    1e94:	d65f03c0 	ret

0000000000001e98 <xlat_arch_get_pas>:
    1e98:	121c0400 	and	w0, w0, #0x30
    1e9c:	7100401f 	cmp	w0, #0x10
    1ea0:	1a9f17e0 	cset	w0, eq	// eq = none
    1ea4:	531b6800 	lsl	w0, w0, #5
    1ea8:	d65f03c0 	ret

0000000000001eac <tcr_physical_addr_size_bits>:
    1eac:	f2540c1f 	tst	x0, #0xf00000000000
    1eb0:	54000141 	b.ne	1ed8 <tcr_physical_addr_size_bits+0x2c>  // b.any
    1eb4:	f256041f 	tst	x0, #0xc0000000000
    1eb8:	54000141 	b.ne	1ee0 <tcr_physical_addr_size_bits+0x34>  // b.any
    1ebc:	f258041f 	tst	x0, #0x30000000000
    1ec0:	54000141 	b.ne	1ee8 <tcr_physical_addr_size_bits+0x3c>  // b.any
    1ec4:	f25c0c1f 	tst	x0, #0xf000000000
    1ec8:	54000141 	b.ne	1ef0 <tcr_physical_addr_size_bits+0x44>  // b.any
    1ecc:	f2600c1f 	tst	x0, #0xf00000000
    1ed0:	9a9f07e0 	cset	x0, ne	// ne = any
    1ed4:	d65f03c0 	ret
    1ed8:	d28000a0 	mov	x0, #0x5                   	// #5
    1edc:	17fffffe 	b	1ed4 <tcr_physical_addr_size_bits+0x28>
    1ee0:	d2800080 	mov	x0, #0x4                   	// #4
    1ee4:	17fffffc 	b	1ed4 <tcr_physical_addr_size_bits+0x28>
    1ee8:	d2800060 	mov	x0, #0x3                   	// #3
    1eec:	17fffffa 	b	1ed4 <tcr_physical_addr_size_bits+0x28>
    1ef0:	d2800040 	mov	x0, #0x2                   	// #2
    1ef4:	17fffff8 	b	1ed4 <tcr_physical_addr_size_bits+0x28>

0000000000001ef8 <xlat_arch_regime_get_xn_desc>:
    1ef8:	7100041f 	cmp	w0, #0x1
    1efc:	d2e00801 	mov	x1, #0x40000000000000      	// #18014398509481984
    1f00:	d2e00c00 	mov	x0, #0x60000000000000      	// #27021597764222976
    1f04:	9a801020 	csel	x0, x1, x0, ne	// ne = any
    1f08:	d65f03c0 	ret

0000000000001f0c <xlat_arch_current_el>:
    1f0c:	d5384240 	mrs	x0, currentel
    1f10:	53020c00 	ubfx	w0, w0, #2, #2
    1f14:	d65f03c0 	ret

0000000000001f18 <setup_mmu_cfg>:
    1f18:	91000484 	add	x4, x4, #0x1
    1f1c:	a9bf7bfd 	stp	x29, x30, [sp, #-16]!
    1f20:	dac00087 	rbit	x7, x4
    1f24:	910003fd 	mov	x29, sp
    1f28:	dac010e7 	clz	x7, x7
    1f2c:	aa0003e6 	mov	x6, x0
    1f30:	52800804 	mov	w4, #0x40                  	// #64
    1f34:	aa0303e0 	mov	x0, x3
    1f38:	4b070084 	sub	w4, w4, w7
    1f3c:	37080061 	tbnz	w1, #1, 1f48 <setup_mmu_cfg+0x30>
    1f40:	5286a001 	mov	w1, #0x3500                	// #13568
    1f44:	2a010084 	orr	w4, w4, w1
    1f48:	97ffffd9 	bl	1eac <tcr_physical_addr_size_bits>
    1f4c:	93407c84 	sxtw	x4, w4
    1f50:	aa008083 	orr	x3, x4, x0, lsl #32
    1f54:	aa004081 	orr	x1, x4, x0, lsl #16
    1f58:	d2b01000 	mov	x0, #0x80800000            	// #2155872256
    1f5c:	b2690063 	orr	x3, x3, #0x800000
    1f60:	aa000021 	orr	x1, x1, x0
    1f64:	710004bf 	cmp	w5, #0x1
    1f68:	d2801fe0 	mov	x0, #0xff                  	// #255
    1f6c:	9a831021 	csel	x1, x1, x3, ne	// ne = any
    1f70:	a8c17bfd 	ldp	x29, x30, [sp], #16
    1f74:	f2a00880 	movk	x0, #0x44, lsl #16
    1f78:	a90004c0 	stp	x0, x1, [x6]
    1f7c:	f90008c2 	str	x2, [x6, #16]
    1f80:	d65f03c0 	ret

0000000000001f84 <mmap_add>:
    1f84:	aa0003e1 	mov	x1, x0
    1f88:	d0420180 	adrp	x0, 84033000 <RAM_REGION_START>
    1f8c:	91010000 	add	x0, x0, #0x40
    1f90:	14000165 	b	2524 <mmap_add_ctx>

0000000000001f94 <init_xlat_tables>:
    1f94:	a9bf7bfd 	stp	x29, x30, [sp, #-16]!
    1f98:	910003fd 	mov	x29, sp
    1f9c:	97ffffdc 	bl	1f0c <xlat_arch_current_el>
    1fa0:	7100041f 	cmp	w0, #0x1
    1fa4:	54000120 	b.eq	1fc8 <init_xlat_tables+0x34>  // b.none
    1fa8:	7100081f 	cmp	w0, #0x2
    1fac:	1a9f07e0 	cset	w0, ne	// ne = any
    1fb0:	11000801 	add	w1, w0, #0x2
    1fb4:	d0420180 	adrp	x0, 84033000 <RAM_REGION_START>
    1fb8:	91010000 	add	x0, x0, #0x40
    1fbc:	b9005801 	str	w1, [x0, #88]
    1fc0:	a8c17bfd 	ldp	x29, x30, [sp], #16
    1fc4:	14000167 	b	2560 <init_xlat_tables_ctx>
    1fc8:	2a0003e1 	mov	w1, w0
    1fcc:	17fffffa 	b	1fb4 <init_xlat_tables+0x20>

0000000000001fd0 <enable_mmu_el3>:
    1fd0:	d0420182 	adrp	x2, 84033000 <RAM_REGION_START>
    1fd4:	91010042 	add	x2, x2, #0x40
    1fd8:	a9be7bfd 	stp	x29, x30, [sp, #-32]!
    1fdc:	2a0003e1 	mov	w1, w0
    1fe0:	52800065 	mov	w5, #0x3                   	// #3
    1fe4:	910003fd 	mov	x29, sp
    1fe8:	f9400444 	ldr	x4, [x2, #8]
    1fec:	f9402043 	ldr	x3, [x2, #64]
    1ff0:	f9401842 	ldr	x2, [x2, #48]
    1ff4:	f9000bf3 	str	x19, [sp, #16]
    1ff8:	2a0003f3 	mov	w19, w0
    1ffc:	f0420180 	adrp	x0, 84034000 <ops>
    2000:	91134000 	add	x0, x0, #0x4d0
    2004:	97ffffc5 	bl	1f18 <setup_mmu_cfg>
    2008:	2a1303e0 	mov	w0, w19
    200c:	f9400bf3 	ldr	x19, [sp, #16]
    2010:	a8c27bfd 	ldp	x29, x30, [sp], #32
    2014:	140006fa 	b	3bfc <enable_mmu_direct_el3>

0000000000002018 <xlat_desc>:
    2018:	a9bc7bfd 	stp	x29, x30, [sp, #-64]!
    201c:	71000c7f 	cmp	w3, #0x3
    2020:	910003fd 	mov	x29, sp
    2024:	a90153f3 	stp	x19, x20, [sp, #16]
    2028:	2a0103f4 	mov	w20, w1
    202c:	d27d0293 	eor	x19, x20, #0x8
    2030:	a9025bf5 	stp	x21, x22, [sp, #32]
    2034:	aa0003f5 	mov	x21, x0
    2038:	d3430e73 	ubfx	x19, x19, #3, #1
    203c:	2a0103e0 	mov	w0, w1
    2040:	d2800076 	mov	x22, #0x3                   	// #3
    2044:	9a9f06d6 	csinc	x22, x22, xzr, eq	// eq = none
    2048:	f9001bf7 	str	x23, [sp, #48]
    204c:	aa0203f7 	mov	x23, x2
    2050:	97ffff92 	bl	1e98 <xlat_arch_get_pas>
    2054:	2a0003e1 	mov	w1, w0
    2058:	b9405aa0 	ldr	w0, [x21, #88]
    205c:	aa131ef3 	orr	x19, x23, x19, lsl #7
    2060:	aa160021 	orr	x1, x1, x22
    2064:	aa010273 	orr	x19, x19, x1
    2068:	7100041f 	cmp	w0, #0x1
    206c:	540001a1 	b.ne	20a0 <xlat_desc+0x88>  // b.any
    2070:	b2760261 	orr	x1, x19, #0x400
    2074:	f279029f 	tst	x20, #0x80
    2078:	d2808802 	mov	x2, #0x440                 	// #1088
    207c:	aa020273 	orr	x19, x19, x2
    2080:	9a811273 	csel	x19, x19, x1, ne	// ne = any
    2084:	72000a95 	ands	w21, w20, #0x7
    2088:	54000121 	b.ne	20ac <xlat_desc+0x94>  // b.any
    208c:	97ffff9b 	bl	1ef8 <xlat_arch_regime_get_xn_desc>
    2090:	aa000273 	orr	x19, x19, x0
    2094:	d2804080 	mov	x0, #0x204                 	// #516
    2098:	aa000273 	orr	x19, x19, x0
    209c:	14000012 	b	20e4 <xlat_desc+0xcc>
    20a0:	d2808801 	mov	x1, #0x440                 	// #1088
    20a4:	aa010273 	orr	x19, x19, x1
    20a8:	17fffff7 	b	2084 <xlat_desc+0x6c>
    20ac:	52800901 	mov	w1, #0x48                  	// #72
    20b0:	6a01029f 	tst	w20, w1
    20b4:	54000060 	b.eq	20c0 <xlat_desc+0xa8>  // b.none
    20b8:	97ffff90 	bl	1ef8 <xlat_arch_regime_get_xn_desc>
    20bc:	aa000273 	orr	x19, x19, x0
    20c0:	71000abf 	cmp	w21, #0x2
    20c4:	540001c1 	b.ne	20fc <xlat_desc+0xe4>  // b.any
    20c8:	12180694 	and	w20, w20, #0x300
    20cc:	710c029f 	cmp	w20, #0x300
    20d0:	540000a0 	b.eq	20e4 <xlat_desc+0xcc>  // b.none
    20d4:	b2770260 	orr	x0, x19, #0x200
    20d8:	7108029f 	cmp	w20, #0x200
    20dc:	b2780673 	orr	x19, x19, #0x300
    20e0:	9a801273 	csel	x19, x19, x0, ne	// ne = any
    20e4:	a9425bf5 	ldp	x21, x22, [sp, #32]
    20e8:	aa1303e0 	mov	x0, x19
    20ec:	a94153f3 	ldp	x19, x20, [sp, #16]
    20f0:	f9401bf7 	ldr	x23, [sp, #48]
    20f4:	a8c47bfd 	ldp	x29, x30, [sp], #64
    20f8:	d65f03c0 	ret
    20fc:	d2804100 	mov	x0, #0x208                 	// #520
    2100:	17ffffe6 	b	2098 <xlat_desc+0x80>

0000000000002104 <xlat_tables_map_region>:
    2104:	a9b97bfd 	stp	x29, x30, [sp, #-112]!
    2108:	910003fd 	mov	x29, sp
    210c:	a90153f3 	stp	x19, x20, [sp, #16]
    2110:	12800114 	mov	w20, #0xfffffff7            	// #-9
    2114:	1b147cb4 	mul	w20, w5, w20
    2118:	a90573fb 	stp	x27, x28, [sp, #80]
    211c:	aa0103fc 	mov	x28, x1
    2120:	f9400421 	ldr	x1, [x1, #8]
    2124:	11009e94 	add	w20, w20, #0x27
    2128:	a9025bf5 	stp	x21, x22, [sp, #32]
    212c:	d2800035 	mov	x21, #0x1                   	// #1
    2130:	9ad422b5 	lsl	x21, x21, x20
    2134:	a90363f7 	stp	x23, x24, [sp, #48]
    2138:	aa0003f8 	mov	x24, x0
    213c:	cb1503e0 	neg	x0, x21
    2140:	8a010000 	and	x0, x0, x1
    2144:	eb02003f 	cmp	x1, x2
    2148:	f9400b96 	ldr	x22, [x28, #16]
    214c:	9a828000 	csel	x0, x0, x2, hi	// hi = pmore
    2150:	cb020013 	sub	x19, x0, x2
    2154:	aa0003f7 	mov	x23, x0
    2158:	8b160036 	add	x22, x1, x22
    215c:	a9046bf9 	stp	x25, x26, [sp, #64]
    2160:	9ad42673 	lsr	x19, x19, x20
    2164:	2a0503fa 	mov	w26, w5
    2168:	d10006d6 	sub	x22, x22, #0x1
    216c:	290c93f3 	stp	w19, w4, [sp, #100]
    2170:	8b334c73 	add	x19, x3, w19, uxtw #3
    2174:	110004a1 	add	w1, w5, #0x1
    2178:	b9006fe1 	str	w1, [sp, #108]
    217c:	294c8be1 	ldp	w1, w2, [sp, #100]
    2180:	6b02003f 	cmp	w1, w2
    2184:	54000362 	b.cs	21f0 <xlat_tables_map_region+0xec>  // b.hs, b.nlast
    2188:	a9401782 	ldp	x2, x5, [x28]
    218c:	8b0002b9 	add	x25, x21, x0
    2190:	f9400b81 	ldr	x1, [x28, #16]
    2194:	d100073b 	sub	x27, x25, #0x1
    2198:	f9400263 	ldr	x3, [x19]
    219c:	8b0100a1 	add	x1, x5, x1
    21a0:	12000464 	and	w4, w3, #0x3
    21a4:	d1000421 	sub	x1, x1, #0x1
    21a8:	eb1700bf 	cmp	x5, x23
    21ac:	540006c8 	b.hi	2284 <xlat_tables_map_region+0x180>  // b.pmore
    21b0:	eb01037f 	cmp	x27, x1
    21b4:	54000688 	b.hi	2284 <xlat_tables_map_region+0x180>  // b.pmore
    21b8:	cb050042 	sub	x2, x2, x5
    21bc:	8b000042 	add	x2, x2, x0
    21c0:	71000f5f 	cmp	w26, #0x3
    21c4:	540001a1 	b.ne	21f8 <xlat_tables_map_region+0xf4>  // b.any
    21c8:	71000c9f 	cmp	w4, #0x3
    21cc:	54000781 	b.ne	22bc <xlat_tables_map_region+0x1b8>  // b.any
    21d0:	b94067e0 	ldr	w0, [sp, #100]
    21d4:	8b1502f7 	add	x23, x23, x21
    21d8:	91002273 	add	x19, x19, #0x8
    21dc:	11000400 	add	w0, w0, #0x1
    21e0:	b90067e0 	str	w0, [sp, #100]
    21e4:	aa1903e0 	mov	x0, x25
    21e8:	eb1902df 	cmp	x22, x25
    21ec:	54fffc88 	b.hi	217c <xlat_tables_map_region+0x78>  // b.pmore
    21f0:	d1000400 	sub	x0, x0, #0x1
    21f4:	1400001d 	b	2268 <xlat_tables_map_region+0x164>
    21f8:	71000c9f 	cmp	w4, #0x3
    21fc:	540004e0 	b.eq	2298 <xlat_tables_map_region+0x194>  // b.none
    2200:	35fffe84 	cbnz	w4, 21d0 <xlat_tables_map_region+0xcc>
    2204:	92800001 	mov	x1, #0xffffffffffffffff    	// #-1
    2208:	9ad42021 	lsl	x1, x1, x20
    220c:	ea21005f 	bics	xzr, x2, x1
    2210:	540000a1 	b.ne	2224 <xlat_tables_map_region+0x120>  // b.any
    2214:	3400009a 	cbz	w26, 2224 <xlat_tables_map_region+0x120>
    2218:	f9401381 	ldr	x1, [x28, #32]
    221c:	9ad42421 	lsr	x1, x1, x20
    2220:	b50004e1 	cbnz	x1, 22bc <xlat_tables_map_region+0x1b8>
    2224:	b9402f01 	ldr	w1, [x24, #44]
    2228:	f9401303 	ldr	x3, [x24, #32]
    222c:	11000422 	add	w2, w1, #0x1
    2230:	b9002f02 	str	w2, [x24, #44]
    2234:	93747c21 	sbfiz	x1, x1, #12, #32
    2238:	ab010063 	adds	x3, x3, x1
    223c:	54000160 	b.eq	2268 <xlat_tables_map_region+0x164>  // b.none
    2240:	b2400461 	orr	x1, x3, #0x3
    2244:	f9000261 	str	x1, [x19]
    2248:	aa0003e2 	mov	x2, x0
    224c:	11000745 	add	w5, w26, #0x1
    2250:	aa1803e0 	mov	x0, x24
    2254:	aa1c03e1 	mov	x1, x28
    2258:	52804004 	mov	w4, #0x200                 	// #512
    225c:	97ffffaa 	bl	2104 <xlat_tables_map_region>
    2260:	eb00037f 	cmp	x27, x0
    2264:	54fffb60 	b.eq	21d0 <xlat_tables_map_region+0xcc>  // b.none
    2268:	a94153f3 	ldp	x19, x20, [sp, #16]
    226c:	a9425bf5 	ldp	x21, x22, [sp, #32]
    2270:	a94363f7 	ldp	x23, x24, [sp, #48]
    2274:	a9446bf9 	ldp	x25, x26, [sp, #64]
    2278:	a94573fb 	ldp	x27, x28, [sp, #80]
    227c:	a8c77bfd 	ldp	x29, x30, [sp], #112
    2280:	d65f03c0 	ret
    2284:	eb1b00bf 	cmp	x5, x27
    2288:	54000069 	b.ls	2294 <xlat_tables_map_region+0x190>  // b.plast
    228c:	eb0102ff 	cmp	x23, x1
    2290:	54fffa08 	b.hi	21d0 <xlat_tables_map_region+0xcc>  // b.pmore
    2294:	34fffc84 	cbz	w4, 2224 <xlat_tables_map_region+0x120>
    2298:	b9406fe5 	ldr	w5, [sp, #108]
    229c:	aa0003e2 	mov	x2, x0
    22a0:	92748c63 	and	x3, x3, #0xfffffffff000
    22a4:	aa1c03e1 	mov	x1, x28
    22a8:	aa1803e0 	mov	x0, x24
    22ac:	52804004 	mov	w4, #0x200                 	// #512
    22b0:	97ffff95 	bl	2104 <xlat_tables_map_region>
    22b4:	eb1b001f 	cmp	x0, x27
    22b8:	17ffffeb 	b	2264 <xlat_tables_map_region+0x160>
    22bc:	b9401b81 	ldr	w1, [x28, #24]
    22c0:	2a1a03e3 	mov	w3, w26
    22c4:	aa1803e0 	mov	x0, x24
    22c8:	97ffff54 	bl	2018 <xlat_desc>
    22cc:	f9000260 	str	x0, [x19]
    22d0:	17ffffc0 	b	21d0 <xlat_tables_map_region+0xcc>

00000000000022d4 <mmap_add_region_ctx>:
    22d4:	a9bc7bfd 	stp	x29, x30, [sp, #-64]!
    22d8:	910003fd 	mov	x29, sp
    22dc:	f9400824 	ldr	x4, [x1, #16]
    22e0:	a90153f3 	stp	x19, x20, [sp, #16]
    22e4:	b9401809 	ldr	w9, [x0, #24]
    22e8:	f9400802 	ldr	x2, [x0, #16]
    22ec:	aa0003f3 	mov	x19, x0
    22f0:	a9400025 	ldp	x5, x0, [x1]
    22f4:	a9025bf5 	stp	x21, x22, [sp, #32]
    22f8:	f9001bf7 	str	x23, [sp, #48]
    22fc:	b4000924 	cbz	x4, 2420 <mmap_add_region_ctx+0x14c>
    2300:	aa0103f6 	mov	x22, x1
    2304:	f9401021 	ldr	x1, [x1, #32]
    2308:	f2402cbf 	tst	x5, #0xfff
    230c:	54000dc1 	b.ne	24c4 <mmap_add_region_ctx+0x1f0>  // b.any
    2310:	f2402c1f 	tst	x0, #0xfff
    2314:	54000e81 	b.ne	24e4 <mmap_add_region_ctx+0x210>  // b.any
    2318:	f2402c9f 	tst	x4, #0xfff
    231c:	54000e81 	b.ne	24ec <mmap_add_region_ctx+0x218>  // b.any
    2320:	f148003f 	cmp	x1, #0x200, lsl #12
    2324:	d2a80003 	mov	x3, #0x40000000            	// #1073741824
    2328:	fa431024 	ccmp	x1, x3, #0x4, ne	// ne = any
    232c:	54000060 	b.eq	2338 <mmap_add_region_ctx+0x64>  // b.none
    2330:	f140043f 	cmp	x1, #0x1, lsl #12
    2334:	54000e01 	b.ne	24f4 <mmap_add_region_ctx+0x220>  // b.any
    2338:	8b0400b5 	add	x21, x5, x4
    233c:	8b00008a 	add	x10, x4, x0
    2340:	d10006b5 	sub	x21, x21, #0x1
    2344:	d1000554 	sub	x20, x10, #0x1
    2348:	eb1500bf 	cmp	x5, x21
    234c:	fa549002 	ccmp	x0, x20, #0x2, ls	// ls = plast
    2350:	54000d68 	b.hi	24fc <mmap_add_region_ctx+0x228>  // b.pmore
    2354:	f9400661 	ldr	x1, [x19, #8]
    2358:	eb01029f 	cmp	x20, x1
    235c:	54000d08 	b.hi	24fc <mmap_add_region_ctx+0x228>  // b.pmore
    2360:	f9400261 	ldr	x1, [x19]
    2364:	eb0102bf 	cmp	x21, x1
    2368:	54000ca8 	b.hi	24fc <mmap_add_region_ctx+0x228>  // b.pmore
    236c:	52800501 	mov	w1, #0x28                  	// #40
    2370:	9b210929 	smaddl	x9, w9, w1, x2
    2374:	f85e8121 	ldur	x1, [x9, #-24]
    2378:	b5000c61 	cbnz	x1, 2504 <mmap_add_region_ctx+0x230>
    237c:	aa0203e6 	mov	x6, x2
    2380:	cb05000b 	sub	x11, x0, x5
    2384:	f94008c3 	ldr	x3, [x6, #16]
    2388:	b5000563 	cbnz	x3, 2434 <mmap_add_region_ctx+0x160>
    238c:	aa0203e1 	mov	x1, x2
    2390:	a9409423 	ldp	x3, x5, [x1, #8]
    2394:	aa0103e0 	mov	x0, x1
    2398:	9100a021 	add	x1, x1, #0x28
    239c:	8b0300a3 	add	x3, x5, x3
    23a0:	d1000463 	sub	x3, x3, #0x1
    23a4:	eb14007f 	cmp	x3, x20
    23a8:	54000042 	b.cs	23b0 <mmap_add_region_ctx+0xdc>  // b.hs, b.nlast
    23ac:	b5ffff25 	cbnz	x5, 2390 <mmap_add_region_ctx+0xbc>
    23b0:	a9408403 	ldp	x3, x1, [x0, #8]
    23b4:	aa0003f7 	mov	x23, x0
    23b8:	9100a000 	add	x0, x0, #0x28
    23bc:	8b030023 	add	x3, x1, x3
    23c0:	eb03015f 	cmp	x10, x3
    23c4:	54000081 	b.ne	23d4 <mmap_add_region_ctx+0x100>  // b.any
    23c8:	b4000061 	cbz	x1, 23d4 <mmap_add_region_ctx+0x100>
    23cc:	eb01009f 	cmp	x4, x1
    23d0:	54ffff08 	b.hi	23b0 <mmap_add_region_ctx+0xdc>  // b.pmore
    23d4:	f9400841 	ldr	x1, [x2, #16]
    23d8:	b4000061 	cbz	x1, 23e4 <mmap_add_region_ctx+0x110>
    23dc:	eb09005f 	cmp	x2, x9
    23e0:	54000963 	b.cc	250c <mmap_add_region_ctx+0x238>  // b.lo, b.ul, b.last
    23e4:	cb170042 	sub	x2, x2, x23
    23e8:	aa1703e1 	mov	x1, x23
    23ec:	940008c4 	bl	46fc <memmove>
    23f0:	aa1603e1 	mov	x1, x22
    23f4:	aa1703e0 	mov	x0, x23
    23f8:	d2800502 	mov	x2, #0x28                  	// #40
    23fc:	940008b8 	bl	46dc <memcpy>
    2400:	f9402260 	ldr	x0, [x19, #64]
    2404:	eb15001f 	cmp	x0, x21
    2408:	54000042 	b.cs	2410 <mmap_add_region_ctx+0x13c>  // b.hs, b.nlast
    240c:	f9002275 	str	x21, [x19, #64]
    2410:	f9402660 	ldr	x0, [x19, #72]
    2414:	eb14001f 	cmp	x0, x20
    2418:	54000042 	b.cs	2420 <mmap_add_region_ctx+0x14c>  // b.hs, b.nlast
    241c:	f9002674 	str	x20, [x19, #72]
    2420:	a94153f3 	ldp	x19, x20, [sp, #16]
    2424:	a9425bf5 	ldp	x21, x22, [sp, #32]
    2428:	f9401bf7 	ldr	x23, [sp, #48]
    242c:	a8c47bfd 	ldp	x29, x30, [sp], #64
    2430:	d65f03c0 	ret
    2434:	a94004c8 	ldp	x8, x1, [x6]
    2438:	8b030027 	add	x7, x1, x3
    243c:	d10004e7 	sub	x7, x7, #0x1
    2440:	eb01001f 	cmp	x0, x1
    2444:	540001c3 	b.cc	247c <mmap_add_region_ctx+0x1a8>  // b.lo, b.ul, b.last
    2448:	eb07029f 	cmp	x20, x7
    244c:	54000069 	b.ls	2458 <mmap_add_region_ctx+0x184>  // b.plast
    2450:	eb01001f 	cmp	x0, x1
    2454:	54000181 	b.ne	2484 <mmap_add_region_ctx+0x1b0>  // b.any
    2458:	cb080028 	sub	x8, x1, x8
    245c:	eb0b011f 	cmp	x8, x11
    2460:	540000a1 	b.ne	2474 <mmap_add_region_ctx+0x1a0>  // b.any
    2464:	eb01001f 	cmp	x0, x1
    2468:	54000261 	b.ne	24b4 <mmap_add_region_ctx+0x1e0>  // b.any
    246c:	eb03009f 	cmp	x4, x3
    2470:	54000221 	b.ne	24b4 <mmap_add_region_ctx+0x1e0>  // b.any
    2474:	12800001 	mov	w1, #0xffffffff            	// #-1
    2478:	14000014 	b	24c8 <mmap_add_region_ctx+0x1f4>
    247c:	eb07029f 	cmp	x20, x7
    2480:	54fffec2 	b.cs	2458 <mmap_add_region_ctx+0x184>  // b.hs, b.nlast
    2484:	eb0802bf 	cmp	x21, x8
    2488:	54000463 	b.cc	2514 <mmap_add_region_ctx+0x240>  // b.lo, b.ul, b.last
    248c:	8b080063 	add	x3, x3, x8
    2490:	d1000463 	sub	x3, x3, #0x1
    2494:	eb0300bf 	cmp	x5, x3
    2498:	1a9f97e3 	cset	w3, hi	// hi = pmore
    249c:	eb01029f 	cmp	x20, x1
    24a0:	540000e3 	b.cc	24bc <mmap_add_region_ctx+0x1e8>  // b.lo, b.ul, b.last
    24a4:	eb07001f 	cmp	x0, x7
    24a8:	1a9f97e1 	cset	w1, hi	// hi = pmore
    24ac:	6a01007f 	tst	w3, w1
    24b0:	54fffe20 	b.eq	2474 <mmap_add_region_ctx+0x1a0>  // b.none
    24b4:	9100a0c6 	add	x6, x6, #0x28
    24b8:	17ffffb3 	b	2384 <mmap_add_region_ctx+0xb0>
    24bc:	52800021 	mov	w1, #0x1                   	// #1
    24c0:	17fffffb 	b	24ac <mmap_add_region_ctx+0x1d8>
    24c4:	128002c1 	mov	w1, #0xffffffe9            	// #-23
    24c8:	a94153f3 	ldp	x19, x20, [sp, #16]
    24cc:	90000020 	adrp	x0, 6000 <__TEXT_END__>
    24d0:	a9425bf5 	ldp	x21, x22, [sp, #32]
    24d4:	9131b400 	add	x0, x0, #0xc6d
    24d8:	f9401bf7 	ldr	x23, [sp, #48]
    24dc:	a8c47bfd 	ldp	x29, x30, [sp], #64
    24e0:	17fff829 	b	584 <tf_log>
    24e4:	128002e1 	mov	w1, #0xffffffe8            	// #-24
    24e8:	17fffff8 	b	24c8 <mmap_add_region_ctx+0x1f4>
    24ec:	12800301 	mov	w1, #0xffffffe7            	// #-25
    24f0:	17fffff6 	b	24c8 <mmap_add_region_ctx+0x1f4>
    24f4:	128002a1 	mov	w1, #0xffffffea            	// #-22
    24f8:	17fffff4 	b	24c8 <mmap_add_region_ctx+0x1f4>
    24fc:	12800421 	mov	w1, #0xffffffde            	// #-34
    2500:	17fffff2 	b	24c8 <mmap_add_region_ctx+0x1f4>
    2504:	12800161 	mov	w1, #0xfffffff4            	// #-12
    2508:	17fffff0 	b	24c8 <mmap_add_region_ctx+0x1f4>
    250c:	9100a042 	add	x2, x2, #0x28
    2510:	17ffffb1 	b	23d4 <mmap_add_region_ctx+0x100>
    2514:	eb01029f 	cmp	x20, x1
    2518:	54fffce3 	b.cc	24b4 <mmap_add_region_ctx+0x1e0>  // b.lo, b.ul, b.last
    251c:	52800023 	mov	w3, #0x1                   	// #1
    2520:	17ffffe1 	b	24a4 <mmap_add_region_ctx+0x1d0>

0000000000002524 <mmap_add_ctx>:
    2524:	a9be7bfd 	stp	x29, x30, [sp, #-32]!
    2528:	910003fd 	mov	x29, sp
    252c:	a90153f3 	stp	x19, x20, [sp, #16]
    2530:	aa0003f4 	mov	x20, x0
    2534:	aa0103f3 	mov	x19, x1
    2538:	f9401260 	ldr	x0, [x19, #32]
    253c:	b5000080 	cbnz	x0, 254c <mmap_add_ctx+0x28>
    2540:	a94153f3 	ldp	x19, x20, [sp, #16]
    2544:	a8c27bfd 	ldp	x29, x30, [sp], #32
    2548:	d65f03c0 	ret
    254c:	aa1303e1 	mov	x1, x19
    2550:	aa1403e0 	mov	x0, x20
    2554:	9100a273 	add	x19, x19, #0x28
    2558:	97ffff5f 	bl	22d4 <mmap_add_region_ctx>
    255c:	17fffff7 	b	2538 <mmap_add_ctx+0x14>

0000000000002560 <init_xlat_tables_ctx>:
    2560:	a9bd7bfd 	stp	x29, x30, [sp, #-48]!
    2564:	910003fd 	mov	x29, sp
    2568:	a90153f3 	stp	x19, x20, [sp, #16]
    256c:	aa0003f3 	mov	x19, x0
    2570:	f9400814 	ldr	x20, [x0, #16]
    2574:	f90013f5 	str	x21, [sp, #32]
    2578:	d2800015 	mov	x21, #0x0                   	// #0
    257c:	aa1403e0 	mov	x0, x20
    2580:	9400002c 	bl	2630 <xlat_mmap_print>
    2584:	f9401a60 	ldr	x0, [x19, #48]
    2588:	b9403a61 	ldr	w1, [x19, #56]
    258c:	d37df021 	lsl	x1, x1, #3
    2590:	940002b8 	bl	3070 <zeromem>
    2594:	b9402a60 	ldr	w0, [x19, #40]
    2598:	6b15001f 	cmp	w0, w21
    259c:	5400014c 	b.gt	25c4 <init_xlat_tables_ctx+0x64>
    25a0:	f9400a80 	ldr	x0, [x20, #16]
    25a4:	b50001c0 	cbnz	x0, 25dc <init_xlat_tables_ctx+0x7c>
    25a8:	52800020 	mov	w0, #0x1                   	// #1
    25ac:	39015260 	strb	w0, [x19, #84]
    25b0:	f94013f5 	ldr	x21, [sp, #32]
    25b4:	aa1303e0 	mov	x0, x19
    25b8:	a94153f3 	ldp	x19, x20, [sp, #16]
    25bc:	a8c37bfd 	ldp	x29, x30, [sp], #48
    25c0:	1400001d 	b	2634 <xlat_tables_print>
    25c4:	f9401260 	ldr	x0, [x19, #32]
    25c8:	d2820001 	mov	x1, #0x1000                	// #4096
    25cc:	8b153000 	add	x0, x0, x21, lsl #12
    25d0:	910006b5 	add	x21, x21, #0x1
    25d4:	940002a7 	bl	3070 <zeromem>
    25d8:	17ffffef 	b	2594 <init_xlat_tables_ctx+0x34>
    25dc:	f9401a63 	ldr	x3, [x19, #48]
    25e0:	aa1403e1 	mov	x1, x20
    25e4:	b9403a64 	ldr	w4, [x19, #56]
    25e8:	d2800002 	mov	x2, #0x0                   	// #0
    25ec:	b9405265 	ldr	w5, [x19, #80]
    25f0:	aa1303e0 	mov	x0, x19
    25f4:	97fffec4 	bl	2104 <xlat_tables_map_region>
    25f8:	a9408e81 	ldp	x1, x3, [x20, #8]
    25fc:	8b030022 	add	x2, x1, x3
    2600:	d1000442 	sub	x2, x2, #0x1
    2604:	eb00005f 	cmp	x2, x0
    2608:	54000100 	b.eq	2628 <init_xlat_tables_ctx+0xc8>  // b.none
    260c:	f9400282 	ldr	x2, [x20]
    2610:	90000020 	adrp	x0, 6000 <__TEXT_END__>
    2614:	b9401a84 	ldr	w4, [x20, #24]
    2618:	91326000 	add	x0, x0, #0xc98
    261c:	97fff7da 	bl	584 <tf_log>
    2620:	97fff8cd 	bl	954 <console_flush>
    2624:	94000256 	bl	2f7c <el3_panic>
    2628:	9100a294 	add	x20, x20, #0x28
    262c:	17ffffdd 	b	25a0 <init_xlat_tables_ctx+0x40>

0000000000002630 <xlat_mmap_print>:
    2630:	d65f03c0 	ret

0000000000002634 <xlat_tables_print>:
    2634:	d65f03c0 	ret

0000000000002638 <bl1_early_platform_setup>:
    2638:	a9bf7bfd 	stp	x29, x30, [sp, #-16]!
    263c:	910003fd 	mov	x29, sp
    2640:	94000066 	bl	27d8 <arm_bl1_early_platform_setup>
    2644:	a8c17bfd 	ldp	x29, x30, [sp], #16
    2648:	14000018 	b	26a8 <fvp_config_setup>

000000000000264c <plat_arm_secure_wdt_start>:
    264c:	529c2001 	mov	w1, #0xe100                	// #57600
    2650:	d2940000 	mov	x0, #0xa000                	// #40960
    2654:	52800202 	mov	w2, #0x10                  	// #16
    2658:	72a0bea1 	movk	w1, #0x5f5, lsl #16
    265c:	f2a18000 	movk	x0, #0xc00, lsl #16
    2660:	17fff80b 	b	68c <cx_wdt_start>

0000000000002664 <plat_arm_secure_wdt_stop>:
    2664:	d2940000 	mov	x0, #0xa000                	// #40960
    2668:	f2a18000 	movk	x0, #0xc00, lsl #16
    266c:	17fff813 	b	6b8 <cx_wdt_stop>

0000000000002670 <bl1_platform_setup>:
    2670:	a9bf7bfd 	stp	x29, x30, [sp, #-16]!
    2674:	910003fd 	mov	x29, sp
    2678:	940000f0 	bl	2a38 <arm_bl1_platform_setup>
    267c:	94000013 	bl	26c8 <fvp_timer_init>
    2680:	d0420180 	adrp	x0, 84034000 <ops>
    2684:	f9427400 	ldr	x0, [x0, #1256]
    2688:	36200080 	tbz	w0, #4, 2698 <bl1_platform_setup+0x28>
    268c:	a8c17bfd 	ldp	x29, x30, [sp], #16
    2690:	d2a1a000 	mov	x0, #0xd000000             	// #218103808
    2694:	17fff835 	b	768 <smmuv3_security_init>
    2698:	a8c17bfd 	ldp	x29, x30, [sp], #16
    269c:	d65f03c0 	ret

00000000000026a0 <plat_arm_bl1_fwu_needed>:
    26a0:	52800000 	mov	w0, #0x0                   	// #0
    26a4:	d65f03c0 	ret

00000000000026a8 <fvp_config_setup>:
    26a8:	d53800a0 	mrs	x0, mpidr_el1
    26ac:	d2800341 	mov	x1, #0x1a                  	// #26
    26b0:	f268001f 	tst	x0, #0x1000000
    26b4:	d2800240 	mov	x0, #0x12                  	// #18
    26b8:	9a810000 	csel	x0, x0, x1, eq	// eq = none
    26bc:	d0420181 	adrp	x1, 84034000 <ops>
    26c0:	f9027420 	str	x0, [x1, #1256]
    26c4:	d65f03c0 	ret

00000000000026c8 <fvp_timer_init>:
    26c8:	17fff8e3 	b	a54 <generic_delay_timer_init>

00000000000026cc <plat_arm_error_handler>:
    26cc:	a9bf7bfd 	stp	x29, x30, [sp, #-16]!
    26d0:	910003fd 	mov	x29, sp
    26d4:	97fff8a0 	bl	954 <console_flush>
    26d8:	d2940000 	mov	x0, #0xa000                	// #40960
    26dc:	52800022 	mov	w2, #0x1                   	// #1
    26e0:	f2a18000 	movk	x0, #0xc00, lsl #16
    26e4:	2a0203e1 	mov	w1, w2
    26e8:	97fff7f9 	bl	6cc <cx_wdt_refresh>
    26ec:	d503207f 	wfi
    26f0:	17ffffff 	b	26ec <plat_arm_error_handler+0x20>

00000000000026f4 <plat_arm_io_setup>:
    26f4:	a9be7bfd 	stp	x29, x30, [sp, #-32]!
    26f8:	910003fd 	mov	x29, sp
    26fc:	f9000bf3 	str	x19, [sp, #16]
    2700:	94000166 	bl	2c98 <arm_io_setup>
    2704:	36f80060 	tbz	w0, #31, 2710 <plat_arm_io_setup+0x1c>
    2708:	97fff893 	bl	954 <console_flush>
    270c:	9400021c 	bl	2f7c <el3_panic>
    2710:	d0420193 	adrp	x19, 84034000 <ops>
    2714:	9113e260 	add	x0, x19, #0x4f8
    2718:	97fffa93 	bl	1164 <register_io_dev_sh>
    271c:	37ffff60 	tbnz	w0, #31, 2708 <plat_arm_io_setup+0x14>
    2720:	f9427e60 	ldr	x0, [x19, #1272]
    2724:	d0420182 	adrp	x2, 84034000 <ops>
    2728:	d2800001 	mov	x1, #0x0                   	// #0
    272c:	9113c042 	add	x2, x2, #0x4f0
    2730:	97fffab5 	bl	1204 <io_dev_open>
    2734:	37fffea0 	tbnz	w0, #31, 2708 <plat_arm_io_setup+0x14>
    2738:	f9400bf3 	ldr	x19, [sp, #16]
    273c:	a8c27bfd 	ldp	x29, x30, [sp], #32
    2740:	d65f03c0 	ret

0000000000002744 <plat_arm_get_alt_image_source>:
    2744:	a9bb7bfd 	stp	x29, x30, [sp, #-80]!
    2748:	910003fd 	mov	x29, sp
    274c:	f9001bf7 	str	x23, [sp, #48]
    2750:	d0420197 	adrp	x23, 84034000 <ops>
    2754:	a90153f3 	stp	x19, x20, [sp, #16]
    2758:	2a0003f4 	mov	w20, w0
    275c:	f9427ae0 	ldr	x0, [x23, #1264]
    2760:	a9025bf5 	stp	x21, x22, [sp, #32]
    2764:	aa0103f6 	mov	x22, x1
    2768:	aa0203f5 	mov	x21, x2
    276c:	d2800001 	mov	x1, #0x0                   	// #0
    2770:	97fffaab 	bl	121c <io_dev_init>
    2774:	2a0003f3 	mov	w19, w0
    2778:	350001e0 	cbnz	w0, 27b4 <plat_arm_get_alt_image_source+0x70>
    277c:	90000020 	adrp	x0, 6000 <__TEXT_END__>
    2780:	9106e000 	add	x0, x0, #0x1b8
    2784:	8b345014 	add	x20, x0, w20, uxtw #4
    2788:	910123e2 	add	x2, sp, #0x48
    278c:	f9427ae0 	ldr	x0, [x23, #1264]
    2790:	aa1403e1 	mov	x1, x20
    2794:	97fffab0 	bl	1254 <io_open>
    2798:	2a0003f3 	mov	w19, w0
    279c:	350000c0 	cbnz	w0, 27b4 <plat_arm_get_alt_image_source+0x70>
    27a0:	f94027e0 	ldr	x0, [sp, #72]
    27a4:	97fffaf9 	bl	1388 <io_close>
    27a8:	f9427ae0 	ldr	x0, [x23, #1264]
    27ac:	f90002c0 	str	x0, [x22]
    27b0:	f90002b4 	str	x20, [x21]
    27b4:	a9425bf5 	ldp	x21, x22, [sp, #32]
    27b8:	2a1303e0 	mov	w0, w19
    27bc:	a94153f3 	ldp	x19, x20, [sp, #16]
    27c0:	f9401bf7 	ldr	x23, [sp, #48]
    27c4:	a8c57bfd 	ldp	x29, x30, [sp], #80
    27c8:	d65f03c0 	ret

00000000000027cc <bl1_plat_sec_mem_layout>:
    27cc:	d0420180 	adrp	x0, 84034000 <ops>
    27d0:	91140000 	add	x0, x0, #0x500
    27d4:	d65f03c0 	ret

00000000000027d8 <arm_bl1_early_platform_setup>:
    27d8:	a9bf7bfd 	stp	x29, x30, [sp, #-16]!
    27dc:	910003fd 	mov	x29, sp
    27e0:	97ffff9b 	bl	264c <plat_arm_secure_wdt_start>
    27e4:	940000e1 	bl	2b68 <arm_console_boot_init>
    27e8:	d0420180 	adrp	x0, 84034000 <ops>
    27ec:	91140001 	add	x1, x0, #0x500
    27f0:	d2820002 	mov	x2, #0x1000                	// #4096
    27f4:	f2b08002 	movk	x2, #0x8400, lsl #16
    27f8:	f9028002 	str	x2, [x0, #1280]
    27fc:	b27417e0 	mov	x0, #0x3f000               	// #258048
    2800:	f9000420 	str	x0, [x1, #8]
    2804:	a8c17bfd 	ldp	x29, x30, [sp], #16
    2808:	d65f03c0 	ret

000000000000280c <arm_bl1_plat_arch_setup>:
    280c:	a9b17bfd 	stp	x29, x30, [sp, #-240]!
    2810:	d2801082 	mov	x2, #0x84                  	// #132
    2814:	52800001 	mov	w1, #0x0                   	// #0
    2818:	910003fd 	mov	x29, sp
    281c:	a90363f7 	stp	x23, x24, [sp, #48]
    2820:	d0420197 	adrp	x23, 84034000 <ops>
    2824:	911402f8 	add	x24, x23, #0x500
    2828:	9101b3e0 	add	x0, sp, #0x6c
    282c:	a90153f3 	stp	x19, x20, [sp, #16]
    2830:	b0000033 	adrp	x19, 7000 <neoverse_v1_errata_list_end+0x6a8>
    2834:	9127c273 	add	x19, x19, #0x9f0
    2838:	a9025bf5 	stp	x21, x22, [sp, #32]
    283c:	d1000673 	sub	x19, x19, #0x1
    2840:	a9046bf9 	stp	x25, x26, [sp, #64]
    2844:	9400093c 	bl	4d34 <memset>
    2848:	d0fffff4 	adrp	x20, 0 <bl1_entrypoint>
    284c:	f94282e0 	ldr	x0, [x23, #1280]
    2850:	91000294 	add	x20, x20, #0x0
    2854:	90000036 	adrp	x22, 6000 <__TEXT_END__>
    2858:	910002d6 	add	x22, x22, #0x0
    285c:	cb1402c1 	sub	x1, x22, x20
    2860:	b2402e73 	orr	x19, x19, #0xfff
    2864:	a90503e0 	stp	x0, x0, [sp, #80]
    2868:	91000673 	add	x19, x19, #0x1
    286c:	90000035 	adrp	x21, 6000 <__TEXT_END__>
    2870:	f9400700 	ldr	x0, [x24, #8]
    2874:	910002b5 	add	x21, x21, #0x0
    2878:	f90047e1 	str	x1, [sp, #136]
    287c:	52800021 	mov	w1, #0x1                   	// #1
    2880:	f90033e0 	str	x0, [sp, #96]
    2884:	52800140 	mov	w0, #0xa                   	// #10
    2888:	b90093e1 	str	w1, [sp, #144]
    288c:	cb150261 	sub	x1, x19, x21
    2890:	b9006be0 	str	w0, [sp, #104]
    2894:	d2a80000 	mov	x0, #0x40000000            	// #1073741824
    2898:	f9005be1 	str	x1, [sp, #176]
    289c:	52800821 	mov	w1, #0x41                  	// #65
    28a0:	f9003be0 	str	x0, [sp, #112]
    28a4:	9000003a 	adrp	x26, 6000 <__TEXT_END__>
    28a8:	a907d3f4 	stp	x20, x20, [sp, #120]
    28ac:	9137cb5a 	add	x26, x26, #0xdf2
    28b0:	90000039 	adrp	x25, 6000 <__TEXT_END__>
    28b4:	f9004fe0 	str	x0, [sp, #152]
    28b8:	91391b39 	add	x25, x25, #0xe46
    28bc:	a90a57f5 	stp	x21, x21, [sp, #160]
    28c0:	b900bbe1 	str	w1, [sp, #184]
    28c4:	f90063e0 	str	x0, [sp, #192]
    28c8:	940000a2 	bl	2b50 <plat_arm_get_mmap>
    28cc:	aa0003e1 	mov	x1, x0
    28d0:	910143e0 	add	x0, sp, #0x50
    28d4:	94000151 	bl	2e18 <setup_page_tables>
    28d8:	f94282e1 	ldr	x1, [x23, #1280]
    28dc:	90000020 	adrp	x0, 6000 <__TEXT_END__>
    28e0:	91360000 	add	x0, x0, #0xd80
    28e4:	90000037 	adrp	x23, 6000 <__TEXT_END__>
    28e8:	913872f7 	add	x23, x23, #0xe1c
    28ec:	940008f6 	bl	4cc4 <printf>
    28f0:	f9400701 	ldr	x1, [x24, #8]
    28f4:	90000020 	adrp	x0, 6000 <__TEXT_END__>
    28f8:	9136e400 	add	x0, x0, #0xdb9
    28fc:	90000038 	adrp	x24, 6000 <__TEXT_END__>
    2900:	9139d318 	add	x24, x24, #0xe74
    2904:	940008f0 	bl	4cc4 <printf>
    2908:	aa1403e1 	mov	x1, x20
    290c:	aa1a03e0 	mov	x0, x26
    2910:	940008ed 	bl	4cc4 <printf>
    2914:	aa1603e1 	mov	x1, x22
    2918:	aa1703e0 	mov	x0, x23
    291c:	940008ea 	bl	4cc4 <printf>
    2920:	aa1503e1 	mov	x1, x21
    2924:	aa1903e0 	mov	x0, x25
    2928:	940008e7 	bl	4cc4 <printf>
    292c:	aa1303e1 	mov	x1, x19
    2930:	aa1803e0 	mov	x0, x24
    2934:	940008e4 	bl	4cc4 <printf>
    2938:	aa1403e1 	mov	x1, x20
    293c:	aa1a03e0 	mov	x0, x26
    2940:	940008e1 	bl	4cc4 <printf>
    2944:	aa1603e1 	mov	x1, x22
    2948:	90000020 	adrp	x0, 6000 <__TEXT_END__>
    294c:	913a8400 	add	x0, x0, #0xea1
    2950:	940008dd 	bl	4cc4 <printf>
    2954:	aa1603e1 	mov	x1, x22
    2958:	aa1703e0 	mov	x0, x23
    295c:	940008da 	bl	4cc4 <printf>
    2960:	b0000037 	adrp	x23, 7000 <neoverse_v1_errata_list_end+0x6a8>
    2964:	aa1503e1 	mov	x1, x21
    2968:	911422f7 	add	x23, x23, #0x508
    296c:	90000020 	adrp	x0, 6000 <__TEXT_END__>
    2970:	913b2800 	add	x0, x0, #0xeca
    2974:	940008d4 	bl	4cc4 <printf>
    2978:	aa1703e1 	mov	x1, x23
    297c:	90000020 	adrp	x0, 6000 <__TEXT_END__>
    2980:	913bdc00 	add	x0, x0, #0xef7
    2984:	940008d0 	bl	4cc4 <printf>
    2988:	aa1503e1 	mov	x1, x21
    298c:	aa1903e0 	mov	x0, x25
    2990:	940008cd 	bl	4cc4 <printf>
    2994:	aa1303e1 	mov	x1, x19
    2998:	aa1803e0 	mov	x0, x24
    299c:	940008ca 	bl	4cc4 <printf>
    29a0:	aa1403e1 	mov	x1, x20
    29a4:	90000020 	adrp	x0, 6000 <__TEXT_END__>
    29a8:	913c8c00 	add	x0, x0, #0xf23
    29ac:	940008c6 	bl	4cc4 <printf>
    29b0:	aa1603e1 	mov	x1, x22
    29b4:	90000020 	adrp	x0, 6000 <__TEXT_END__>
    29b8:	913d3800 	add	x0, x0, #0xf4e
    29bc:	940008c2 	bl	4cc4 <printf>
    29c0:	aa1503e1 	mov	x1, x21
    29c4:	90000020 	adrp	x0, 6000 <__TEXT_END__>
    29c8:	913ddc00 	add	x0, x0, #0xf77
    29cc:	940008be 	bl	4cc4 <printf>
    29d0:	aa1703e1 	mov	x1, x23
    29d4:	90000020 	adrp	x0, 6000 <__TEXT_END__>
    29d8:	913e9000 	add	x0, x0, #0xfa4
    29dc:	940008ba 	bl	4cc4 <printf>
    29e0:	d53e1001 	mrs	x1, sctlr_el3
    29e4:	90000020 	adrp	x0, 6000 <__TEXT_END__>
    29e8:	913f3c00 	add	x0, x0, #0xfcf
    29ec:	940008b6 	bl	4cc4 <printf>
    29f0:	d53e1000 	mrs	x0, sctlr_el3
    29f4:	927ef800 	and	x0, x0, #0xfffffffffffffffd
    29f8:	d51e1000 	msr	sctlr_el3, x0
    29fc:	d53e1001 	mrs	x1, sctlr_el3
    2a00:	90000020 	adrp	x0, 6000 <__TEXT_END__>
    2a04:	913fac00 	add	x0, x0, #0xfeb
    2a08:	940008af 	bl	4cc4 <printf>
    2a0c:	52800000 	mov	w0, #0x0                   	// #0
    2a10:	97fffd70 	bl	1fd0 <enable_mmu_el3>
    2a14:	9400004e 	bl	2b4c <arm_setup_romlib>
    2a18:	a94153f3 	ldp	x19, x20, [sp, #16]
    2a1c:	a9425bf5 	ldp	x21, x22, [sp, #32]
    2a20:	a94363f7 	ldp	x23, x24, [sp, #48]
    2a24:	a9446bf9 	ldp	x25, x26, [sp, #64]
    2a28:	a8cf7bfd 	ldp	x29, x30, [sp], #240
    2a2c:	d65f03c0 	ret

0000000000002a30 <bl1_plat_arch_setup>:
    2a30:	17ffff77 	b	280c <arm_bl1_plat_arch_setup>

0000000000002a34 <bl1_plat_prepare_exit>:
    2a34:	17ffff0c 	b	2664 <plat_arm_secure_wdt_stop>

0000000000002a38 <arm_bl1_platform_setup>:
    2a38:	a9be7bfd 	stp	x29, x30, [sp, #-32]!
    2a3c:	910003fd 	mov	x29, sp
    2a40:	a90153f3 	stp	x19, x20, [sp, #16]
    2a44:	97ffff2c 	bl	26f4 <plat_arm_io_setup>
    2a48:	97ffff16 	bl	26a0 <plat_arm_bl1_fwu_needed>
    2a4c:	d0420181 	adrp	x1, 84034000 <ops>
    2a50:	3915b020 	strb	w0, [x1, #1388]
    2a54:	360000c0 	tbz	w0, #0, 2a6c <arm_bl1_platform_setup+0x34>
    2a58:	a94153f3 	ldp	x19, x20, [sp, #16]
    2a5c:	b0000020 	adrp	x0, 7000 <neoverse_v1_errata_list_end+0x6a8>
    2a60:	a8c27bfd 	ldp	x29, x30, [sp], #32
    2a64:	91001800 	add	x0, x0, #0x6
    2a68:	17fff6c7 	b	584 <tf_log>
    2a6c:	52800403 	mov	w3, #0x20                  	// #32
    2a70:	5282fe02 	mov	w2, #0x17f0                	// #6128
    2a74:	92800001 	mov	x1, #0xffffffffffffffff    	// #-1
    2a78:	d2820200 	mov	x0, #0x1010                	// #4112
    2a7c:	f2b08000 	movk	x0, #0x8400, lsl #16
    2a80:	97fffc14 	bl	1ad0 <set_config_info>
    2a84:	52800400 	mov	w0, #0x20                  	// #32
    2a88:	97fffbff 	bl	1a84 <fconf_load_config>
    2a8c:	2a0003f3 	mov	w19, w0
    2a90:	36f800e0 	tbz	w0, #31, 2aac <arm_bl1_platform_setup+0x74>
    2a94:	2a0003e1 	mov	w1, w0
    2a98:	b0000020 	adrp	x0, 7000 <neoverse_v1_errata_list_end+0x6a8>
    2a9c:	9100b000 	add	x0, x0, #0x2c
    2aa0:	97fff6b9 	bl	584 <tf_log>
    2aa4:	2a1303e0 	mov	w0, w19
    2aa8:	94000049 	bl	2bcc <plat_error_handler>
    2aac:	52800400 	mov	w0, #0x20                  	// #32
    2ab0:	97fffc97 	bl	1d0c <dyn_cfg_dtb_info_getter>
    2ab4:	aa0003f4 	mov	x20, x0
    2ab8:	b4000220 	cbz	x0, 2afc <arm_bl1_platform_setup+0xc4>
    2abc:	f9400000 	ldr	x0, [x0]
    2ac0:	97fffc1d 	bl	1b34 <fconf_populate_dtb_registry>
    2ac4:	2a0003f3 	mov	w19, w0
    2ac8:	36f800a0 	tbz	w0, #31, 2adc <arm_bl1_platform_setup+0xa4>
    2acc:	2a0003e1 	mov	w1, w0
    2ad0:	b0000020 	adrp	x0, 7000 <neoverse_v1_errata_list_end+0x6a8>
    2ad4:	91013400 	add	x0, x0, #0x4d
    2ad8:	17fffff2 	b	2aa0 <arm_bl1_platform_setup+0x68>
    2adc:	52800300 	mov	w0, #0x18                  	// #24
    2ae0:	97fffbe9 	bl	1a84 <fconf_load_config>
    2ae4:	2a0003f3 	mov	w19, w0
    2ae8:	36f80120 	tbz	w0, #31, 2b0c <arm_bl1_platform_setup+0xd4>
    2aec:	2a0003e1 	mov	w1, w0
    2af0:	b0000020 	adrp	x0, 7000 <neoverse_v1_errata_list_end+0x6a8>
    2af4:	9101b800 	add	x0, x0, #0x6e
    2af8:	17ffffea 	b	2aa0 <arm_bl1_platform_setup+0x68>
    2afc:	b0000020 	adrp	x0, 7000 <neoverse_v1_errata_list_end+0x6a8>
    2b00:	91024800 	add	x0, x0, #0x92
    2b04:	97fff6a0 	bl	584 <tf_log>
    2b08:	17ffffe7 	b	2aa4 <arm_bl1_platform_setup+0x6c>
    2b0c:	52800020 	mov	w0, #0x1                   	// #1
    2b10:	940000a3 	bl	2d9c <bl1_plat_get_image_desc>
    2b14:	f9400281 	ldr	x1, [x20]
    2b18:	f9002001 	str	x1, [x0, #64]
    2b1c:	94000010 	bl	2b5c <plat_get_syscnt_freq2>
    2b20:	2a0003e0 	mov	w0, w0
    2b24:	d51be000 	msr	cntfrq_el0, x0
    2b28:	a94153f3 	ldp	x19, x20, [sp, #16]
    2b2c:	a8c27bfd 	ldp	x29, x30, [sp], #32
    2b30:	d65f03c0 	ret

0000000000002b34 <bl1_plat_get_next_image_id>:
    2b34:	d0420180 	adrp	x0, 84034000 <ops>
    2b38:	3955b000 	ldrb	w0, [x0, #1388]
    2b3c:	f240001f 	tst	x0, #0x1
    2b40:	52800200 	mov	w0, #0x10                  	// #16
    2b44:	1a9f1400 	csinc	w0, w0, wzr, ne	// ne = any
    2b48:	d65f03c0 	ret

0000000000002b4c <arm_setup_romlib>:
    2b4c:	d65f03c0 	ret

0000000000002b50 <plat_arm_get_mmap>:
    2b50:	90000020 	adrp	x0, 6000 <__TEXT_END__>
    2b54:	9103c000 	add	x0, x0, #0xf0
    2b58:	d65f03c0 	ret

0000000000002b5c <plat_get_syscnt_freq2>:
    2b5c:	529c2000 	mov	w0, #0xe100                	// #57600
    2b60:	72a0bea0 	movk	w0, #0x5f5, lsl #16
    2b64:	d65f03c0 	ret

0000000000002b68 <arm_console_boot_init>:
    2b68:	a9be7bfd 	stp	x29, x30, [sp, #-32]!
    2b6c:	d2a18000 	mov	x0, #0xc000000             	// #201326592
    2b70:	910003fd 	mov	x29, sp
    2b74:	f9000bf3 	str	x19, [sp, #16]
    2b78:	d0420193 	adrp	x19, 84034000 <ops>
    2b7c:	91144273 	add	x19, x19, #0x510
    2b80:	f9401261 	ldr	x1, [x19, #32]
    2b84:	eb00003f 	cmp	x1, x0
    2b88:	540001c0 	b.eq	2bc0 <arm_console_boot_init+0x58>  // b.none
    2b8c:	528bc201 	mov	w1, #0x5e10                	// #24080
    2b90:	aa1303e3 	mov	x3, x19
    2b94:	52838402 	mov	w2, #0x1c20                	// #7200
    2b98:	72a00be1 	movk	w1, #0x5f, lsl #16
    2b9c:	97fffa4c 	bl	14cc <console_cxuart_register>
    2ba0:	35000060 	cbnz	w0, 2bac <arm_console_boot_init+0x44>
    2ba4:	97fff76c 	bl	954 <console_flush>
    2ba8:	940000f5 	bl	2f7c <el3_panic>
    2bac:	aa1303e0 	mov	x0, x19
    2bb0:	52800021 	mov	w1, #0x1                   	// #1
    2bb4:	f9400bf3 	ldr	x19, [sp, #16]
    2bb8:	a8c27bfd 	ldp	x29, x30, [sp], #32
    2bbc:	17fff72c 	b	86c <console_set_scope>
    2bc0:	f9400bf3 	ldr	x19, [sp, #16]
    2bc4:	a8c27bfd 	ldp	x29, x30, [sp], #32
    2bc8:	d65f03c0 	ret

0000000000002bcc <plat_error_handler>:
    2bcc:	a9bf7bfd 	stp	x29, x30, [sp, #-16]!
    2bd0:	910003fd 	mov	x29, sp
    2bd4:	97fffebe 	bl	26cc <plat_arm_error_handler>

0000000000002bd8 <open_fip>:
    2bd8:	a9bc7bfd 	stp	x29, x30, [sp, #-64]!
    2bdc:	d2800001 	mov	x1, #0x0                   	// #0
    2be0:	910003fd 	mov	x29, sp
    2be4:	f90013f5 	str	x21, [sp, #32]
    2be8:	d0420195 	adrp	x21, 84034000 <ops>
    2bec:	a90153f3 	stp	x19, x20, [sp, #16]
    2bf0:	aa0003f4 	mov	x20, x0
    2bf4:	f942a6a0 	ldr	x0, [x21, #1352]
    2bf8:	97fff989 	bl	121c <io_dev_init>
    2bfc:	2a0003f3 	mov	w19, w0
    2c00:	35000120 	cbnz	w0, 2c24 <open_fip+0x4c>
    2c04:	f942a6a0 	ldr	x0, [x21, #1352]
    2c08:	9100e3e2 	add	x2, sp, #0x38
    2c0c:	aa1403e1 	mov	x1, x20
    2c10:	97fff991 	bl	1254 <io_open>
    2c14:	2a0003f3 	mov	w19, w0
    2c18:	35000060 	cbnz	w0, 2c24 <open_fip+0x4c>
    2c1c:	f9401fe0 	ldr	x0, [sp, #56]
    2c20:	97fff9da 	bl	1388 <io_close>
    2c24:	f94013f5 	ldr	x21, [sp, #32]
    2c28:	2a1303e0 	mov	w0, w19
    2c2c:	a94153f3 	ldp	x19, x20, [sp, #16]
    2c30:	a8c47bfd 	ldp	x29, x30, [sp], #64
    2c34:	d65f03c0 	ret

0000000000002c38 <open_memmap>:
    2c38:	a9bc7bfd 	stp	x29, x30, [sp, #-64]!
    2c3c:	d2800001 	mov	x1, #0x0                   	// #0
    2c40:	910003fd 	mov	x29, sp
    2c44:	f90013f5 	str	x21, [sp, #32]
    2c48:	d0420195 	adrp	x21, 84034000 <ops>
    2c4c:	a90153f3 	stp	x19, x20, [sp, #16]
    2c50:	aa0003f4 	mov	x20, x0
    2c54:	f9429ea0 	ldr	x0, [x21, #1336]
    2c58:	97fff971 	bl	121c <io_dev_init>
    2c5c:	2a0003f3 	mov	w19, w0
    2c60:	35000120 	cbnz	w0, 2c84 <open_memmap+0x4c>
    2c64:	f9429ea0 	ldr	x0, [x21, #1336]
    2c68:	9100e3e2 	add	x2, sp, #0x38
    2c6c:	aa1403e1 	mov	x1, x20
    2c70:	97fff979 	bl	1254 <io_open>
    2c74:	2a0003f3 	mov	w19, w0
    2c78:	35000060 	cbnz	w0, 2c84 <open_memmap+0x4c>
    2c7c:	f9401fe0 	ldr	x0, [sp, #56]
    2c80:	97fff9c2 	bl	1388 <io_close>
    2c84:	f94013f5 	ldr	x21, [sp, #32]
    2c88:	2a1303e0 	mov	w0, w19
    2c8c:	a94153f3 	ldp	x19, x20, [sp, #16]
    2c90:	a8c47bfd 	ldp	x29, x30, [sp], #64
    2c94:	d65f03c0 	ret

0000000000002c98 <arm_io_setup>:
    2c98:	a9be7bfd 	stp	x29, x30, [sp, #-32]!
    2c9c:	910003fd 	mov	x29, sp
    2ca0:	a90153f3 	stp	x19, x20, [sp, #16]
    2ca4:	d0420194 	adrp	x20, 84034000 <ops>
    2ca8:	91154280 	add	x0, x20, #0x550
    2cac:	97fff861 	bl	e30 <register_io_dev_fip>
    2cb0:	37f80240 	tbnz	w0, #31, 2cf8 <arm_io_setup+0x60>
    2cb4:	d0420193 	adrp	x19, 84034000 <ops>
    2cb8:	91150260 	add	x0, x19, #0x540
    2cbc:	97fff8be 	bl	fb4 <register_io_dev_memmap>
    2cc0:	37f801c0 	tbnz	w0, #31, 2cf8 <arm_io_setup+0x60>
    2cc4:	f942aa80 	ldr	x0, [x20, #1360]
    2cc8:	d0420182 	adrp	x2, 84034000 <ops>
    2ccc:	d2800001 	mov	x1, #0x0                   	// #0
    2cd0:	91152042 	add	x2, x2, #0x548
    2cd4:	97fff94c 	bl	1204 <io_dev_open>
    2cd8:	37f80100 	tbnz	w0, #31, 2cf8 <arm_io_setup+0x60>
    2cdc:	f942a260 	ldr	x0, [x19, #1344]
    2ce0:	d0420182 	adrp	x2, 84034000 <ops>
    2ce4:	a94153f3 	ldp	x19, x20, [sp, #16]
    2ce8:	9114e042 	add	x2, x2, #0x538
    2cec:	a8c27bfd 	ldp	x29, x30, [sp], #32
    2cf0:	d2800001 	mov	x1, #0x0                   	// #0
    2cf4:	17fff944 	b	1204 <io_dev_open>
    2cf8:	a94153f3 	ldp	x19, x20, [sp, #16]
    2cfc:	a8c27bfd 	ldp	x29, x30, [sp], #32
    2d00:	d65f03c0 	ret

0000000000002d04 <plat_get_image_source>:
    2d04:	a9bc7bfd 	stp	x29, x30, [sp, #-64]!
    2d08:	910003fd 	mov	x29, sp
    2d0c:	a9025bf5 	stp	x21, x22, [sp, #32]
    2d10:	2a0003f6 	mov	w22, w0
    2d14:	d2800300 	mov	x0, #0x18                  	// #24
    2d18:	a90153f3 	stp	x19, x20, [sp, #16]
    2d1c:	aa1603f3 	mov	x19, x22
    2d20:	9b007ed6 	mul	x22, x22, x0
    2d24:	a90363f7 	stp	x23, x24, [sp, #48]
    2d28:	b0420197 	adrp	x23, 84033000 <RAM_REGION_START>
    2d2c:	910282f7 	add	x23, x23, #0xa0
    2d30:	8b1602f8 	add	x24, x23, x22
    2d34:	aa0103f4 	mov	x20, x1
    2d38:	aa0203f5 	mov	x21, x2
    2d3c:	a9408700 	ldp	x0, x1, [x24, #8]
    2d40:	d63f0020 	blr	x1
    2d44:	34000120 	cbz	w0, 2d68 <plat_get_image_source+0x64>
    2d48:	a94363f7 	ldp	x23, x24, [sp, #48]
    2d4c:	aa1503e2 	mov	x2, x21
    2d50:	a9425bf5 	ldp	x21, x22, [sp, #32]
    2d54:	aa1403e1 	mov	x1, x20
    2d58:	2a1303e0 	mov	w0, w19
    2d5c:	a94153f3 	ldp	x19, x20, [sp, #16]
    2d60:	a8c47bfd 	ldp	x29, x30, [sp], #64
    2d64:	17fffe78 	b	2744 <plat_arm_get_alt_image_source>
    2d68:	f9400701 	ldr	x1, [x24, #8]
    2d6c:	f90002a1 	str	x1, [x21]
    2d70:	f8766ae1 	ldr	x1, [x23, x22]
    2d74:	a9425bf5 	ldp	x21, x22, [sp, #32]
    2d78:	f9400021 	ldr	x1, [x1]
    2d7c:	a94363f7 	ldp	x23, x24, [sp, #48]
    2d80:	f9000281 	str	x1, [x20]
    2d84:	a94153f3 	ldp	x19, x20, [sp, #16]
    2d88:	a8c47bfd 	ldp	x29, x30, [sp], #64
    2d8c:	d65f03c0 	ret

0000000000002d90 <bl1_plat_set_ep_info>:
    2d90:	d65f03c0 	ret

0000000000002d94 <bl1_plat_handle_pre_image_load>:
    2d94:	52800000 	mov	w0, #0x0                   	// #0
    2d98:	d65f03c0 	ret

0000000000002d9c <bl1_plat_get_image_desc>:
    2d9c:	b0420180 	adrp	x0, 84033000 <RAM_REGION_START>
    2da0:	91116000 	add	x0, x0, #0x458
    2da4:	d65f03c0 	ret

0000000000002da8 <bl1_plat_calc_bl2_layout>:
    2da8:	aa0003e2 	mov	x2, x0
    2dac:	aa0103e0 	mov	x0, x1
    2db0:	d2860001 	mov	x1, #0x3000                	// #12288
    2db4:	f2b08061 	movk	x1, #0x8403, lsl #16
    2db8:	f9400042 	ldr	x2, [x2]
    2dbc:	cb020021 	sub	x1, x1, x2
    2dc0:	a9000402 	stp	x2, x1, [x0]
    2dc4:	d2800201 	mov	x1, #0x10                  	// #16
    2dc8:	1400009c 	b	3038 <flush_dcache_range>

0000000000002dcc <bl1_plat_handle_post_image_load>:
    2dcc:	7100041f 	cmp	w0, #0x1
    2dd0:	54000201 	b.ne	2e10 <bl1_plat_handle_post_image_load+0x44>  // b.any
    2dd4:	a9be7bfd 	stp	x29, x30, [sp, #-32]!
    2dd8:	910003fd 	mov	x29, sp
    2ddc:	a90153f3 	stp	x19, x20, [sp, #16]
    2de0:	97ffffef 	bl	2d9c <bl1_plat_get_image_desc>
    2de4:	aa0003f4 	mov	x20, x0
    2de8:	97fffe79 	bl	27cc <bl1_plat_sec_mem_layout>
    2dec:	aa0003f3 	mov	x19, x0
    2df0:	f9400001 	ldr	x1, [x0]
    2df4:	97ffffed 	bl	2da8 <bl1_plat_calc_bl2_layout>
    2df8:	f9400260 	ldr	x0, [x19]
    2dfc:	f9002680 	str	x0, [x20, #72]
    2e00:	a94153f3 	ldp	x19, x20, [sp, #16]
    2e04:	52800000 	mov	w0, #0x0                   	// #0
    2e08:	a8c27bfd 	ldp	x29, x30, [sp], #32
    2e0c:	d65f03c0 	ret
    2e10:	52800000 	mov	w0, #0x0                   	// #0
    2e14:	d65f03c0 	ret

0000000000002e18 <setup_page_tables>:
    2e18:	a9be7bfd 	stp	x29, x30, [sp, #-32]!
    2e1c:	910003fd 	mov	x29, sp
    2e20:	f9000bf3 	str	x19, [sp, #16]
    2e24:	aa0103f3 	mov	x19, x1
    2e28:	97fffc57 	bl	1f84 <mmap_add>
    2e2c:	aa1303e0 	mov	x0, x19
    2e30:	97fffc55 	bl	1f84 <mmap_add>
    2e34:	f9400bf3 	ldr	x19, [sp, #16]
    2e38:	a8c27bfd 	ldp	x29, x30, [sp], #32
    2e3c:	17fffc56 	b	1f94 <init_xlat_tables>

0000000000002e40 <plat_log_get_prefix>:
    2e40:	7100f01f 	cmp	w0, #0x3c
    2e44:	52800781 	mov	w1, #0x3c                  	// #60
    2e48:	1a819000 	csel	w0, w0, w1, ls	// ls = plast
    2e4c:	52800141 	mov	w1, #0xa                   	// #10
    2e50:	6b01001f 	cmp	w0, w1
    2e54:	1a812000 	csel	w0, w0, w1, cs	// cs = hs, nlast
    2e58:	1ac10800 	udiv	w0, w0, w1
    2e5c:	90000021 	adrp	x1, 6000 <__TEXT_END__>
    2e60:	910f2021 	add	x1, x1, #0x3c8
    2e64:	51000400 	sub	w0, w0, #0x1
    2e68:	f8607820 	ldr	x0, [x1, x0, lsl #3]
    2e6c:	d65f03c0 	ret

0000000000002e70 <smc_handler64>:
    2e70:	d280009e 	mov	x30, #0x4                   	// #4
    2e74:	eb0003df 	cmp	x30, x0
    2e78:	540003e1 	b.ne	2ef4 <smc_handler>  // b.any
    2e7c:	d53e111e 	mrs	x30, scr_el3
    2e80:	f24003df 	tst	x30, #0x1
    2e84:	54000321 	b.ne	2ee8 <unexpected_sync_exception>  // b.any
    2e88:	f94087fe 	ldr	x30, [sp, #264]
    2e8c:	d50040bf 	msr	spsel, #0x0
    2e90:	910003df 	mov	sp, x30
    2e94:	aa0103f4 	mov	x20, x1
    2e98:	aa1403e0 	mov	x0, x20
    2e9c:	97fff514 	bl	2ec <bl1_print_next_bl_ep_info>
    2ea0:	a9408680 	ldp	x0, x1, [x20, #8]
    2ea4:	d51e4020 	msr	elr_el3, x0
    2ea8:	d51e4001 	msr	spsr_el3, x1
    2eac:	d3420c20 	ubfx	x0, x1, #2, #2
    2eb0:	f1000c1f 	cmp	x0, #0x3
    2eb4:	540001a1 	b.ne	2ee8 <unexpected_sync_exception>  // b.any
    2eb8:	940000bd 	bl	31ac <disable_mmu_icache_el3>
    2ebc:	d50e871f 	tlbi	alle3
    2ec0:	d5033b9f 	dsb	ish
    2ec4:	aa1403e0 	mov	x0, x20
    2ec8:	97fffedb 	bl	2a34 <bl1_plat_prepare_exit>
    2ecc:	a9449e86 	ldp	x6, x7, [x20, #72]
    2ed0:	a9439684 	ldp	x4, x5, [x20, #56]
    2ed4:	a9428e82 	ldp	x2, x3, [x20, #40]
    2ed8:	a9418680 	ldp	x0, x1, [x20, #24]
    2edc:	d69f03e0 	eret
    2ee0:	d503379f 	dsb	nsh
    2ee4:	d5033fdf 	isb

0000000000002ee8 <unexpected_sync_exception>:
    2ee8:	d2800100 	mov	x0, #0x8                   	// #8
    2eec:	9400035f 	bl	3c68 <plat_report_exception>
    2ef0:	94000372 	bl	3cb8 <plat_panic_handler>

0000000000002ef4 <smc_handler>:
    2ef4:	940002b9 	bl	39d8 <prepare_el3_entry>
    2ef8:	aa1f03e5 	mov	x5, xzr
    2efc:	910003e6 	mov	x6, sp
    2f00:	f94084cc 	ldr	x12, [x6, #264]
    2f04:	d50040bf 	msr	spsel, #0x0
    2f08:	9100019f 	mov	sp, x12
    2f0c:	d53e4010 	mrs	x16, spsr_el3
    2f10:	d53e4031 	mrs	x17, elr_el3
    2f14:	d53e1112 	mrs	x18, scr_el3
    2f18:	a91144d0 	stp	x16, x17, [x6, #272]
    2f1c:	f90080d2 	str	x18, [x6, #256]
    2f20:	b3400247 	bfxil	x7, x18, #0, #1
    2f24:	97fff4fd 	bl	318 <bl1_smc_handler>
    2f28:	140002e8 	b	3ac8 <el3_exit>

0000000000002f2c <asm_print_str>:
    2f2c:	aa1e03e3 	mov	x3, x30
    2f30:	38401480 	ldrb	w0, [x4], #1
    2f34:	b4000060 	cbz	x0, 2f40 <asm_print_str+0x14>
    2f38:	94000354 	bl	3c88 <plat_crash_console_putc>
    2f3c:	17fffffd 	b	2f30 <asm_print_str+0x4>
    2f40:	d65f0060 	ret	x3

0000000000002f44 <asm_print_hex>:
    2f44:	d2800805 	mov	x5, #0x40                  	// #64

0000000000002f48 <asm_print_hex_bits>:
    2f48:	aa1e03e3 	mov	x3, x30
    2f4c:	d10010a5 	sub	x5, x5, #0x4
    2f50:	9ac52480 	lsr	x0, x4, x5
    2f54:	92400c00 	and	x0, x0, #0xf
    2f58:	f100281f 	cmp	x0, #0xa
    2f5c:	54000043 	b.cc	2f64 <asm_print_hex_bits+0x1c>  // b.lo, b.ul, b.last
    2f60:	91009c00 	add	x0, x0, #0x27
    2f64:	9100c000 	add	x0, x0, #0x30
    2f68:	94000348 	bl	3c88 <plat_crash_console_putc>
    2f6c:	b5ffff05 	cbnz	x5, 2f4c <asm_print_hex_bits+0x4>
    2f70:	d65f0060 	ret	x3

0000000000002f74 <asm_print_newline>:
    2f74:	d2800140 	mov	x0, #0xa                   	// #10
    2f78:	14000344 	b	3c88 <plat_crash_console_putc>

0000000000002f7c <el3_panic>:
    2f7c:	aa1e03e6 	mov	x6, x30
    2f80:	9400033b 	bl	3c6c <plat_crash_console_init>
    2f84:	b4000100 	cbz	x0, 2fa4 <_panic_handler>
    2f88:	70021f64 	adr	x4, 7377 <panic_msg>
    2f8c:	97ffffe8 	bl	2f2c <asm_print_str>
    2f90:	aa0603e4 	mov	x4, x6
    2f94:	d1001084 	sub	x4, x4, #0x4
    2f98:	97ffffeb 	bl	2f44 <asm_print_hex>
    2f9c:	97fffff6 	bl	2f74 <asm_print_newline>
    2fa0:	9400033d 	bl	3c94 <plat_crash_console_flush>

0000000000002fa4 <_panic_handler>:
    2fa4:	aa0603fe 	mov	x30, x6
    2fa8:	14000344 	b	3cb8 <plat_panic_handler>

0000000000002fac <console_pl011_core_init>:
    2fac:	b4000280 	cbz	x0, 2ffc <core_init_fail>
    2fb0:	34000261 	cbz	w1, 2ffc <core_init_fail>
    2fb4:	34000242 	cbz	w2, 2ffc <core_init_fail>
    2fb8:	b9403003 	ldr	w3, [x0, #48]
    2fbc:	52800024 	mov	w4, #0x1                   	// #1
    2fc0:	0a240063 	bic	w3, w3, w4
    2fc4:	b9003003 	str	w3, [x0, #48]
    2fc8:	531e7421 	lsl	w1, w1, #2
    2fcc:	1ac20822 	udiv	w2, w1, w2
    2fd0:	53067c41 	lsr	w1, w2, #6
    2fd4:	b9002401 	str	w1, [x0, #36]
    2fd8:	12001441 	and	w1, w2, #0x3f
    2fdc:	b9002801 	str	w1, [x0, #40]
    2fe0:	52800e01 	mov	w1, #0x70                  	// #112
    2fe4:	b9002c01 	str	w1, [x0, #44]
    2fe8:	b900041f 	str	wzr, [x0, #4]
    2fec:	52806021 	mov	w1, #0x301                 	// #769
    2ff0:	b9003001 	str	w1, [x0, #48]
    2ff4:	52800020 	mov	w0, #0x1                   	// #1
    2ff8:	d65f03c0 	ret

0000000000002ffc <core_init_fail>:
    2ffc:	2a1f03e0 	mov	w0, wzr
    3000:	d65f03c0 	ret

0000000000003004 <console_pl011_core_putc>:
    3004:	7100281f 	cmp	w0, #0xa
    3008:	540000a1 	b.ne	301c <console_pl011_core_putc+0x18>  // b.any
    300c:	b9401822 	ldr	w2, [x1, #24]
    3010:	372fffe2 	tbnz	w2, #5, 300c <console_pl011_core_putc+0x8>
    3014:	528001a2 	mov	w2, #0xd                   	// #13
    3018:	b9000022 	str	w2, [x1]
    301c:	b9401822 	ldr	w2, [x1, #24]
    3020:	372fffe2 	tbnz	w2, #5, 301c <console_pl011_core_putc+0x18>
    3024:	b9000020 	str	w0, [x1]
    3028:	d65f03c0 	ret

000000000000302c <console_pl011_core_flush>:
    302c:	b9401801 	ldr	w1, [x0, #24]
    3030:	371fffe1 	tbnz	w1, #3, 302c <console_pl011_core_flush>
    3034:	d65f03c0 	ret

0000000000003038 <flush_dcache_range>:
    3038:	b40001a1 	cbz	x1, 306c <exit_loop_civac>
    303c:	d53b0023 	mrs	x3, ctr_el0
    3040:	d3504c63 	ubfx	x3, x3, #16, #4
    3044:	d2800082 	mov	x2, #0x4                   	// #4
    3048:	9ac32042 	lsl	x2, x2, x3
    304c:	8b010001 	add	x1, x0, x1
    3050:	d1000443 	sub	x3, x2, #0x1
    3054:	8a230000 	bic	x0, x0, x3

0000000000003058 <loop_civac>:
    3058:	d50b7e20 	dc	civac, x0
    305c:	8b020000 	add	x0, x0, x2
    3060:	eb01001f 	cmp	x0, x1
    3064:	54ffffa3 	b.cc	3058 <loop_civac>  // b.lo, b.ul, b.last
    3068:	d5033f9f 	dsb	sy

000000000000306c <exit_loop_civac>:
    306c:	d65f03c0 	ret

0000000000003070 <zeromem>:
    3070:	8b010002 	add	x2, x0, x1
    3074:	14000030 	b	3134 <zero_normalmem+0xbc>

0000000000003078 <zero_normalmem>:
    3078:	8b010002 	add	x2, x0, x1
    307c:	d53b00e3 	mrs	x3, dczid_el0
    3080:	d3400c63 	ubfx	x3, x3, #0, #4
    3084:	d2800085 	mov	x5, #0x4                   	// #4
    3088:	9ac320a3 	lsl	x3, x5, x3
    308c:	eb03003f 	cmp	x1, x3
    3090:	54000523 	b.cc	3134 <zero_normalmem+0xbc>  // b.lo, b.ul, b.last
    3094:	d1000461 	sub	x1, x3, #0x1
    3098:	ea01001f 	tst	x0, x1
    309c:	54000260 	b.eq	30e8 <zero_normalmem+0x70>  // b.none
    30a0:	aa010004 	orr	x4, x0, x1
    30a4:	91000484 	add	x4, x4, #0x1
    30a8:	b4000464 	cbz	x4, 3134 <zero_normalmem+0xbc>
    30ac:	eb02009f 	cmp	x4, x2
    30b0:	54000428 	b.hi	3134 <zero_normalmem+0xbc>  // b.pmore
    30b4:	f2400c1f 	tst	x0, #0xf
    30b8:	540000e0 	b.eq	30d4 <zero_normalmem+0x5c>  // b.none
    30bc:	b2400c05 	orr	x5, x0, #0xf
    30c0:	910004a5 	add	x5, x5, #0x1
    30c4:	b4000385 	cbz	x5, 3134 <zero_normalmem+0xbc>
    30c8:	3800141f 	strb	wzr, [x0], #1
    30cc:	eb05001f 	cmp	x0, x5
    30d0:	54ffffc1 	b.ne	30c8 <zero_normalmem+0x50>  // b.any
    30d4:	eb04001f 	cmp	x0, x4
    30d8:	54000082 	b.cs	30e8 <zero_normalmem+0x70>  // b.hs, b.nlast
    30dc:	a8817c1f 	stp	xzr, xzr, [x0], #16
    30e0:	eb04001f 	cmp	x0, x4
    30e4:	54ffffc3 	b.cc	30dc <zero_normalmem+0x64>  // b.lo, b.ul, b.last
    30e8:	8a210044 	bic	x4, x2, x1
    30ec:	eb04001f 	cmp	x0, x4
    30f0:	540000a2 	b.cs	3104 <zero_normalmem+0x8c>  // b.hs, b.nlast
    30f4:	d50b7420 	dc	zva, x0
    30f8:	8b030000 	add	x0, x0, x3
    30fc:	eb04001f 	cmp	x0, x4
    3100:	54ffffa3 	b.cc	30f4 <zero_normalmem+0x7c>  // b.lo, b.ul, b.last
    3104:	927cec44 	and	x4, x2, #0xfffffffffffffff0
    3108:	eb04001f 	cmp	x0, x4
    310c:	54000082 	b.cs	311c <zero_normalmem+0xa4>  // b.hs, b.nlast
    3110:	a8817c1f 	stp	xzr, xzr, [x0], #16
    3114:	eb04001f 	cmp	x0, x4
    3118:	54ffffc3 	b.cc	3110 <zero_normalmem+0x98>  // b.lo, b.ul, b.last
    311c:	eb02001f 	cmp	x0, x2
    3120:	54000080 	b.eq	3130 <zero_normalmem+0xb8>  // b.none
    3124:	3800141f 	strb	wzr, [x0], #1
    3128:	eb02001f 	cmp	x0, x2
    312c:	54ffffc1 	b.ne	3124 <zero_normalmem+0xac>  // b.any
    3130:	d65f03c0 	ret
    3134:	f2400c1f 	tst	x0, #0xf
    3138:	54fffe60 	b.eq	3104 <zero_normalmem+0x8c>  // b.none
    313c:	b2400c04 	orr	x4, x0, #0xf
    3140:	91000484 	add	x4, x4, #0x1
    3144:	b4fffec4 	cbz	x4, 311c <zero_normalmem+0xa4>
    3148:	eb02009f 	cmp	x4, x2
    314c:	54fffe82 	b.cs	311c <zero_normalmem+0xa4>  // b.hs, b.nlast
    3150:	3800141f 	strb	wzr, [x0], #1
    3154:	eb04001f 	cmp	x0, x4
    3158:	54ffffc1 	b.ne	3150 <zero_normalmem+0xd8>  // b.any
    315c:	17ffffea 	b	3104 <zero_normalmem+0x8c>

0000000000003160 <memcpy16>:
    3160:	f100405f 	cmp	x2, #0x10
    3164:	540000a3 	b.cc	3178 <m_loop1>  // b.lo, b.ul, b.last
    3168:	a8c11023 	ldp	x3, x4, [x1], #16
    316c:	a8811003 	stp	x3, x4, [x0], #16
    3170:	d1004042 	sub	x2, x2, #0x10
    3174:	17fffffb 	b	3160 <memcpy16>

0000000000003178 <m_loop1>:
    3178:	b40000a2 	cbz	x2, 318c <m_end>
    317c:	38401423 	ldrb	w3, [x1], #1
    3180:	38001403 	strb	w3, [x0], #1
    3184:	f1000442 	subs	x2, x2, #0x1
    3188:	54ffff81 	b.ne	3178 <m_loop1>  // b.any

000000000000318c <m_end>:
    318c:	d65f03c0 	ret

0000000000003190 <disable_mmu_el3>:
    3190:	d28000a1 	mov	x1, #0x5                   	// #5

0000000000003194 <do_disable_mmu_el3>:
    3194:	d53e1000 	mrs	x0, sctlr_el3
    3198:	8a210000 	bic	x0, x0, x1
    319c:	d51e1000 	msr	sctlr_el3, x0
    31a0:	d5033fdf 	isb
    31a4:	d5033f9f 	dsb	sy
    31a8:	d65f03c0 	ret

00000000000031ac <disable_mmu_icache_el3>:
    31ac:	d28200a1 	mov	x1, #0x1005                	// #4101
    31b0:	17fffff9 	b	3194 <do_disable_mmu_el3>

00000000000031b4 <aem_generic_reset_func>:
    31b4:	aa1e03ef 	mov	x15, x30
    31b8:	d5380000 	mrs	x0, midr_el1
    31bc:	d3505c0e 	ubfx	x14, x0, #16, #8
    31c0:	b3400c0e 	bfxil	x14, x0, #0, #4
    31c4:	d5033fdf 	isb
    31c8:	d65f01e0 	ret	x15

00000000000031cc <cortex_a55_reset_func>:
    31cc:	aa1e03ef 	mov	x15, x30
    31d0:	d5380000 	mrs	x0, midr_el1
    31d4:	d3505c0e 	ubfx	x14, x0, #16, #8
    31d8:	b3400c0e 	bfxil	x14, x0, #0, #4
    31dc:	d5033fdf 	isb
    31e0:	d65f01e0 	ret	x15

00000000000031e4 <check_erratum_cortex_a55_768277>:
    31e4:	f100001f 	cmp	x0, #0x0
    31e8:	9a9f87e0 	cset	x0, ls	// ls = plast
    31ec:	d65f03c0 	ret

00000000000031f0 <check_erratum_cortex_a55_778703>:
    31f0:	aa1e03f0 	mov	x16, x30
    31f4:	f100001f 	cmp	x0, #0x0
    31f8:	9a9f87e0 	cset	x0, ls	// ls = plast
    31fc:	d5390021 	mrs	x1, clidr_el1
    3200:	927a0821 	and	x1, x1, #0x1c0
    3204:	f100003f 	cmp	x1, #0x0
    3208:	d2800002 	mov	x2, #0x0                   	// #0
    320c:	9a820000 	csel	x0, x0, x2, eq	// eq = none
    3210:	d65f0200 	ret	x16

0000000000003214 <check_erratum_cortex_a55_798797>:
    3214:	f100001f 	cmp	x0, #0x0
    3218:	9a9f87e0 	cset	x0, ls	// ls = plast
    321c:	d65f03c0 	ret

0000000000003220 <check_erratum_cortex_a55_798953>:
    3220:	d2800022 	mov	x2, #0x1                   	// #1
    3224:	d2800003 	mov	x3, #0x0                   	// #0
    3228:	d538f321 	mrs	x1, s3_0_c15_c3_1
    322c:	d3401c20 	ubfx	x0, x1, #0, #8
    3230:	d2800001 	mov	x1, #0x0                   	// #0
    3234:	eb01001f 	cmp	x0, x1
    3238:	9a830040 	csel	x0, x2, x3, eq	// eq = none
    323c:	d65f03c0 	ret

0000000000003240 <check_erratum_cortex_a55_846532>:
    3240:	f100041f 	cmp	x0, #0x1
    3244:	9a9f87e0 	cset	x0, ls	// ls = plast
    3248:	d65f03c0 	ret

000000000000324c <check_erratum_cortex_a55_903758>:
    324c:	f100041f 	cmp	x0, #0x1
    3250:	9a9f87e0 	cset	x0, ls	// ls = plast
    3254:	d65f03c0 	ret

0000000000003258 <check_erratum_cortex_a55_936184>:
    3258:	d2800000 	mov	x0, #0x0                   	// #0
    325c:	d538f301 	mrs	x1, s3_0_c15_c3_0
    3260:	d34b2c21 	ubfx	x1, x1, #11, #1
    3264:	b40000c1 	cbz	x1, 327c <check_erratum_cortex_a55_936184+0x24>
    3268:	d538f321 	mrs	x1, s3_0_c15_c3_1
    326c:	d3401c22 	ubfx	x2, x1, #0, #8
    3270:	f100805f 	cmp	x2, #0x20
    3274:	54000042 	b.cs	327c <check_erratum_cortex_a55_936184+0x24>  // b.hs, b.nlast
    3278:	d2800020 	mov	x0, #0x1                   	// #1
    327c:	d65f03c0 	ret

0000000000003280 <check_erratum_cortex_a55_1221012>:
    3280:	f100401f 	cmp	x0, #0x10
    3284:	9a9f87e0 	cset	x0, ls	// ls = plast
    3288:	d65f03c0 	ret

000000000000328c <check_erratum_cortex_a55_1530923>:
    328c:	d2800040 	mov	x0, #0x2                   	// #2
    3290:	d65f03c0 	ret

0000000000003294 <cortex_a65_reset_func>:
    3294:	aa1e03ef 	mov	x15, x30
    3298:	d5380000 	mrs	x0, midr_el1
    329c:	d3505c0e 	ubfx	x14, x0, #16, #8
    32a0:	b3400c0e 	bfxil	x14, x0, #0, #4
    32a4:	d5033fdf 	isb
    32a8:	d65f01e0 	ret	x15

00000000000032ac <check_erratum_cortex_a65_936184>:
    32ac:	d2800000 	mov	x0, #0x0                   	// #0
    32b0:	d538f301 	mrs	x1, s3_0_c15_c3_0
    32b4:	d34b2c21 	ubfx	x1, x1, #11, #1
    32b8:	b40000c1 	cbz	x1, 32d0 <check_erratum_cortex_a65_936184+0x24>
    32bc:	d538f321 	mrs	x1, s3_0_c15_c3_1
    32c0:	d3401c22 	ubfx	x2, x1, #0, #8
    32c4:	f100805f 	cmp	x2, #0x20
    32c8:	54000042 	b.cs	32d0 <check_erratum_cortex_a65_936184+0x24>  // b.hs, b.nlast
    32cc:	d2800020 	mov	x0, #0x1                   	// #1
    32d0:	d65f03c0 	ret

00000000000032d4 <cortex_a75_reset_func>:
    32d4:	aa1e03ef 	mov	x15, x30
    32d8:	d5380000 	mrs	x0, midr_el1
    32dc:	d3505c0e 	ubfx	x14, x0, #16, #8
    32e0:	b3400c0e 	bfxil	x14, x0, #0, #4
    32e4:	aa0e03e0 	mov	x0, x14
    32e8:	94000037 	bl	33c4 <check_erratum_cortex_a75_5715>
    32ec:	aa0e03e7 	mov	x7, x14
    32f0:	b4000020 	cbz	x0, 32f4 <erratum_cortex_a75_5715_skip_reset>

00000000000032f4 <erratum_cortex_a75_5715_skip_reset>:
    32f4:	aa0e03e0 	mov	x0, x14
    32f8:	9400003b 	bl	33e4 <check_erratum_cortex_a75_3639>
    32fc:	aa0e03e7 	mov	x7, x14
    3300:	b4000080 	cbz	x0, 3310 <erratum_cortex_a75_3639_skip_reset>
    3304:	d538f101 	mrs	x1, s3_0_c15_c1_0
    3308:	b25d0021 	orr	x1, x1, #0x800000000
    330c:	d518f101 	msr	s3_0_c15_c1_0, x1

0000000000003310 <erratum_cortex_a75_3639_skip_reset>:
    3310:	aa0e03e0 	mov	x0, x14
    3314:	94000036 	bl	33ec <check_erratum_cortex_a75_23960>
    3318:	aa0e03e7 	mov	x7, x14
    331c:	b4000020 	cbz	x0, 3320 <erratum_cortex_a75_23960_skip_reset>

0000000000003320 <erratum_cortex_a75_23960_skip_reset>:
    3320:	d53e1021 	mrs	x1, actlr_el3
    3324:	b27c0021 	orr	x1, x1, #0x10
    3328:	d51e1021 	msr	actlr_el3, x1
    332c:	d5033fdf 	isb
    3330:	d53c1021 	mrs	x1, actlr_el2
    3334:	b27c0021 	orr	x1, x1, #0x10
    3338:	d51c1021 	msr	actlr_el2, x1
    333c:	d5033fdf 	isb
    3340:	d28000e0 	mov	x0, #0x7                   	// #7
    3344:	d51bf9c0 	msr	s3_3_c15_c9_6, x0
    3348:	d5033fdf 	isb
    334c:	d2800000 	mov	x0, #0x0                   	// #0
    3350:	d51bf9c0 	msr	s3_3_c15_c9_6, x0
    3354:	d5033fdf 	isb
    3358:	d65f01e0 	ret	x15

000000000000335c <check_erratum_cortex_a75_3>:
    335c:	d2800020 	mov	x0, #0x1                   	// #1
    3360:	d65f03c0 	ret

0000000000003364 <check_erratum_cortex_a75_764081>:
    3364:	f100001f 	cmp	x0, #0x0
    3368:	9a9f87e0 	cset	x0, ls	// ls = plast
    336c:	d65f03c0 	ret

0000000000003370 <check_erratum_cortex_a75_790748>:
    3370:	f100001f 	cmp	x0, #0x0
    3374:	9a9f87e0 	cset	x0, ls	// ls = plast
    3378:	d65f03c0 	ret

000000000000337c <check_erratum_cortex_a75_798953>:
    337c:	d2800022 	mov	x2, #0x1                   	// #1
    3380:	d2800003 	mov	x3, #0x0                   	// #0
    3384:	d538f321 	mrs	x1, s3_0_c15_c3_1
    3388:	d3401c20 	ubfx	x0, x1, #0, #8
    338c:	d2800001 	mov	x1, #0x0                   	// #0
    3390:	eb01001f 	cmp	x0, x1
    3394:	9a830040 	csel	x0, x2, x3, eq	// eq = none
    3398:	d65f03c0 	ret

000000000000339c <check_erratum_cortex_a75_936184>:
    339c:	d2800000 	mov	x0, #0x0                   	// #0
    33a0:	d538f301 	mrs	x1, s3_0_c15_c3_0
    33a4:	d34b2c21 	ubfx	x1, x1, #11, #1
    33a8:	b40000c1 	cbz	x1, 33c0 <check_erratum_cortex_a75_936184+0x24>
    33ac:	d538f321 	mrs	x1, s3_0_c15_c3_1
    33b0:	d3401c22 	ubfx	x2, x1, #0, #8
    33b4:	f100805f 	cmp	x2, #0x20
    33b8:	54000042 	b.cs	33c0 <check_erratum_cortex_a75_936184+0x24>  // b.hs, b.nlast
    33bc:	d2800020 	mov	x0, #0x1                   	// #1
    33c0:	d65f03c0 	ret

00000000000033c4 <check_erratum_cortex_a75_5715>:
    33c4:	d5380400 	mrs	x0, id_aa64pfr0_el1
    33c8:	d378ec00 	ubfx	x0, x0, #56, #4
    33cc:	f100001f 	cmp	x0, #0x0
    33d0:	54000061 	b.ne	33dc <check_erratum_cortex_a75_5715+0x18>  // b.any
    33d4:	d2800020 	mov	x0, #0x1                   	// #1
    33d8:	d65f03c0 	ret
    33dc:	d2800000 	mov	x0, #0x0                   	// #0
    33e0:	d65f03c0 	ret

00000000000033e4 <check_erratum_cortex_a75_3639>:
    33e4:	d2800020 	mov	x0, #0x1                   	// #1
    33e8:	d65f03c0 	ret

00000000000033ec <check_erratum_cortex_a75_23960>:
    33ec:	d5380400 	mrs	x0, id_aa64pfr0_el1
    33f0:	d378ec00 	ubfx	x0, x0, #56, #4
    33f4:	f100001f 	cmp	x0, #0x0
    33f8:	54000061 	b.ne	3404 <check_erratum_cortex_a75_23960+0x18>  // b.any
    33fc:	d2800020 	mov	x0, #0x1                   	// #1
    3400:	d65f03c0 	ret
    3404:	d2800020 	mov	x0, #0x1                   	// #1
    3408:	d65f03c0 	ret
    340c:	d2800040 	mov	x0, #0x2                   	// #2
    3410:	d65f03c0 	ret

0000000000003414 <cortex_x4_reset_func>:
    3414:	aa1e03ef 	mov	x15, x30
    3418:	d5380000 	mrs	x0, midr_el1
    341c:	d3505c0e 	ubfx	x14, x0, #16, #8
    3420:	b3400c0e 	bfxil	x14, x0, #0, #4
    3424:	aa0e03e0 	mov	x0, x14
    3428:	9400002f 	bl	34e4 <check_erratum_cortex_x4_23960>
    342c:	aa0e03e7 	mov	x7, x14
    3430:	b4000020 	cbz	x0, 3434 <erratum_cortex_x4_23960_skip_reset>

0000000000003434 <erratum_cortex_x4_23960_skip_reset>:
    3434:	aa0e03e0 	mov	x0, x14
    3438:	9400002d 	bl	34ec <check_erratum_cortex_x4_5660>
    343c:	aa0e03e7 	mov	x7, x14
    3440:	b4000080 	cbz	x0, 3450 <erratum_cortex_x4_5660_skip_reset>
    3444:	d538f181 	mrs	x1, s3_0_c15_c1_4
    3448:	b2520021 	orr	x1, x1, #0x400000000000
    344c:	d518f181 	msr	s3_0_c15_c1_4, x1

0000000000003450 <erratum_cortex_x4_5660_skip_reset>:
    3450:	aa0e03e0 	mov	x0, x14
    3454:	94000029 	bl	34f8 <check_erratum_cortex_x4_7881>
    3458:	aa0e03e7 	mov	x7, x14
    345c:	b4000080 	cbz	x0, 346c <erratum_cortex_x4_7881_skip_reset>
    3460:	d538f821 	mrs	x1, s3_0_c15_c8_1
    3464:	b2570021 	orr	x1, x1, #0x20000000000
    3468:	d518f821 	msr	s3_0_c15_c8_1, x1

000000000000346c <erratum_cortex_x4_7881_skip_reset>:
    346c:	d51b42df 	msr	ssbs, xzr
    3470:	d5033fdf 	isb
    3474:	d65f01e0 	ret	x15

0000000000003478 <check_erratum_cortex_x4_2726228>:
    3478:	f100041f 	cmp	x0, #0x1
    347c:	9a9f87e0 	cset	x0, ls	// ls = plast
    3480:	d65f03c0 	ret

0000000000003484 <check_erratum_cortex_x4_2740089>:
    3484:	f100041f 	cmp	x0, #0x1
    3488:	9a9f87e0 	cset	x0, ls	// ls = plast
    348c:	d65f03c0 	ret

0000000000003490 <check_erratum_cortex_x4_2763018>:
    3490:	f100041f 	cmp	x0, #0x1
    3494:	9a9f87e0 	cset	x0, ls	// ls = plast
    3498:	d65f03c0 	ret

000000000000349c <check_erratum_cortex_x4_2816013>:
    349c:	f100041f 	cmp	x0, #0x1
    34a0:	9a9f87e0 	cset	x0, ls	// ls = plast
    34a4:	d65f03c0 	ret

00000000000034a8 <check_erratum_cortex_x4_2897503>:
    34a8:	f100041f 	cmp	x0, #0x1
    34ac:	9a9f87e0 	cset	x0, ls	// ls = plast
    34b0:	d65f03c0 	ret

00000000000034b4 <check_erratum_cortex_x4_2923985>:
    34b4:	f100041f 	cmp	x0, #0x1
    34b8:	9a9f87e0 	cset	x0, ls	// ls = plast
    34bc:	d65f03c0 	ret

00000000000034c0 <check_erratum_cortex_x4_2957258>:
    34c0:	f100041f 	cmp	x0, #0x1
    34c4:	9a9f87e0 	cset	x0, ls	// ls = plast
    34c8:	d65f03c0 	ret

00000000000034cc <check_erratum_cortex_x4_3076789>:
    34cc:	f100041f 	cmp	x0, #0x1
    34d0:	9a9f87e0 	cset	x0, ls	// ls = plast
    34d4:	d65f03c0 	ret

00000000000034d8 <check_erratum_cortex_x4_3701758>:
    34d8:	f1000c1f 	cmp	x0, #0x3
    34dc:	9a9f87e0 	cset	x0, ls	// ls = plast
    34e0:	d65f03c0 	ret

00000000000034e4 <check_erratum_cortex_x4_23960>:
    34e4:	d2800020 	mov	x0, #0x1                   	// #1
    34e8:	d65f03c0 	ret

00000000000034ec <check_erratum_cortex_x4_5660>:
    34ec:	f100081f 	cmp	x0, #0x2
    34f0:	9a9f87e0 	cset	x0, ls	// ls = plast
    34f4:	d65f03c0 	ret

00000000000034f8 <check_erratum_cortex_x4_7881>:
    34f8:	d2800020 	mov	x0, #0x1                   	// #1
    34fc:	d65f03c0 	ret

0000000000003500 <get_cpu_ops_ptr>:
    3500:	d29a9202 	mov	x2, #0xd490                	// #54416
    3504:	f2a821e2 	movk	x2, #0x410f, lsl #16
    3508:	d29ffe03 	mov	x3, #0xfff0                	// #65520
    350c:	f2bfe003 	movk	x3, #0xff00, lsl #16
    3510:	0a030042 	and	w2, w2, w3
    3514:	90000025 	adrp	x5, 7000 <neoverse_v1_errata_list_end+0x6a8>
    3518:	911420a5 	add	x5, x5, #0x508
    351c:	d2800000 	mov	x0, #0x0                   	// #0
    3520:	90000024 	adrp	x4, 7000 <neoverse_v1_errata_list_end+0x6a8>
    3524:	910e8084 	add	x4, x4, #0x3a0
    3528:	eb05009f 	cmp	x4, x5
    352c:	540000e0 	b.eq	3548 <search_def_ptr>  // b.none
    3530:	f8428481 	ldr	x1, [x4], #40
    3534:	0a030021 	and	w1, w1, w3
    3538:	6b02003f 	cmp	w1, w2
    353c:	54ffff61 	b.ne	3528 <get_cpu_ops_ptr+0x28>  // b.any
    3540:	d100a080 	sub	x0, x4, #0x28
    3544:	d65f03c0 	ret

0000000000003548 <search_def_ptr>:
    3548:	d65f03c0 	ret

000000000000354c <neoverse_n1_reset_func>:
    354c:	aa1e03ef 	mov	x15, x30
    3550:	d5380000 	mrs	x0, midr_el1
    3554:	d3505c0e 	ubfx	x14, x0, #16, #8
    3558:	b3400c0e 	bfxil	x14, x0, #0, #4
    355c:	aa0e03e0 	mov	x0, x14
    3560:	94000053 	bl	36ac <check_erratum_neoverse_n1_23960>
    3564:	aa0e03e7 	mov	x7, x14
    3568:	b4000020 	cbz	x0, 356c <erratum_neoverse_n1_23960_skip_reset>

000000000000356c <erratum_neoverse_n1_23960_skip_reset>:
    356c:	94000052 	bl	36b4 <neoverse_n1_disable_speculative_loads>
    3570:	d538f121 	mrs	x1, s3_0_c15_c1_1
    3574:	b27e0021 	orr	x1, x1, #0x4
    3578:	d518f121 	msr	s3_0_c15_c1_1, x1
    357c:	d5033fdf 	isb
    3580:	d53e1021 	mrs	x1, actlr_el3
    3584:	b27c0021 	orr	x1, x1, #0x10
    3588:	d51e1021 	msr	actlr_el3, x1
    358c:	d53c1021 	mrs	x1, actlr_el2
    3590:	b27c0021 	orr	x1, x1, #0x10
    3594:	d51c1021 	msr	actlr_el2, x1
    3598:	d28003e0 	mov	x0, #0x1f                  	// #31
    359c:	d51bf9c0 	msr	s3_3_c15_c9_6, x0
    35a0:	d5033fdf 	isb
    35a4:	d65f01e0 	ret	x15

00000000000035a8 <check_erratum_neoverse_n1_936184>:
    35a8:	d538f000 	mrs	x0, s3_0_c15_c0_0
    35ac:	d3420800 	ubfx	x0, x0, #2, #1
    35b0:	d2400000 	eor	x0, x0, #0x1
    35b4:	eb1f001f 	cmp	x0, xzr
    35b8:	d2800000 	mov	x0, #0x0                   	// #0
    35bc:	54000140 	b.eq	35e4 <check_erratum_neoverse_n1_936184+0x3c>  // b.none
    35c0:	d2800000 	mov	x0, #0x0                   	// #0
    35c4:	d538f301 	mrs	x1, s3_0_c15_c3_0
    35c8:	d34b2c21 	ubfx	x1, x1, #11, #1
    35cc:	b40000c1 	cbz	x1, 35e4 <check_erratum_neoverse_n1_936184+0x3c>
    35d0:	d538f321 	mrs	x1, s3_0_c15_c3_1
    35d4:	d3401c22 	ubfx	x2, x1, #0, #8
    35d8:	f100805f 	cmp	x2, #0x20
    35dc:	54000042 	b.cs	35e4 <check_erratum_neoverse_n1_936184+0x3c>  // b.hs, b.nlast
    35e0:	d2800020 	mov	x0, #0x1                   	// #1
    35e4:	d65f03c0 	ret

00000000000035e8 <check_erratum_neoverse_n1_1043202>:
    35e8:	f100401f 	cmp	x0, #0x10
    35ec:	9a9f87e0 	cset	x0, ls	// ls = plast
    35f0:	d65f03c0 	ret

00000000000035f4 <check_erratum_neoverse_n1_1073348>:
    35f4:	f100401f 	cmp	x0, #0x10
    35f8:	9a9f87e0 	cset	x0, ls	// ls = plast
    35fc:	d65f03c0 	ret

0000000000003600 <check_erratum_neoverse_n1_1130799>:
    3600:	f100801f 	cmp	x0, #0x20
    3604:	9a9f87e0 	cset	x0, ls	// ls = plast
    3608:	d65f03c0 	ret

000000000000360c <check_erratum_neoverse_n1_1165347>:
    360c:	f100801f 	cmp	x0, #0x20
    3610:	9a9f87e0 	cset	x0, ls	// ls = plast
    3614:	d65f03c0 	ret

0000000000003618 <check_erratum_neoverse_n1_1207823>:
    3618:	f100801f 	cmp	x0, #0x20
    361c:	9a9f87e0 	cset	x0, ls	// ls = plast
    3620:	d65f03c0 	ret

0000000000003624 <check_erratum_neoverse_n1_1220197>:
    3624:	f100801f 	cmp	x0, #0x20
    3628:	9a9f87e0 	cset	x0, ls	// ls = plast
    362c:	d65f03c0 	ret

0000000000003630 <check_erratum_neoverse_n1_1257314>:
    3630:	f100c01f 	cmp	x0, #0x30
    3634:	9a9f87e0 	cset	x0, ls	// ls = plast
    3638:	d65f03c0 	ret

000000000000363c <check_erratum_neoverse_n1_1262606>:
    363c:	f100c01f 	cmp	x0, #0x30
    3640:	9a9f87e0 	cset	x0, ls	// ls = plast
    3644:	d65f03c0 	ret

0000000000003648 <check_erratum_neoverse_n1_1262888>:
    3648:	f100c01f 	cmp	x0, #0x30
    364c:	9a9f87e0 	cset	x0, ls	// ls = plast
    3650:	d65f03c0 	ret

0000000000003654 <check_erratum_neoverse_n1_1275112>:
    3654:	f100c01f 	cmp	x0, #0x30
    3658:	9a9f87e0 	cset	x0, ls	// ls = plast
    365c:	d65f03c0 	ret

0000000000003660 <check_erratum_neoverse_n1_1315703>:
    3660:	f100c01f 	cmp	x0, #0x30
    3664:	9a9f87e0 	cset	x0, ls	// ls = plast
    3668:	d65f03c0 	ret

000000000000366c <check_erratum_neoverse_n1_1542419>:
    366c:	f100c01f 	cmp	x0, #0x30
    3670:	d2800801 	mov	x1, #0x40                  	// #64
    3674:	fa412002 	ccmp	x0, x1, #0x2, cs	// cs = hs, nlast
    3678:	9a9f87e0 	cset	x0, ls	// ls = plast
    367c:	d65f03c0 	ret

0000000000003680 <check_erratum_neoverse_n1_1868343>:
    3680:	f101001f 	cmp	x0, #0x40
    3684:	9a9f87e0 	cset	x0, ls	// ls = plast
    3688:	d65f03c0 	ret

000000000000368c <check_erratum_neoverse_n1_1946160>:
    368c:	f100c01f 	cmp	x0, #0x30
    3690:	d2800821 	mov	x1, #0x41                  	// #65
    3694:	fa412002 	ccmp	x0, x1, #0x2, cs	// cs = hs, nlast
    3698:	9a9f87e0 	cset	x0, ls	// ls = plast
    369c:	d65f03c0 	ret

00000000000036a0 <check_erratum_neoverse_n1_2743102>:
    36a0:	f101041f 	cmp	x0, #0x41
    36a4:	9a9f87e0 	cset	x0, ls	// ls = plast
    36a8:	d65f03c0 	ret

00000000000036ac <check_erratum_neoverse_n1_23960>:
    36ac:	d2800020 	mov	x0, #0x1                   	// #1
    36b0:	d65f03c0 	ret

00000000000036b4 <neoverse_n1_disable_speculative_loads>:
    36b4:	d5380420 	mrs	x0, id_aa64pfr1_el1
    36b8:	f27c0c1f 	tst	x0, #0xf0
    36bc:	54000040 	b.eq	36c4 <neoverse_n1_disable_speculative_loads+0x10>  // b.none
    36c0:	d51b42df 	msr	ssbs, xzr
    36c4:	d65f03c0 	ret

00000000000036c8 <neoverse_n1_errata_ic_trap_handler>:
    36c8:	f1007c3f 	cmp	x1, #0x1f
    36cc:	540001a1 	b.ne	3700 <neoverse_n1_errata_ic_trap_handler+0x38>  // b.any
    36d0:	d50e833f 	tlbi	vae3is, xzr
    36d4:	d5033f9f 	dsb	sy
    36d8:	d53e4023 	mrs	x3, elr_el3
    36dc:	91001063 	add	x3, x3, #0x4
    36e0:	d51e4023 	msr	elr_el3, x3
    36e4:	a94007e0 	ldp	x0, x1, [sp]
    36e8:	a9410fe2 	ldp	x2, x3, [sp, #16]
    36ec:	a94217e4 	ldp	x4, x5, [sp, #32]
    36f0:	f9407bfe 	ldr	x30, [sp, #240]
    36f4:	d69f03e0 	eret
    36f8:	d503379f 	dsb	nsh
    36fc:	d5033fdf 	isb
    3700:	d65f03c0 	ret

0000000000003704 <neoverse_n2_reset_func>:
    3704:	aa1e03ef 	mov	x15, x30
    3708:	d5380000 	mrs	x0, midr_el1
    370c:	d3505c0e 	ubfx	x14, x0, #16, #8
    3710:	b3400c0e 	bfxil	x14, x0, #0, #4
    3714:	aa0e03e0 	mov	x0, x14
    3718:	94000061 	bl	389c <check_erratum_neoverse_n2_23960>
    371c:	aa0e03e7 	mov	x7, x14
    3720:	b4000020 	cbz	x0, 3724 <erratum_neoverse_n2_23960_skip_reset>

0000000000003724 <erratum_neoverse_n2_23960_skip_reset>:
    3724:	aa0e03e0 	mov	x0, x14
    3728:	9400005f 	bl	38a4 <check_erratum_neoverse_n2_5660>
    372c:	aa0e03e7 	mov	x7, x14
    3730:	b4000080 	cbz	x0, 3740 <erratum_neoverse_n2_5660_skip_reset>
    3734:	d538f181 	mrs	x1, s3_0_c15_c1_4
    3738:	b2520021 	orr	x1, x1, #0x400000000000
    373c:	d518f181 	msr	s3_0_c15_c1_4, x1

0000000000003740 <erratum_neoverse_n2_5660_skip_reset>:
    3740:	d5380420 	mrs	x0, id_aa64pfr1_el1
    3744:	f27c0c1f 	tst	x0, #0xf0
    3748:	54000040 	b.eq	3750 <erratum_neoverse_n2_5660_skip_reset+0x10>  // b.none
    374c:	d51b42df 	msr	ssbs, xzr
    3750:	d538f121 	mrs	x1, s3_0_c15_c1_1
    3754:	b27e0021 	orr	x1, x1, #0x4
    3758:	d518f121 	msr	s3_0_c15_c1_1, x1
    375c:	d53e1141 	mrs	x1, cptr_el3
    3760:	9261f821 	and	x1, x1, #0xffffffffbfffffff
    3764:	d51e1141 	msr	cptr_el3, x1
    3768:	d53c1141 	mrs	x1, cptr_el2
    376c:	9261f821 	and	x1, x1, #0xffffffffbfffffff
    3770:	d51c1141 	msr	cptr_el2, x1
    3774:	d5033fdf 	isb
    3778:	d65f01e0 	ret	x15

000000000000377c <check_erratum_neoverse_n2_2002655>:
    377c:	f100001f 	cmp	x0, #0x0
    3780:	9a9f87e0 	cset	x0, ls	// ls = plast
    3784:	d65f03c0 	ret

0000000000003788 <check_erratum_neoverse_n2_2009478>:
    3788:	f100001f 	cmp	x0, #0x0
    378c:	9a9f87e0 	cset	x0, ls	// ls = plast
    3790:	d65f03c0 	ret

0000000000003794 <check_erratum_neoverse_n2_2025414>:
    3794:	f100001f 	cmp	x0, #0x0
    3798:	9a9f87e0 	cset	x0, ls	// ls = plast
    379c:	d65f03c0 	ret

00000000000037a0 <check_erratum_neoverse_n2_2067956>:
    37a0:	f100001f 	cmp	x0, #0x0
    37a4:	9a9f87e0 	cset	x0, ls	// ls = plast
    37a8:	d65f03c0 	ret

00000000000037ac <check_erratum_neoverse_n2_2138956>:
    37ac:	f100001f 	cmp	x0, #0x0
    37b0:	9a9f87e0 	cset	x0, ls	// ls = plast
    37b4:	d65f03c0 	ret

00000000000037b8 <check_erratum_neoverse_n2_2138958>:
    37b8:	f100001f 	cmp	x0, #0x0
    37bc:	9a9f87e0 	cset	x0, ls	// ls = plast
    37c0:	d65f03c0 	ret

00000000000037c4 <check_erratum_neoverse_n2_2189731>:
    37c4:	f100001f 	cmp	x0, #0x0
    37c8:	9a9f87e0 	cset	x0, ls	// ls = plast
    37cc:	d65f03c0 	ret

00000000000037d0 <check_erratum_neoverse_n2_2242400>:
    37d0:	f100001f 	cmp	x0, #0x0
    37d4:	9a9f87e0 	cset	x0, ls	// ls = plast
    37d8:	d65f03c0 	ret

00000000000037dc <check_erratum_neoverse_n2_2242415>:
    37dc:	f100001f 	cmp	x0, #0x0
    37e0:	9a9f87e0 	cset	x0, ls	// ls = plast
    37e4:	d65f03c0 	ret

00000000000037e8 <check_erratum_neoverse_n2_2280757>:
    37e8:	f100001f 	cmp	x0, #0x0
    37ec:	9a9f87e0 	cset	x0, ls	// ls = plast
    37f0:	d65f03c0 	ret

00000000000037f4 <check_erratum_neoverse_n2_2313941>:
    37f4:	d538f000 	mrs	x0, s3_0_c15_c0_0
    37f8:	d3420800 	ubfx	x0, x0, #2, #1
    37fc:	d2400000 	eor	x0, x0, #0x1
    3800:	eb1f001f 	cmp	x0, xzr
    3804:	d2800000 	mov	x0, #0x0                   	// #0
    3808:	54000120 	b.eq	382c <check_erratum_neoverse_n2_2313941+0x38>  // b.none
    380c:	d2800022 	mov	x2, #0x1                   	// #1
    3810:	d2800003 	mov	x3, #0x0                   	// #0
    3814:	d538f321 	mrs	x1, s3_0_c15_c3_1
    3818:	d2800000 	mov	x0, #0x0                   	// #0
    381c:	d3401c20 	ubfx	x0, x1, #0, #8
    3820:	d2800621 	mov	x1, #0x31                  	// #49
    3824:	eb01001f 	cmp	x0, x1
    3828:	9a839040 	csel	x0, x2, x3, ls	// ls = plast
    382c:	d65f03c0 	ret

0000000000003830 <check_erratum_neoverse_n2_2326639>:
    3830:	f100001f 	cmp	x0, #0x0
    3834:	9a9f87e0 	cset	x0, ls	// ls = plast
    3838:	d65f03c0 	ret

000000000000383c <check_erratum_neoverse_n2_2340933>:
    383c:	f100001f 	cmp	x0, #0x0
    3840:	9a9f87e0 	cset	x0, ls	// ls = plast
    3844:	d65f03c0 	ret

0000000000003848 <check_erratum_neoverse_n2_2346952>:
    3848:	f100081f 	cmp	x0, #0x2
    384c:	9a9f87e0 	cset	x0, ls	// ls = plast
    3850:	d65f03c0 	ret

0000000000003854 <check_erratum_neoverse_n2_2376738>:
    3854:	f1000c1f 	cmp	x0, #0x3
    3858:	9a9f87e0 	cset	x0, ls	// ls = plast
    385c:	d65f03c0 	ret

0000000000003860 <check_erratum_neoverse_n2_2388450>:
    3860:	f100001f 	cmp	x0, #0x0
    3864:	9a9f87e0 	cset	x0, ls	// ls = plast
    3868:	d65f03c0 	ret

000000000000386c <check_erratum_neoverse_n2_2743014>:
    386c:	f100081f 	cmp	x0, #0x2
    3870:	9a9f87e0 	cset	x0, ls	// ls = plast
    3874:	d65f03c0 	ret

0000000000003878 <check_erratum_neoverse_n2_2743089>:
    3878:	f100081f 	cmp	x0, #0x2
    387c:	9a9f87e0 	cset	x0, ls	// ls = plast
    3880:	d65f03c0 	ret

0000000000003884 <check_erratum_neoverse_n2_2779511>:
    3884:	f100081f 	cmp	x0, #0x2
    3888:	9a9f87e0 	cset	x0, ls	// ls = plast
    388c:	d65f03c0 	ret

0000000000003890 <check_erratum_neoverse_n2_3701773>:
    3890:	f1000c1f 	cmp	x0, #0x3
    3894:	9a9f87e0 	cset	x0, ls	// ls = plast
    3898:	d65f03c0 	ret

000000000000389c <check_erratum_neoverse_n2_23960>:
    389c:	d2800020 	mov	x0, #0x1                   	// #1
    38a0:	d65f03c0 	ret

00000000000038a4 <check_erratum_neoverse_n2_5660>:
    38a4:	f1000c1f 	cmp	x0, #0x3
    38a8:	9a9f87e0 	cset	x0, ls	// ls = plast
    38ac:	d65f03c0 	ret

00000000000038b0 <neoverse_v1_reset_func>:
    38b0:	aa1e03ef 	mov	x15, x30
    38b4:	d5380000 	mrs	x0, midr_el1
    38b8:	d3505c0e 	ubfx	x14, x0, #16, #8
    38bc:	b3400c0e 	bfxil	x14, x0, #0, #4
    38c0:	aa0e03e0 	mov	x0, x14
    38c4:	94000040 	bl	39c4 <check_erratum_neoverse_v1_23960>
    38c8:	aa0e03e7 	mov	x7, x14
    38cc:	b4000020 	cbz	x0, 38d0 <erratum_neoverse_v1_23960_skip_reset>

00000000000038d0 <erratum_neoverse_v1_23960_skip_reset>:
    38d0:	aa0e03e0 	mov	x0, x14
    38d4:	9400003e 	bl	39cc <check_erratum_neoverse_v1_5660>
    38d8:	aa0e03e7 	mov	x7, x14
    38dc:	b4000080 	cbz	x0, 38ec <erratum_neoverse_v1_5660_skip_reset>
    38e0:	d538f181 	mrs	x1, s3_0_c15_c1_4
    38e4:	b2520021 	orr	x1, x1, #0x400000000000
    38e8:	d518f181 	msr	s3_0_c15_c1_4, x1

00000000000038ec <erratum_neoverse_v1_5660_skip_reset>:
    38ec:	d51b42df 	msr	ssbs, xzr
    38f0:	d5033fdf 	isb
    38f4:	d65f01e0 	ret	x15

00000000000038f8 <check_erratum_neoverse_v1_1618635>:
    38f8:	f100001f 	cmp	x0, #0x0
    38fc:	9a9f87e0 	cset	x0, ls	// ls = plast
    3900:	d65f03c0 	ret

0000000000003904 <check_erratum_neoverse_v1_1774420>:
    3904:	f100401f 	cmp	x0, #0x10
    3908:	9a9f87e0 	cset	x0, ls	// ls = plast
    390c:	d65f03c0 	ret

0000000000003910 <check_erratum_neoverse_v1_1791573>:
    3910:	f100401f 	cmp	x0, #0x10
    3914:	9a9f87e0 	cset	x0, ls	// ls = plast
    3918:	d65f03c0 	ret

000000000000391c <check_erratum_neoverse_v1_1852267>:
    391c:	f100401f 	cmp	x0, #0x10
    3920:	9a9f87e0 	cset	x0, ls	// ls = plast
    3924:	d65f03c0 	ret

0000000000003928 <check_erratum_neoverse_v1_1925756>:
    3928:	f100441f 	cmp	x0, #0x11
    392c:	9a9f87e0 	cset	x0, ls	// ls = plast
    3930:	d65f03c0 	ret

0000000000003934 <check_erratum_neoverse_v1_1940577>:
    3934:	f100401f 	cmp	x0, #0x10
    3938:	d2800221 	mov	x1, #0x11                  	// #17
    393c:	fa412002 	ccmp	x0, x1, #0x2, cs	// cs = hs, nlast
    3940:	9a9f87e0 	cset	x0, ls	// ls = plast
    3944:	d65f03c0 	ret

0000000000003948 <check_erratum_neoverse_v1_1966096>:
    3948:	f100401f 	cmp	x0, #0x10
    394c:	d2800221 	mov	x1, #0x11                  	// #17
    3950:	fa412002 	ccmp	x0, x1, #0x2, cs	// cs = hs, nlast
    3954:	9a9f87e0 	cset	x0, ls	// ls = plast
    3958:	d65f03c0 	ret

000000000000395c <check_erratum_neoverse_v1_2139242>:
    395c:	f100441f 	cmp	x0, #0x11
    3960:	9a9f87e0 	cset	x0, ls	// ls = plast
    3964:	d65f03c0 	ret

0000000000003968 <check_erratum_neoverse_v1_2216392>:
    3968:	f100401f 	cmp	x0, #0x10
    396c:	d2800221 	mov	x1, #0x11                  	// #17
    3970:	fa412002 	ccmp	x0, x1, #0x2, cs	// cs = hs, nlast
    3974:	9a9f87e0 	cset	x0, ls	// ls = plast
    3978:	d65f03c0 	ret

000000000000397c <check_erratum_neoverse_v1_2294912>:
    397c:	f100481f 	cmp	x0, #0x12
    3980:	9a9f87e0 	cset	x0, ls	// ls = plast
    3984:	d65f03c0 	ret

0000000000003988 <check_erratum_neoverse_v1_2348377>:
    3988:	f100441f 	cmp	x0, #0x11
    398c:	9a9f87e0 	cset	x0, ls	// ls = plast
    3990:	d65f03c0 	ret

0000000000003994 <check_erratum_neoverse_v1_2372203>:
    3994:	f100441f 	cmp	x0, #0x11
    3998:	9a9f87e0 	cset	x0, ls	// ls = plast
    399c:	d65f03c0 	ret

00000000000039a0 <check_erratum_neoverse_v1_2743093>:
    39a0:	f100481f 	cmp	x0, #0x12
    39a4:	9a9f87e0 	cset	x0, ls	// ls = plast
    39a8:	d65f03c0 	ret

00000000000039ac <check_erratum_neoverse_v1_2743233>:
    39ac:	f100481f 	cmp	x0, #0x12
    39b0:	9a9f87e0 	cset	x0, ls	// ls = plast
    39b4:	d65f03c0 	ret

00000000000039b8 <check_erratum_neoverse_v1_2779461>:
    39b8:	f100481f 	cmp	x0, #0x12
    39bc:	9a9f87e0 	cset	x0, ls	// ls = plast
    39c0:	d65f03c0 	ret

00000000000039c4 <check_erratum_neoverse_v1_23960>:
    39c4:	d2800020 	mov	x0, #0x1                   	// #1
    39c8:	d65f03c0 	ret

00000000000039cc <check_erratum_neoverse_v1_5660>:
    39cc:	f100481f 	cmp	x0, #0x12
    39d0:	9a9f87e0 	cset	x0, ls	// ls = plast
    39d4:	d65f03c0 	ret

00000000000039d8 <prepare_el3_entry>:
    39d8:	d503223f 	psb	csync
    39dc:	d503225f 	tsb	csync
    39e0:	d5033fdf 	isb
    39e4:	a90007e0 	stp	x0, x1, [sp]
    39e8:	a9010fe2 	stp	x2, x3, [sp, #16]
    39ec:	a90217e4 	stp	x4, x5, [sp, #32]
    39f0:	a9031fe6 	stp	x6, x7, [sp, #48]
    39f4:	a90427e8 	stp	x8, x9, [sp, #64]
    39f8:	a9052fea 	stp	x10, x11, [sp, #80]
    39fc:	a90637ec 	stp	x12, x13, [sp, #96]
    3a00:	a9073fee 	stp	x14, x15, [sp, #112]
    3a04:	a90847f0 	stp	x16, x17, [sp, #128]
    3a08:	a9094ff2 	stp	x18, x19, [sp, #144]
    3a0c:	a90a57f4 	stp	x20, x21, [sp, #160]
    3a10:	a90b5ff6 	stp	x22, x23, [sp, #176]
    3a14:	a90c67f8 	stp	x24, x25, [sp, #192]
    3a18:	a90d6ffa 	stp	x26, x27, [sp, #208]
    3a1c:	a90e77fc 	stp	x28, x29, [sp, #224]
    3a20:	d5384112 	mrs	x18, sp_el0
    3a24:	f9007ff2 	str	x18, [sp, #248]
    3a28:	d53b9c09 	mrs	x9, pmcr_el0
    3a2c:	f90093e9 	str	x9, [sp, #288]
    3a30:	d50344ff 	msr	daifclr, #0x4
    3a34:	d53e132f 	mrs	x15, mdcr_el3
    3a38:	b27001ef 	orr	x15, x15, #0x10000
    3a3c:	d51e132f 	msr	mdcr_el3, x15
    3a40:	d53e110f 	mrs	x15, scr_el3
    3a44:	b27d01ef 	orr	x15, x15, #0x8
    3a48:	b27701ef 	orr	x15, x15, #0x200
    3a4c:	d51e110f 	msr	scr_el3, x15
    3a50:	d53b9c0f 	mrs	x15, pmcr_el0
    3a54:	b27b01ef 	orr	x15, x15, #0x20
    3a58:	d51b9c0f 	msr	pmcr_el0, x15
    3a5c:	d53e114f 	mrs	x15, cptr_el3
    3a60:	b27801ef 	orr	x15, x15, #0x100
    3a64:	b27401ef 	orr	x15, x15, #0x1000
    3a68:	9275f9ef 	and	x15, x15, #0xfffffffffffffbff
    3a6c:	d51e114f 	msr	cptr_el3, x15
    3a70:	d5033fdf 	isb
    3a74:	d65f03c0 	ret

0000000000003a78 <restore_gp_pmcr_pauth_regs>:
    3a78:	f94093e0 	ldr	x0, [sp, #288]
    3a7c:	d51b9c00 	msr	pmcr_el0, x0
    3a80:	a94007e0 	ldp	x0, x1, [sp]
    3a84:	a9410fe2 	ldp	x2, x3, [sp, #16]
    3a88:	a94217e4 	ldp	x4, x5, [sp, #32]
    3a8c:	a9431fe6 	ldp	x6, x7, [sp, #48]
    3a90:	a94427e8 	ldp	x8, x9, [sp, #64]
    3a94:	a9452fea 	ldp	x10, x11, [sp, #80]
    3a98:	a94637ec 	ldp	x12, x13, [sp, #96]
    3a9c:	a9473fee 	ldp	x14, x15, [sp, #112]
    3aa0:	a94847f0 	ldp	x16, x17, [sp, #128]
    3aa4:	a9494ff2 	ldp	x18, x19, [sp, #144]
    3aa8:	a94a57f4 	ldp	x20, x21, [sp, #160]
    3aac:	a94b5ff6 	ldp	x22, x23, [sp, #176]
    3ab0:	a94c67f8 	ldp	x24, x25, [sp, #192]
    3ab4:	a94d6ffa 	ldp	x26, x27, [sp, #208]
    3ab8:	f9407ffc 	ldr	x28, [sp, #248]
    3abc:	d518411c 	msr	sp_el0, x28
    3ac0:	a94e77fc 	ldp	x28, x29, [sp, #224]
    3ac4:	d65f03c0 	ret

0000000000003ac8 <el3_exit>:
    3ac8:	910003f1 	mov	x17, sp
    3acc:	d50041bf 	msr	spsel, #0x1
    3ad0:	f90087f1 	str	x17, [sp, #264]
    3ad4:	f94083ea 	ldr	x10, [sp, #256]
    3ad8:	d37ef949 	ubfx	x9, x10, #62, #1
    3adc:	f100053f 	cmp	x9, #0x1
    3ae0:	54000060 	b.eq	3aec <realm_state>  // b.none
    3ae4:	b3400149 	bfxil	x9, x10, #0, #1
    3ae8:	14000002 	b	3af0 <end>

0000000000003aec <realm_state>:
    3aec:	d2800049 	mov	x9, #0x2                   	// #2

0000000000003af0 <end>:
    3af0:	d280020a 	mov	x10, #0x10                  	// #16
    3af4:	9b0a7d29 	mul	x9, x9, x10
    3af8:	b042018a 	adrp	x10, 84034000 <ops>
    3afc:	9104014a 	add	x10, x10, #0x100
    3b00:	8b0a0129 	add	x9, x9, x10
    3b04:	aa0903e9 	mov	x9, x9
    3b08:	a9405133 	ldp	x19, x20, [x9]
    3b0c:	d51e1153 	msr	cptr_el3, x19
    3b10:	a95147f0 	ldp	x16, x17, [sp, #272]
    3b14:	f94083f2 	ldr	x18, [sp, #256]
    3b18:	f9409bf3 	ldr	x19, [sp, #304]
    3b1c:	d51e4010 	msr	spsr_el3, x16
    3b20:	d51e4031 	msr	elr_el3, x17
    3b24:	d51e1112 	msr	scr_el3, x18
    3b28:	d51e1333 	msr	mdcr_el3, x19
    3b2c:	97ffffd3 	bl	3a78 <restore_gp_pmcr_pauth_regs>
    3b30:	f9407bfe 	ldr	x30, [sp, #240]
    3b34:	d28079b4 	mov	x20, #0x3cd                 	// #973
    3b38:	d51e4014 	msr	spsr_el3, x20
    3b3c:	d51c4014 	msr	spsr_el2, x20
    3b40:	d5184014 	msr	spsr_el1, x20
    3b44:	d53e1014 	mrs	x20, sctlr_el3
    3b48:	d2800035 	mov	x21, #0x1                   	// #1
    3b4c:	8a350294 	bic	x20, x20, x21
    3b50:	d51e1014 	msr	sctlr_el3, x20
    3b54:	d5033f9f 	dsb	sy
    3b58:	d5033fdf 	isb
    3b5c:	d69f03e0 	eret
    3b60:	d503379f 	dsb	nsh
    3b64:	d5033fdf 	isb

0000000000003b68 <write_par_el1>:
    3b68:	d5380642 	mrs	x2, id_aa64isar2_el1
    3b6c:	f2600c42 	ands	x2, x2, #0xf00000000
    3b70:	54000061 	b.ne	3b7c <write_par_el1+0x14>  // b.any
    3b74:	d5187400 	msr	par_el1, x0
    3b78:	d65f03c0 	ret
    3b7c:	d5587400 	msrr	par_el1, x0, x1
    3b80:	d65f03c0 	ret

0000000000003b84 <write_ttbr0_el1>:
    3b84:	d5380642 	mrs	x2, id_aa64isar2_el1
    3b88:	f2600c42 	ands	x2, x2, #0xf00000000
    3b8c:	54000061 	b.ne	3b98 <write_ttbr0_el1+0x14>  // b.any
    3b90:	d5182000 	msr	ttbr0_el1, x0
    3b94:	d65f03c0 	ret
    3b98:	d5582000 	msrr	ttbr0_el1, x0, x1
    3b9c:	d65f03c0 	ret

0000000000003ba0 <write_ttbr1_el1>:
    3ba0:	d5380642 	mrs	x2, id_aa64isar2_el1
    3ba4:	f2600c42 	ands	x2, x2, #0xf00000000
    3ba8:	54000061 	b.ne	3bb4 <write_ttbr1_el1+0x14>  // b.any
    3bac:	d5182020 	msr	ttbr1_el1, x0
    3bb0:	d65f03c0 	ret
    3bb4:	d5582020 	msrr	ttbr1_el1, x0, x1
    3bb8:	d65f03c0 	ret

0000000000003bbc <write_rcwmask_el1>:
    3bbc:	d5380642 	mrs	x2, id_aa64isar2_el1
    3bc0:	f2600c42 	ands	x2, x2, #0xf00000000
    3bc4:	54000061 	b.ne	3bd0 <write_rcwmask_el1+0x14>  // b.any
    3bc8:	d518d0c0 	msr	rcwmask_el1, x0
    3bcc:	d65f03c0 	ret
    3bd0:	d558d0c0 	msrr	rcwmask_el1, x0, x1
    3bd4:	d65f03c0 	ret

0000000000003bd8 <write_rcwsmask_el1>:
    3bd8:	d5380642 	mrs	x2, id_aa64isar2_el1
    3bdc:	f2600c42 	ands	x2, x2, #0xf00000000
    3be0:	54000061 	b.ne	3bec <write_rcwsmask_el1+0x14>  // b.any
    3be4:	d518d060 	msr	rcwsmask_el1, x0
    3be8:	d65f03c0 	ret
    3bec:	d558d060 	msrr	rcwsmask_el1, x0, x1
    3bf0:	d65f03c0 	ret

0000000000003bf4 <semihosting_call>:
    3bf4:	d45e0000 	hlt	#0xf000
    3bf8:	d65f03c0 	ret

0000000000003bfc <enable_mmu_direct_el3>:
    3bfc:	d50e871f 	tlbi	alle3
    3c00:	d53ef807 	mrs	x7, s3_6_c15_c8_0
    3c04:	b24000e7 	orr	x7, x7, #0x1
    3c08:	d51ef807 	msr	s3_6_c15_c8_0, x7
    3c0c:	d5033b9f 	dsb	ish
    3c10:	d5033fdf 	isb
    3c14:	aa0003e7 	mov	x7, x0
    3c18:	b0420180 	adrp	x0, 84034000 <ops>
    3c1c:	91134000 	add	x0, x0, #0x4d0
    3c20:	f9400001 	ldr	x1, [x0]
    3c24:	d51ea201 	msr	mair_el3, x1
    3c28:	f9400402 	ldr	x2, [x0, #8]
    3c2c:	d51e2042 	msr	tcr_el3, x2
    3c30:	f9400803 	ldr	x3, [x0, #16]
    3c34:	d51e2003 	msr	ttbr0_el3, x3
    3c38:	d5033b9f 	dsb	ish
    3c3c:	d5033fdf 	isb
    3c40:	d53e1004 	mrs	x4, sctlr_el3
    3c44:	d28000a5 	mov	x5, #0x5                   	// #5
    3c48:	aa050084 	orr	x4, x4, x5
    3c4c:	927df885 	and	x5, x4, #0xfffffffffffffffb
    3c50:	f24000ff 	tst	x7, #0x1
    3c54:	9a8410a4 	csel	x4, x5, x4, ne	// ne = any
    3c58:	d51e1004 	msr	sctlr_el3, x4
    3c5c:	d5033f9f 	dsb	sy
    3c60:	d5033fdf 	isb
    3c64:	d65f03c0 	ret

0000000000003c68 <plat_report_exception>:
    3c68:	d65f03c0 	ret

0000000000003c6c <plat_crash_console_init>:
    3c6c:	d2820000 	mov	x0, #0x1000                	// #4096
    3c70:	f2a18000 	movk	x0, #0xc00, lsl #16
    3c74:	d286c001 	mov	x1, #0x3600                	// #13824
    3c78:	f2a02dc1 	movk	x1, #0x16e, lsl #16
    3c7c:	d2984002 	mov	x2, #0xc200                	// #49664
    3c80:	f2a00022 	movk	x2, #0x1, lsl #16
    3c84:	17fffcca 	b	2fac <console_pl011_core_init>

0000000000003c88 <plat_crash_console_putc>:
    3c88:	d2820001 	mov	x1, #0x1000                	// #4096
    3c8c:	f2a18001 	movk	x1, #0xc00, lsl #16
    3c90:	17fffcdd 	b	3004 <console_pl011_core_putc>

0000000000003c94 <plat_crash_console_flush>:
    3c94:	d2820000 	mov	x0, #0x1000                	// #4096
    3c98:	f2a18000 	movk	x0, #0xc00, lsl #16
    3c9c:	17fffce4 	b	302c <console_pl011_core_flush>

0000000000003ca0 <platform_mem_init>:
    3ca0:	d65f03c0 	ret

0000000000003ca4 <plat_reset_handler>:
    3ca4:	d538f2e0 	mrs	x0, s3_0_c15_c2_7
    3ca8:	927ff800 	and	x0, x0, #0xfffffffffffffffe
    3cac:	d518f2e0 	msr	s3_0_c15_c2_7, x0
    3cb0:	d5033fdf 	isb
    3cb4:	d65f03c0 	ret

0000000000003cb8 <plat_panic_handler>:
    3cb8:	d503207f 	wfi
    3cbc:	17ffffff 	b	3cb8 <plat_panic_handler>

0000000000003cc0 <plat_set_my_stack>:
    3cc0:	90420180 	adrp	x0, 84033000 <RAM_REGION_START>
    3cc4:	91280000 	add	x0, x0, #0xa00
    3cc8:	9100001f 	mov	sp, x0
    3ccc:	d65f03c0 	ret

0000000000003cd0 <fdt32_ld>:
    3cd0:	39400001 	ldrb	w1, [x0]
    3cd4:	39400402 	ldrb	w2, [x0, #1]
    3cd8:	aa022022 	orr	x2, x1, x2, lsl #8
    3cdc:	39400801 	ldrb	w1, [x0, #2]
    3ce0:	39400c00 	ldrb	w0, [x0, #3]
    3ce4:	aa014041 	orr	x1, x2, x1, lsl #16
    3ce8:	aa006020 	orr	x0, x1, x0, lsl #24
    3cec:	5ac00800 	rev	w0, w0
    3cf0:	d65f03c0 	ret

0000000000003cf4 <fdt_ro_probe_>:
    3cf4:	a9bf7bfd 	stp	x29, x30, [sp, #-16]!
    3cf8:	aa0003e4 	mov	x4, x0
    3cfc:	91001000 	add	x0, x0, #0x4
    3d00:	910003fd 	mov	x29, sp
    3d04:	97fffff3 	bl	3cd0 <fdt32_ld>
    3d08:	f240089f 	tst	x4, #0x7
    3d0c:	540003e1 	b.ne	3d88 <fdt_ro_probe_+0x94>  // b.any
    3d10:	2a0003e3 	mov	w3, w0
    3d14:	aa0403e0 	mov	x0, x4
    3d18:	97ffffee 	bl	3cd0 <fdt32_ld>
    3d1c:	529fdda1 	mov	w1, #0xfeed                	// #65261
    3d20:	72ba01a1 	movk	w1, #0xd00d, lsl #16
    3d24:	6b01001f 	cmp	w0, w1
    3d28:	54000161 	b.ne	3d54 <fdt_ro_probe_+0x60>  // b.any
    3d2c:	91005080 	add	x0, x4, #0x14
    3d30:	97ffffe8 	bl	3cd0 <fdt32_ld>
    3d34:	7100041f 	cmp	w0, #0x1
    3d38:	540000a9 	b.ls	3d4c <fdt_ro_probe_+0x58>  // b.plast
    3d3c:	91006080 	add	x0, x4, #0x18
    3d40:	97ffffe4 	bl	3cd0 <fdt32_ld>
    3d44:	7100441f 	cmp	w0, #0x11
    3d48:	54000149 	b.ls	3d70 <fdt_ro_probe_+0x7c>  // b.plast
    3d4c:	12800120 	mov	w0, #0xfffffff6            	// #-10
    3d50:	1400000c 	b	3d80 <fdt_ro_probe_+0x8c>
    3d54:	52802241 	mov	w1, #0x112                 	// #274
    3d58:	72a5fe41 	movk	w1, #0x2ff2, lsl #16
    3d5c:	6b01001f 	cmp	w0, w1
    3d60:	54000181 	b.ne	3d90 <fdt_ro_probe_+0x9c>  // b.any
    3d64:	91009080 	add	x0, x4, #0x24
    3d68:	97ffffda 	bl	3cd0 <fdt32_ld>
    3d6c:	34000160 	cbz	w0, 3d98 <fdt_ro_probe_+0xa4>
    3d70:	321f77e0 	mov	w0, #0x7ffffffe            	// #2147483646
    3d74:	6b00007f 	cmp	w3, w0
    3d78:	128000e0 	mov	w0, #0xfffffff8            	// #-8
    3d7c:	1a809060 	csel	w0, w3, w0, ls	// ls = plast
    3d80:	a8c17bfd 	ldp	x29, x30, [sp], #16
    3d84:	d65f03c0 	ret
    3d88:	12800240 	mov	w0, #0xffffffed            	// #-19
    3d8c:	17fffffd 	b	3d80 <fdt_ro_probe_+0x8c>
    3d90:	12800100 	mov	w0, #0xfffffff7            	// #-9
    3d94:	17fffffb 	b	3d80 <fdt_ro_probe_+0x8c>
    3d98:	128000c0 	mov	w0, #0xfffffff9            	// #-7
    3d9c:	17fffff9 	b	3d80 <fdt_ro_probe_+0x8c>

0000000000003da0 <fdt_offset_ptr>:
    3da0:	a9bf7bfd 	stp	x29, x30, [sp, #-16]!
    3da4:	93407c24 	sxtw	x4, w1
    3da8:	aa0003e3 	mov	x3, x0
    3dac:	910003fd 	mov	x29, sp
    3db0:	2a0203e6 	mov	w6, w2
    3db4:	91002000 	add	x0, x0, #0x8
    3db8:	97ffffc6 	bl	3cd0 <fdt32_ld>
    3dbc:	2a0003e5 	mov	w5, w0
    3dc0:	2b040000 	adds	w0, w0, w4
    3dc4:	1a9f37e1 	cset	w1, cs	// cs = hs, nlast
    3dc8:	37f80104 	tbnz	w4, #31, 3de8 <fdt_offset_ptr+0x48>
    3dcc:	350000e1 	cbnz	w1, 3de8 <fdt_offset_ptr+0x48>
    3dd0:	2b060007 	adds	w7, w0, w6
    3dd4:	540000a2 	b.cs	3de8 <fdt_offset_ptr+0x48>  // b.hs, b.nlast
    3dd8:	91001060 	add	x0, x3, #0x4
    3ddc:	97ffffbd 	bl	3cd0 <fdt32_ld>
    3de0:	6b0000ff 	cmp	w7, w0
    3de4:	54000069 	b.ls	3df0 <fdt_offset_ptr+0x50>  // b.plast
    3de8:	d2800000 	mov	x0, #0x0                   	// #0
    3dec:	1400000d 	b	3e20 <fdt_offset_ptr+0x80>
    3df0:	91005060 	add	x0, x3, #0x14
    3df4:	97ffffb7 	bl	3cd0 <fdt32_ld>
    3df8:	7100401f 	cmp	w0, #0x10
    3dfc:	540000e9 	b.ls	3e18 <fdt_offset_ptr+0x78>  // b.plast
    3e00:	2b060086 	adds	w6, w4, w6
    3e04:	54ffff22 	b.cs	3de8 <fdt_offset_ptr+0x48>  // b.hs, b.nlast
    3e08:	91009060 	add	x0, x3, #0x24
    3e0c:	97ffffb1 	bl	3cd0 <fdt32_ld>
    3e10:	6b0000df 	cmp	w6, w0
    3e14:	54fffea8 	b.hi	3de8 <fdt_offset_ptr+0x48>  // b.pmore
    3e18:	8b254085 	add	x5, x4, w5, uxtw
    3e1c:	8b050060 	add	x0, x3, x5
    3e20:	a8c17bfd 	ldp	x29, x30, [sp], #16
    3e24:	d65f03c0 	ret

0000000000003e28 <fdt_next_tag>:
    3e28:	a9bf7bfd 	stp	x29, x30, [sp, #-16]!
    3e2c:	aa0203ea 	mov	x10, x2
    3e30:	128000e2 	mov	w2, #0xfffffff8            	// #-8
    3e34:	910003fd 	mov	x29, sp
    3e38:	b9000142 	str	w2, [x10]
    3e3c:	aa0003e9 	mov	x9, x0
    3e40:	2a0103eb 	mov	w11, w1
    3e44:	52800082 	mov	w2, #0x4                   	// #4
    3e48:	97ffffd6 	bl	3da0 <fdt_offset_ptr>
    3e4c:	b4000220 	cbz	x0, 3e90 <fdt_next_tag+0x68>
    3e50:	b9400000 	ldr	w0, [x0]
    3e54:	12800141 	mov	w1, #0xfffffff5            	// #-11
    3e58:	b9000141 	str	w1, [x10]
    3e5c:	11001168 	add	w8, w11, #0x4
    3e60:	5ac0080c 	rev	w12, w0
    3e64:	52a06001 	mov	w1, #0x3000000             	// #50331648
    3e68:	6b01001f 	cmp	w0, w1
    3e6c:	54000460 	b.eq	3ef8 <fdt_next_tag+0xd0>  // b.none
    3e70:	71000d9f 	cmp	w12, #0x3
    3e74:	54000168 	b.hi	3ea0 <fdt_next_tag+0x78>  // b.pmore
    3e78:	52a02001 	mov	w1, #0x1000000             	// #16777216
    3e7c:	6b01001f 	cmp	w0, w1
    3e80:	540001a0 	b.eq	3eb4 <fdt_next_tag+0x8c>  // b.none
    3e84:	52a04001 	mov	w1, #0x2000000             	// #33554432
    3e88:	6b01001f 	cmp	w0, w1
    3e8c:	54000240 	b.eq	3ed4 <fdt_next_tag+0xac>  // b.none
    3e90:	5280012c 	mov	w12, #0x9                   	// #9
    3e94:	2a0c03e0 	mov	w0, w12
    3e98:	a8c17bfd 	ldp	x29, x30, [sp], #16
    3e9c:	d65f03c0 	ret
    3ea0:	52a08001 	mov	w1, #0x4000000             	// #67108864
    3ea4:	6b01001f 	cmp	w0, w1
    3ea8:	54000160 	b.eq	3ed4 <fdt_next_tag+0xac>  // b.none
    3eac:	52a12001 	mov	w1, #0x9000000             	// #150994944
    3eb0:	17fffff6 	b	3e88 <fdt_next_tag+0x60>
    3eb4:	2a0803e1 	mov	w1, w8
    3eb8:	52800022 	mov	w2, #0x1                   	// #1
    3ebc:	aa0903e0 	mov	x0, x9
    3ec0:	0b020108 	add	w8, w8, w2
    3ec4:	97ffffb7 	bl	3da0 <fdt_offset_ptr>
    3ec8:	b4fffe40 	cbz	x0, 3e90 <fdt_next_tag+0x68>
    3ecc:	39400000 	ldrb	w0, [x0]
    3ed0:	35ffff20 	cbnz	w0, 3eb4 <fdt_next_tag+0x8c>
    3ed4:	4b0b0102 	sub	w2, w8, w11
    3ed8:	2a0b03e1 	mov	w1, w11
    3edc:	aa0903e0 	mov	x0, x9
    3ee0:	97ffffb0 	bl	3da0 <fdt_offset_ptr>
    3ee4:	b4fffd60 	cbz	x0, 3e90 <fdt_next_tag+0x68>
    3ee8:	11000d08 	add	w8, w8, #0x3
    3eec:	121e7508 	and	w8, w8, #0xfffffffc
    3ef0:	b9000148 	str	w8, [x10]
    3ef4:	17ffffe8 	b	3e94 <fdt_next_tag+0x6c>
    3ef8:	2a0803e1 	mov	w1, w8
    3efc:	aa0903e0 	mov	x0, x9
    3f00:	52800082 	mov	w2, #0x4                   	// #4
    3f04:	97ffffa7 	bl	3da0 <fdt_offset_ptr>
    3f08:	b4fffc40 	cbz	x0, 3e90 <fdt_next_tag+0x68>
    3f0c:	b9400003 	ldr	w3, [x0]
    3f10:	321f77e0 	mov	w0, #0x7ffffffe            	// #2147483646
    3f14:	5ac00863 	rev	w3, w3
    3f18:	2b080064 	adds	w4, w3, w8
    3f1c:	7a403082 	ccmp	w4, w0, #0x2, cc	// cc = lo, ul, last
    3f20:	54fffb88 	b.hi	3e90 <fdt_next_tag+0x68>  // b.pmore
    3f24:	11002088 	add	w8, w4, #0x8
    3f28:	91005120 	add	x0, x9, #0x14
    3f2c:	97ffff69 	bl	3cd0 <fdt32_ld>
    3f30:	71003c1f 	cmp	w0, #0xf
    3f34:	54fffd08 	b.hi	3ed4 <fdt_next_tag+0xac>  // b.pmore
    3f38:	71001c7f 	cmp	w3, #0x7
    3f3c:	54fffcc9 	b.ls	3ed4 <fdt_next_tag+0xac>  // b.plast
    3f40:	4b030103 	sub	w3, w8, w3
    3f44:	f240087f 	tst	x3, #0x7
    3f48:	54fffc60 	b.eq	3ed4 <fdt_next_tag+0xac>  // b.none
    3f4c:	11003088 	add	w8, w4, #0xc
    3f50:	17ffffe1 	b	3ed4 <fdt_next_tag+0xac>

0000000000003f54 <fdt_check_node_offset_>:
    3f54:	a9be7bfd 	stp	x29, x30, [sp, #-32]!
    3f58:	910003fd 	mov	x29, sp
    3f5c:	b9001fe1 	str	w1, [sp, #28]
    3f60:	36f80081 	tbz	w1, #31, 3f70 <fdt_check_node_offset_+0x1c>
    3f64:	12800060 	mov	w0, #0xfffffffc            	// #-4
    3f68:	a8c27bfd 	ldp	x29, x30, [sp], #32
    3f6c:	d65f03c0 	ret
    3f70:	2a0103e2 	mov	w2, w1
    3f74:	f240045f 	tst	x2, #0x3
    3f78:	54ffff61 	b.ne	3f64 <fdt_check_node_offset_+0x10>  // b.any
    3f7c:	910073e2 	add	x2, sp, #0x1c
    3f80:	97ffffaa 	bl	3e28 <fdt_next_tag>
    3f84:	7100041f 	cmp	w0, #0x1
    3f88:	54fffee1 	b.ne	3f64 <fdt_check_node_offset_+0x10>  // b.any
    3f8c:	b9401fe0 	ldr	w0, [sp, #28]
    3f90:	17fffff6 	b	3f68 <fdt_check_node_offset_+0x14>

0000000000003f94 <fdt_check_prop_offset_>:
    3f94:	a9be7bfd 	stp	x29, x30, [sp, #-32]!
    3f98:	910003fd 	mov	x29, sp
    3f9c:	b9001fe1 	str	w1, [sp, #28]
    3fa0:	36f80081 	tbz	w1, #31, 3fb0 <fdt_check_prop_offset_+0x1c>
    3fa4:	12800060 	mov	w0, #0xfffffffc            	// #-4
    3fa8:	a8c27bfd 	ldp	x29, x30, [sp], #32
    3fac:	d65f03c0 	ret
    3fb0:	2a0103e2 	mov	w2, w1
    3fb4:	f240045f 	tst	x2, #0x3
    3fb8:	54ffff61 	b.ne	3fa4 <fdt_check_prop_offset_+0x10>  // b.any
    3fbc:	910073e2 	add	x2, sp, #0x1c
    3fc0:	97ffff9a 	bl	3e28 <fdt_next_tag>
    3fc4:	71000c1f 	cmp	w0, #0x3
    3fc8:	54fffee1 	b.ne	3fa4 <fdt_check_prop_offset_+0x10>  // b.any
    3fcc:	b9401fe0 	ldr	w0, [sp, #28]
    3fd0:	17fffff6 	b	3fa8 <fdt_check_prop_offset_+0x14>

0000000000003fd4 <fdt_next_node>:
    3fd4:	a9be7bfd 	stp	x29, x30, [sp, #-32]!
    3fd8:	aa0003ef 	mov	x15, x0
    3fdc:	aa0203ee 	mov	x14, x2
    3fe0:	910003fd 	mov	x29, sp
    3fe4:	b9001fff 	str	wzr, [sp, #28]
    3fe8:	37f800a1 	tbnz	w1, #31, 3ffc <fdt_next_node+0x28>
    3fec:	97ffffda 	bl	3f54 <fdt_check_node_offset_>
    3ff0:	b9001fe0 	str	w0, [sp, #28]
    3ff4:	2a0003ed 	mov	w13, w0
    3ff8:	37f80200 	tbnz	w0, #31, 4038 <fdt_next_node+0x64>
    3ffc:	b9401fed 	ldr	w13, [sp, #28]
    4000:	910073e2 	add	x2, sp, #0x1c
    4004:	aa0f03e0 	mov	x0, x15
    4008:	2a0d03e1 	mov	w1, w13
    400c:	97ffff87 	bl	3e28 <fdt_next_tag>
    4010:	7100081f 	cmp	w0, #0x2
    4014:	54000180 	b.eq	4044 <fdt_next_node+0x70>  // b.none
    4018:	7100241f 	cmp	w0, #0x9
    401c:	54000220 	b.eq	4060 <fdt_next_node+0x8c>  // b.none
    4020:	7100041f 	cmp	w0, #0x1
    4024:	54fffec1 	b.ne	3ffc <fdt_next_node+0x28>  // b.any
    4028:	b400008e 	cbz	x14, 4038 <fdt_next_node+0x64>
    402c:	b94001c0 	ldr	w0, [x14]
    4030:	11000400 	add	w0, w0, #0x1
    4034:	b90001c0 	str	w0, [x14]
    4038:	2a0d03e0 	mov	w0, w13
    403c:	a8c27bfd 	ldp	x29, x30, [sp], #32
    4040:	d65f03c0 	ret
    4044:	b4fffdce 	cbz	x14, 3ffc <fdt_next_node+0x28>
    4048:	b94001c1 	ldr	w1, [x14]
    404c:	51000421 	sub	w1, w1, #0x1
    4050:	b90001c1 	str	w1, [x14]
    4054:	36fffd41 	tbz	w1, #31, 3ffc <fdt_next_node+0x28>
    4058:	b9401fed 	ldr	w13, [sp, #28]
    405c:	17fffff7 	b	4038 <fdt_next_node+0x64>
    4060:	b9401fed 	ldr	w13, [sp, #28]
    4064:	36f800cd 	tbz	w13, #31, 407c <fdt_next_node+0xa8>
    4068:	310021bf 	cmn	w13, #0x8
    406c:	54fffe61 	b.ne	4038 <fdt_next_node+0x64>  // b.any
    4070:	f10001df 	cmp	x14, #0x0
    4074:	5a9f11ad 	csinv	w13, w13, wzr, ne	// ne = any
    4078:	17fffff0 	b	4038 <fdt_next_node+0x64>
    407c:	1280000d 	mov	w13, #0xffffffff            	// #-1
    4080:	17ffffee 	b	4038 <fdt_next_node+0x64>

0000000000004084 <fdt_first_subnode>:
    4084:	a9be7bfd 	stp	x29, x30, [sp, #-32]!
    4088:	910003fd 	mov	x29, sp
    408c:	910073e2 	add	x2, sp, #0x1c
    4090:	b9001fff 	str	wzr, [sp, #28]
    4094:	97ffffd0 	bl	3fd4 <fdt_next_node>
    4098:	37f800c0 	tbnz	w0, #31, 40b0 <fdt_first_subnode+0x2c>
    409c:	b9401fe1 	ldr	w1, [sp, #28]
    40a0:	7100043f 	cmp	w1, #0x1
    40a4:	5a9f0000 	csinv	w0, w0, wzr, eq	// eq = none
    40a8:	a8c27bfd 	ldp	x29, x30, [sp], #32
    40ac:	d65f03c0 	ret
    40b0:	12800000 	mov	w0, #0xffffffff            	// #-1
    40b4:	17fffffd 	b	40a8 <fdt_first_subnode+0x24>

00000000000040b8 <fdt_next_subnode>:
    40b8:	a9be7bfd 	stp	x29, x30, [sp, #-32]!
    40bc:	aa0003f2 	mov	x18, x0
    40c0:	52800020 	mov	w0, #0x1                   	// #1
    40c4:	910003fd 	mov	x29, sp
    40c8:	b9001fe0 	str	w0, [sp, #28]
    40cc:	910073e2 	add	x2, sp, #0x1c
    40d0:	aa1203e0 	mov	x0, x18
    40d4:	97ffffc0 	bl	3fd4 <fdt_next_node>
    40d8:	2a0003e1 	mov	w1, w0
    40dc:	37f80120 	tbnz	w0, #31, 4100 <fdt_next_subnode+0x48>
    40e0:	b9401fe0 	ldr	w0, [sp, #28]
    40e4:	7100001f 	cmp	w0, #0x0
    40e8:	540000cd 	b.le	4100 <fdt_next_subnode+0x48>
    40ec:	7100041f 	cmp	w0, #0x1
    40f0:	54fffee1 	b.ne	40cc <fdt_next_subnode+0x14>  // b.any
    40f4:	2a0103e0 	mov	w0, w1
    40f8:	a8c27bfd 	ldp	x29, x30, [sp], #32
    40fc:	d65f03c0 	ret
    4100:	12800001 	mov	w1, #0xffffffff            	// #-1
    4104:	17fffffc 	b	40f4 <fdt_next_subnode+0x3c>

0000000000004108 <fdt32_ld>:
    4108:	39400001 	ldrb	w1, [x0]
    410c:	39400402 	ldrb	w2, [x0, #1]
    4110:	aa022022 	orr	x2, x1, x2, lsl #8
    4114:	39400801 	ldrb	w1, [x0, #2]
    4118:	39400c00 	ldrb	w0, [x0, #3]
    411c:	aa014041 	orr	x1, x2, x1, lsl #16
    4120:	aa006020 	orr	x0, x1, x0, lsl #24
    4124:	5ac00800 	rev	w0, w0
    4128:	d65f03c0 	ret

000000000000412c <nextprop_>:
    412c:	a9bd7bfd 	stp	x29, x30, [sp, #-48]!
    4130:	910003fd 	mov	x29, sp
    4134:	a90153f3 	stp	x19, x20, [sp, #16]
    4138:	aa0003f4 	mov	x20, x0
    413c:	2a0103f3 	mov	w19, w1
    4140:	9100b3e2 	add	x2, sp, #0x2c
    4144:	2a1303e1 	mov	w1, w19
    4148:	aa1403e0 	mov	x0, x20
    414c:	97ffff37 	bl	3e28 <fdt_next_tag>
    4150:	71000c1f 	cmp	w0, #0x3
    4154:	540000e0 	b.eq	4170 <nextprop_+0x44>  // b.none
    4158:	b9402ff3 	ldr	w19, [sp, #44]
    415c:	7100241f 	cmp	w0, #0x9
    4160:	54000101 	b.ne	4180 <nextprop_+0x54>  // b.any
    4164:	7100027f 	cmp	w19, #0x0
    4168:	12800140 	mov	w0, #0xfffffff5            	// #-11
    416c:	1a80b273 	csel	w19, w19, w0, lt	// lt = tstop
    4170:	2a1303e0 	mov	w0, w19
    4174:	a94153f3 	ldp	x19, x20, [sp, #16]
    4178:	a8c37bfd 	ldp	x29, x30, [sp], #48
    417c:	d65f03c0 	ret
    4180:	7100101f 	cmp	w0, #0x4
    4184:	54fffde0 	b.eq	4140 <nextprop_+0x14>  // b.none
    4188:	12800013 	mov	w19, #0xffffffff            	// #-1
    418c:	17fffff9 	b	4170 <nextprop_+0x44>

0000000000004190 <fdt32_ld_.isra.0>:
    4190:	5ac00800 	rev	w0, w0
    4194:	d65f03c0 	ret

0000000000004198 <fdt_get_property_by_offset_>:
    4198:	a9bd7bfd 	stp	x29, x30, [sp, #-48]!
    419c:	910003fd 	mov	x29, sp
    41a0:	a90153f3 	stp	x19, x20, [sp, #16]
    41a4:	aa0003f3 	mov	x19, x0
    41a8:	aa0203f4 	mov	x20, x2
    41ac:	f90013f5 	str	x21, [sp, #32]
    41b0:	93407c35 	sxtw	x21, w1
    41b4:	97ffff78 	bl	3f94 <fdt_check_prop_offset_>
    41b8:	36f80120 	tbz	w0, #31, 41dc <fdt_get_property_by_offset_+0x44>
    41bc:	b4000054 	cbz	x20, 41c4 <fdt_get_property_by_offset_+0x2c>
    41c0:	b9000280 	str	w0, [x20]
    41c4:	d2800013 	mov	x19, #0x0                   	// #0
    41c8:	f94013f5 	ldr	x21, [sp, #32]
    41cc:	aa1303e0 	mov	x0, x19
    41d0:	a94153f3 	ldp	x19, x20, [sp, #16]
    41d4:	a8c37bfd 	ldp	x29, x30, [sp], #48
    41d8:	d65f03c0 	ret
    41dc:	91002260 	add	x0, x19, #0x8
    41e0:	97ffffca 	bl	4108 <fdt32_ld>
    41e4:	8b2042a0 	add	x0, x21, w0, uxtw
    41e8:	8b000273 	add	x19, x19, x0
    41ec:	b4fffef4 	cbz	x20, 41c8 <fdt_get_property_by_offset_+0x30>
    41f0:	b9400660 	ldr	w0, [x19, #4]
    41f4:	97ffffe7 	bl	4190 <fdt32_ld_.isra.0>
    41f8:	b9000280 	str	w0, [x20]
    41fc:	17fffff3 	b	41c8 <fdt_get_property_by_offset_+0x30>

0000000000004200 <fdt_get_string>:
    4200:	a9bd7bfd 	stp	x29, x30, [sp, #-48]!
    4204:	910003fd 	mov	x29, sp
    4208:	a90153f3 	stp	x19, x20, [sp, #16]
    420c:	aa0003f3 	mov	x19, x0
    4210:	aa0203f4 	mov	x20, x2
    4214:	f90013f5 	str	x21, [sp, #32]
    4218:	2a0103f5 	mov	w21, w1
    421c:	97fffeb6 	bl	3cf4 <fdt_ro_probe_>
    4220:	2a0003e3 	mov	w3, w0
    4224:	37f806e0 	tbnz	w0, #31, 4300 <fdt_get_string+0x100>
    4228:	91003260 	add	x0, x19, #0xc
    422c:	97ffffb7 	bl	4108 <fdt32_ld>
    4230:	0b150004 	add	w4, w0, w21
    4234:	6b04007f 	cmp	w3, w4
    4238:	540006a9 	b.ls	430c <fdt_get_string+0x10c>  // b.plast
    423c:	aa1303e0 	mov	x0, x19
    4240:	97ffffb2 	bl	4108 <fdt32_ld>
    4244:	529fdda1 	mov	w1, #0xfeed                	// #65261
    4248:	4b040066 	sub	w6, w3, w4
    424c:	72ba01a1 	movk	w1, #0xd00d, lsl #16
    4250:	4b040063 	sub	w3, w3, w4
    4254:	6b01001f 	cmp	w0, w1
    4258:	54000361 	b.ne	42c4 <fdt_get_string+0xc4>  // b.any
    425c:	37f80595 	tbnz	w21, #31, 430c <fdt_get_string+0x10c>
    4260:	91005260 	add	x0, x19, #0x14
    4264:	97ffffa9 	bl	4108 <fdt32_ld>
    4268:	7100401f 	cmp	w0, #0x10
    426c:	54000109 	b.ls	428c <fdt_get_string+0x8c>  // b.plast
    4270:	91008260 	add	x0, x19, #0x20
    4274:	97ffffa5 	bl	4108 <fdt32_ld>
    4278:	6b0002bf 	cmp	w21, w0
    427c:	54000482 	b.cs	430c <fdt_get_string+0x10c>  // b.hs, b.nlast
    4280:	4b150003 	sub	w3, w0, w21
    4284:	6b06007f 	cmp	w3, w6
    4288:	1a869063 	csel	w3, w3, w6, ls	// ls = plast
    428c:	8b244273 	add	x19, x19, w4, uxtw
    4290:	aa0303e2 	mov	x2, x3
    4294:	aa1303e0 	mov	x0, x19
    4298:	52800001 	mov	w1, #0x0                   	// #0
    429c:	940000f8 	bl	467c <memchr>
    42a0:	b40003a0 	cbz	x0, 4314 <fdt_get_string+0x114>
    42a4:	b4000074 	cbz	x20, 42b0 <fdt_get_string+0xb0>
    42a8:	cb130000 	sub	x0, x0, x19
    42ac:	b9000280 	str	w0, [x20]
    42b0:	f94013f5 	ldr	x21, [sp, #32]
    42b4:	aa1303e0 	mov	x0, x19
    42b8:	a94153f3 	ldp	x19, x20, [sp, #16]
    42bc:	a8c37bfd 	ldp	x29, x30, [sp], #48
    42c0:	d65f03c0 	ret
    42c4:	52802241 	mov	w1, #0x112                 	// #274
    42c8:	72a5fe41 	movk	w1, #0x2ff2, lsl #16
    42cc:	6b01001f 	cmp	w0, w1
    42d0:	54000161 	b.ne	42fc <fdt_get_string+0xfc>  // b.any
    42d4:	4b1503e5 	neg	w5, w21
    42d8:	36f801b5 	tbz	w21, #31, 430c <fdt_get_string+0x10c>
    42dc:	91008260 	add	x0, x19, #0x20
    42e0:	97ffff8a 	bl	4108 <fdt32_ld>
    42e4:	6b05001f 	cmp	w0, w5
    42e8:	54000123 	b.cc	430c <fdt_get_string+0x10c>  // b.lo, b.ul, b.last
    42ec:	6b0500df 	cmp	w6, w5
    42f0:	54fffce9 	b.ls	428c <fdt_get_string+0x8c>  // b.plast
    42f4:	93407ca3 	sxtw	x3, w5
    42f8:	17ffffe5 	b	428c <fdt_get_string+0x8c>
    42fc:	12800183 	mov	w3, #0xfffffff3            	// #-13
    4300:	b50000f4 	cbnz	x20, 431c <fdt_get_string+0x11c>
    4304:	d2800013 	mov	x19, #0x0                   	// #0
    4308:	17ffffea 	b	42b0 <fdt_get_string+0xb0>
    430c:	12800063 	mov	w3, #0xfffffffc            	// #-4
    4310:	17fffffc 	b	4300 <fdt_get_string+0x100>
    4314:	128000e3 	mov	w3, #0xfffffff8            	// #-8
    4318:	17fffffa 	b	4300 <fdt_get_string+0x100>
    431c:	b9000283 	str	w3, [x20]
    4320:	17fffff9 	b	4304 <fdt_get_string+0x104>

0000000000004324 <fdt_first_property_offset>:
    4324:	a9be7bfd 	stp	x29, x30, [sp, #-32]!
    4328:	910003fd 	mov	x29, sp
    432c:	f9000bf3 	str	x19, [sp, #16]
    4330:	aa0003f3 	mov	x19, x0
    4334:	97ffff08 	bl	3f54 <fdt_check_node_offset_>
    4338:	37f800c0 	tbnz	w0, #31, 4350 <fdt_first_property_offset+0x2c>
    433c:	2a0003e1 	mov	w1, w0
    4340:	aa1303e0 	mov	x0, x19
    4344:	f9400bf3 	ldr	x19, [sp, #16]
    4348:	a8c27bfd 	ldp	x29, x30, [sp], #32
    434c:	17ffff78 	b	412c <nextprop_>
    4350:	f9400bf3 	ldr	x19, [sp, #16]
    4354:	a8c27bfd 	ldp	x29, x30, [sp], #32
    4358:	d65f03c0 	ret

000000000000435c <fdt_next_property_offset>:
    435c:	a9be7bfd 	stp	x29, x30, [sp, #-32]!
    4360:	910003fd 	mov	x29, sp
    4364:	f9000bf3 	str	x19, [sp, #16]
    4368:	aa0003f3 	mov	x19, x0
    436c:	97ffff0a 	bl	3f94 <fdt_check_prop_offset_>
    4370:	37f800c0 	tbnz	w0, #31, 4388 <fdt_next_property_offset+0x2c>
    4374:	2a0003e1 	mov	w1, w0
    4378:	aa1303e0 	mov	x0, x19
    437c:	f9400bf3 	ldr	x19, [sp, #16]
    4380:	a8c27bfd 	ldp	x29, x30, [sp], #32
    4384:	17ffff6a 	b	412c <nextprop_>
    4388:	f9400bf3 	ldr	x19, [sp, #16]
    438c:	a8c27bfd 	ldp	x29, x30, [sp], #32
    4390:	d65f03c0 	ret

0000000000004394 <fdt_get_property_namelen_>:
    4394:	a9ba7bfd 	stp	x29, x30, [sp, #-96]!
    4398:	910003fd 	mov	x29, sp
    439c:	a9046bf9 	stp	x25, x26, [sp, #64]
    43a0:	93407c7a 	sxtw	x26, w3
    43a4:	aa0203f9 	mov	x25, x2
    43a8:	a90153f3 	stp	x19, x20, [sp, #16]
    43ac:	a9025bf5 	stp	x21, x22, [sp, #32]
    43b0:	aa0003f6 	mov	x22, x0
    43b4:	aa0403f5 	mov	x21, x4
    43b8:	a90363f7 	stp	x23, x24, [sp, #48]
    43bc:	aa1a03f7 	mov	x23, x26
    43c0:	aa0503f8 	mov	x24, x5
    43c4:	97ffffd8 	bl	4324 <fdt_first_property_offset>
    43c8:	2a0003f3 	mov	w19, w0
    43cc:	36f80080 	tbz	w0, #31, 43dc <fdt_get_property_namelen_+0x48>
    43d0:	b50004f5 	cbnz	x21, 446c <fdt_get_property_namelen_+0xd8>
    43d4:	d2800014 	mov	x20, #0x0                   	// #0
    43d8:	14000016 	b	4430 <fdt_get_property_namelen_+0x9c>
    43dc:	aa1503e2 	mov	x2, x21
    43e0:	2a1303e1 	mov	w1, w19
    43e4:	aa1603e0 	mov	x0, x22
    43e8:	97ffff6c 	bl	4198 <fdt_get_property_by_offset_>
    43ec:	aa0003f4 	mov	x20, x0
    43f0:	b40003a0 	cbz	x0, 4464 <fdt_get_property_namelen_+0xd0>
    43f4:	b9400800 	ldr	w0, [x0, #8]
    43f8:	910173e2 	add	x2, sp, #0x5c
    43fc:	97ffff65 	bl	4190 <fdt32_ld_.isra.0>
    4400:	2a0003e1 	mov	w1, w0
    4404:	aa1603e0 	mov	x0, x22
    4408:	97ffff7e 	bl	4200 <fdt_get_string>
    440c:	b4000200 	cbz	x0, 444c <fdt_get_property_namelen_+0xb8>
    4410:	b9405fe1 	ldr	w1, [sp, #92]
    4414:	6b0102ff 	cmp	w23, w1
    4418:	540001a1 	b.ne	444c <fdt_get_property_namelen_+0xb8>  // b.any
    441c:	aa1a03e2 	mov	x2, x26
    4420:	aa1903e1 	mov	x1, x25
    4424:	940000a1 	bl	46a8 <memcmp>
    4428:	35000120 	cbnz	w0, 444c <fdt_get_property_namelen_+0xb8>
    442c:	b5000198 	cbnz	x24, 445c <fdt_get_property_namelen_+0xc8>
    4430:	a9425bf5 	ldp	x21, x22, [sp, #32]
    4434:	aa1403e0 	mov	x0, x20
    4438:	a94153f3 	ldp	x19, x20, [sp, #16]
    443c:	a94363f7 	ldp	x23, x24, [sp, #48]
    4440:	a9446bf9 	ldp	x25, x26, [sp, #64]
    4444:	a8c67bfd 	ldp	x29, x30, [sp], #96
    4448:	d65f03c0 	ret
    444c:	2a1303e1 	mov	w1, w19
    4450:	aa1603e0 	mov	x0, x22
    4454:	97ffffc2 	bl	435c <fdt_next_property_offset>
    4458:	17ffffdc 	b	43c8 <fdt_get_property_namelen_+0x34>
    445c:	b9000313 	str	w19, [x24]
    4460:	17fffff4 	b	4430 <fdt_get_property_namelen_+0x9c>
    4464:	12800193 	mov	w19, #0xfffffff3            	// #-13
    4468:	17ffffda 	b	43d0 <fdt_get_property_namelen_+0x3c>
    446c:	b90002b3 	str	w19, [x21]
    4470:	17ffffd9 	b	43d4 <fdt_get_property_namelen_+0x40>

0000000000004474 <fdt_getprop_namelen>:
    4474:	a9bd7bfd 	stp	x29, x30, [sp, #-48]!
    4478:	910003fd 	mov	x29, sp
    447c:	9100b3e5 	add	x5, sp, #0x2c
    4480:	f9000bf3 	str	x19, [sp, #16]
    4484:	aa0003f3 	mov	x19, x0
    4488:	97ffffc3 	bl	4394 <fdt_get_property_namelen_>
    448c:	aa0003e3 	mov	x3, x0
    4490:	b40001c0 	cbz	x0, 44c8 <fdt_getprop_namelen+0x54>
    4494:	91005260 	add	x0, x19, #0x14
    4498:	97ffff1c 	bl	4108 <fdt32_ld>
    449c:	71003c1f 	cmp	w0, #0xf
    44a0:	540001c8 	b.hi	44d8 <fdt_getprop_namelen+0x64>  // b.pmore
    44a4:	b9802fe0 	ldrsw	x0, [sp, #44]
    44a8:	91003000 	add	x0, x0, #0xc
    44ac:	f240081f 	tst	x0, #0x7
    44b0:	54000140 	b.eq	44d8 <fdt_getprop_namelen+0x64>  // b.none
    44b4:	b9400460 	ldr	w0, [x3, #4]
    44b8:	97ffff36 	bl	4190 <fdt32_ld_.isra.0>
    44bc:	71001c1f 	cmp	w0, #0x7
    44c0:	540000c9 	b.ls	44d8 <fdt_getprop_namelen+0x64>  // b.plast
    44c4:	91004063 	add	x3, x3, #0x10
    44c8:	f9400bf3 	ldr	x19, [sp, #16]
    44cc:	aa0303e0 	mov	x0, x3
    44d0:	a8c37bfd 	ldp	x29, x30, [sp], #48
    44d4:	d65f03c0 	ret
    44d8:	91003063 	add	x3, x3, #0xc
    44dc:	17fffffb 	b	44c8 <fdt_getprop_namelen+0x54>

00000000000044e0 <fdt_getprop>:
    44e0:	a9bd7bfd 	stp	x29, x30, [sp, #-48]!
    44e4:	910003fd 	mov	x29, sp
    44e8:	a90153f3 	stp	x19, x20, [sp, #16]
    44ec:	aa0003f4 	mov	x20, x0
    44f0:	aa0203f3 	mov	x19, x2
    44f4:	aa0203e0 	mov	x0, x2
    44f8:	a9025bf5 	stp	x21, x22, [sp, #32]
    44fc:	aa0303f6 	mov	x22, x3
    4500:	2a0103f5 	mov	w21, w1
    4504:	94000205 	bl	4d18 <strlen>
    4508:	aa1603e4 	mov	x4, x22
    450c:	2a0003e3 	mov	w3, w0
    4510:	aa1303e2 	mov	x2, x19
    4514:	2a1503e1 	mov	w1, w21
    4518:	a9425bf5 	ldp	x21, x22, [sp, #32]
    451c:	aa1403e0 	mov	x0, x20
    4520:	a94153f3 	ldp	x19, x20, [sp, #16]
    4524:	a8c37bfd 	ldp	x29, x30, [sp], #48
    4528:	17ffffd3 	b	4474 <fdt_getprop_namelen>

000000000000452c <fdt_stringlist_contains>:
    452c:	a9bc7bfd 	stp	x29, x30, [sp, #-64]!
    4530:	910003fd 	mov	x29, sp
    4534:	a90153f3 	stp	x19, x20, [sp, #16]
    4538:	2a0103f3 	mov	w19, w1
    453c:	a9025bf5 	stp	x21, x22, [sp, #32]
    4540:	aa0003f5 	mov	x21, x0
    4544:	aa0203e0 	mov	x0, x2
    4548:	f9001bf7 	str	x23, [sp, #48]
    454c:	aa0203f7 	mov	x23, x2
    4550:	940001f2 	bl	4d18 <strlen>
    4554:	11000414 	add	w20, w0, #0x1
    4558:	2a0003f6 	mov	w22, w0
    455c:	93407e94 	sxtw	x20, w20
    4560:	6b16027f 	cmp	w19, w22
    4564:	5400006a 	b.ge	4570 <fdt_stringlist_contains+0x44>  // b.tcont
    4568:	52800000 	mov	w0, #0x0                   	// #0
    456c:	14000011 	b	45b0 <fdt_stringlist_contains+0x84>
    4570:	aa1403e2 	mov	x2, x20
    4574:	aa1503e1 	mov	x1, x21
    4578:	aa1703e0 	mov	x0, x23
    457c:	9400004b 	bl	46a8 <memcmp>
    4580:	34000160 	cbz	w0, 45ac <fdt_stringlist_contains+0x80>
    4584:	93407e62 	sxtw	x2, w19
    4588:	aa1503e0 	mov	x0, x21
    458c:	52800001 	mov	w1, #0x0                   	// #0
    4590:	9400003b 	bl	467c <memchr>
    4594:	b4fffea0 	cbz	x0, 4568 <fdt_stringlist_contains+0x3c>
    4598:	cb150001 	sub	x1, x0, x21
    459c:	51000673 	sub	w19, w19, #0x1
    45a0:	4b010273 	sub	w19, w19, w1
    45a4:	91000415 	add	x21, x0, #0x1
    45a8:	17ffffee 	b	4560 <fdt_stringlist_contains+0x34>
    45ac:	52800020 	mov	w0, #0x1                   	// #1
    45b0:	a94153f3 	ldp	x19, x20, [sp, #16]
    45b4:	a9425bf5 	ldp	x21, x22, [sp, #32]
    45b8:	f9401bf7 	ldr	x23, [sp, #48]
    45bc:	a8c47bfd 	ldp	x29, x30, [sp], #64
    45c0:	d65f03c0 	ret

00000000000045c4 <fdt_node_check_compatible>:
    45c4:	a9bd7bfd 	stp	x29, x30, [sp, #-48]!
    45c8:	910003fd 	mov	x29, sp
    45cc:	9100b3e3 	add	x3, sp, #0x2c
    45d0:	f9000bf3 	str	x19, [sp, #16]
    45d4:	aa0203f3 	mov	x19, x2
    45d8:	f0000002 	adrp	x2, 7000 <neoverse_v1_errata_list_end+0x6a8>
    45dc:	9103a442 	add	x2, x2, #0xe9
    45e0:	97ffffc0 	bl	44e0 <fdt_getprop>
    45e4:	b50000a0 	cbnz	x0, 45f8 <fdt_node_check_compatible+0x34>
    45e8:	b9402fe0 	ldr	w0, [sp, #44]
    45ec:	f9400bf3 	ldr	x19, [sp, #16]
    45f0:	a8c37bfd 	ldp	x29, x30, [sp], #48
    45f4:	d65f03c0 	ret
    45f8:	b9402fe1 	ldr	w1, [sp, #44]
    45fc:	aa1303e2 	mov	x2, x19
    4600:	97ffffcb 	bl	452c <fdt_stringlist_contains>
    4604:	7100001f 	cmp	w0, #0x0
    4608:	1a9f17e0 	cset	w0, eq	// eq = none
    460c:	17fffff8 	b	45ec <fdt_node_check_compatible+0x28>

0000000000004610 <fdt_node_offset_by_compatible>:
    4610:	a9bd7bfd 	stp	x29, x30, [sp, #-48]!
    4614:	910003fd 	mov	x29, sp
    4618:	a90153f3 	stp	x19, x20, [sp, #16]
    461c:	aa0003f4 	mov	x20, x0
    4620:	2a0103f3 	mov	w19, w1
    4624:	f90013f5 	str	x21, [sp, #32]
    4628:	aa0203f5 	mov	x21, x2
    462c:	97fffdb2 	bl	3cf4 <fdt_ro_probe_>
    4630:	37f801e0 	tbnz	w0, #31, 466c <fdt_node_offset_by_compatible+0x5c>
    4634:	2a1303e1 	mov	w1, w19
    4638:	aa1403e0 	mov	x0, x20
    463c:	d2800002 	mov	x2, #0x0                   	// #0
    4640:	97fffe65 	bl	3fd4 <fdt_next_node>
    4644:	2a0003f3 	mov	w19, w0
    4648:	37f80100 	tbnz	w0, #31, 4668 <fdt_node_offset_by_compatible+0x58>
    464c:	aa1503e2 	mov	x2, x21
    4650:	2a1303e1 	mov	w1, w19
    4654:	aa1403e0 	mov	x0, x20
    4658:	97ffffdb 	bl	45c4 <fdt_node_check_compatible>
    465c:	3100041f 	cmn	w0, #0x1
    4660:	5400006b 	b.lt	466c <fdt_node_offset_by_compatible+0x5c>  // b.tstop
    4664:	35fffe80 	cbnz	w0, 4634 <fdt_node_offset_by_compatible+0x24>
    4668:	2a1303e0 	mov	w0, w19
    466c:	a94153f3 	ldp	x19, x20, [sp, #16]
    4670:	f94013f5 	ldr	x21, [sp, #32]
    4674:	a8c37bfd 	ldp	x29, x30, [sp], #48
    4678:	d65f03c0 	ret

000000000000467c <memchr>:
    467c:	8b020002 	add	x2, x0, x2
    4680:	12001c21 	and	w1, w1, #0xff
    4684:	eb02001f 	cmp	x0, x2
    4688:	54000061 	b.ne	4694 <memchr+0x18>  // b.any
    468c:	d2800000 	mov	x0, #0x0                   	// #0
    4690:	d65f03c0 	ret
    4694:	39400003 	ldrb	w3, [x0]
    4698:	6b01007f 	cmp	w3, w1
    469c:	54ffffa0 	b.eq	4690 <memchr+0x14>  // b.none
    46a0:	91000400 	add	x0, x0, #0x1
    46a4:	17fffff8 	b	4684 <memchr+0x8>

00000000000046a8 <memcmp>:
    46a8:	d1000421 	sub	x1, x1, #0x1
    46ac:	d2800004 	mov	x4, #0x0                   	// #0
    46b0:	eb04005f 	cmp	x2, x4
    46b4:	54000061 	b.ne	46c0 <memcmp+0x18>  // b.any
    46b8:	52800000 	mov	w0, #0x0                   	// #0
    46bc:	14000007 	b	46d8 <memcmp+0x30>
    46c0:	38646803 	ldrb	w3, [x0, x4]
    46c4:	91000484 	add	x4, x4, #0x1
    46c8:	38646825 	ldrb	w5, [x1, x4]
    46cc:	6b05007f 	cmp	w3, w5
    46d0:	54ffff00 	b.eq	46b0 <memcmp+0x8>  // b.none
    46d4:	4b050060 	sub	w0, w3, w5
    46d8:	d65f03c0 	ret

00000000000046dc <memcpy>:
    46dc:	d2800003 	mov	x3, #0x0                   	// #0
    46e0:	eb03005f 	cmp	x2, x3
    46e4:	54000041 	b.ne	46ec <memcpy+0x10>  // b.any
    46e8:	d65f03c0 	ret
    46ec:	38636824 	ldrb	w4, [x1, x3]
    46f0:	38236804 	strb	w4, [x0, x3]
    46f4:	91000463 	add	x3, x3, #0x1
    46f8:	17fffffa 	b	46e0 <memcpy+0x4>

00000000000046fc <memmove>:
    46fc:	cb010006 	sub	x6, x0, x1
    4700:	aa0003e5 	mov	x5, x0
    4704:	eb0200df 	cmp	x6, x2
    4708:	54000043 	b.cc	4710 <memmove+0x14>  // b.lo, b.ul, b.last
    470c:	17fffff4 	b	46dc <memcpy>
    4710:	8b020024 	add	x4, x1, x2
    4714:	8b020000 	add	x0, x0, x2
    4718:	eb05001f 	cmp	x0, x5
    471c:	54000041 	b.ne	4724 <memmove+0x28>  // b.any
    4720:	d65f03c0 	ret
    4724:	385ffc81 	ldrb	w1, [x4, #-1]!
    4728:	381ffc01 	strb	w1, [x0, #-1]!
    472c:	17fffffb 	b	4718 <memmove+0x1c>

0000000000004730 <unsigned_num_print.part.0>:
    4730:	a9ba7bfd 	stp	x29, x30, [sp, #-96]!
    4734:	2a0103e1 	mov	w1, w1
    4738:	12000084 	and	w4, w4, #0x1
    473c:	910003fd 	mov	x29, sp
    4740:	a90153f3 	stp	x19, x20, [sp, #16]
    4744:	12001c54 	and	w20, w2, #0xff
    4748:	d2800013 	mov	x19, #0x0                   	// #0
    474c:	a9025bf5 	stp	x21, x22, [sp, #32]
    4750:	2a0303f6 	mov	w22, w3
    4754:	910123f5 	add	x21, sp, #0x48
    4758:	a90363f7 	stp	x23, x24, [sp, #48]
    475c:	9ac10805 	udiv	x5, x0, x1
    4760:	9b0180a3 	msub	x3, x5, x1, x0
    4764:	12001c62 	and	w2, w3, #0xff
    4768:	f100247f 	cmp	x3, #0x9
    476c:	54000428 	b.hi	47f0 <unsigned_num_print.part.0+0xc0>  // b.pmore
    4770:	1100c042 	add	w2, w2, #0x30
    4774:	12001c42 	and	w2, w2, #0xff
    4778:	38356a62 	strb	w2, [x19, x21]
    477c:	91000662 	add	x2, x19, #0x1
    4780:	eb00003f 	cmp	x1, x0
    4784:	54000309 	b.ls	47e4 <unsigned_num_print.part.0+0xb4>  // b.plast
    4788:	710002df 	cmp	w22, #0x0
    478c:	5400040d 	b.le	480c <unsigned_num_print.part.0+0xdc>
    4790:	11000677 	add	w23, w19, #0x1
    4794:	2a1603f8 	mov	w24, w22
    4798:	6b1802ff 	cmp	w23, w24
    479c:	540003cb 	b.lt	4814 <unsigned_num_print.part.0+0xe4>  // b.tstop
    47a0:	4b1702d4 	sub	w20, w22, w23
    47a4:	6b1602ff 	cmp	w23, w22
    47a8:	1a9fd294 	csel	w20, w20, wzr, le
    47ac:	2a1303f6 	mov	w22, w19
    47b0:	93407e73 	sxtw	x19, w19
    47b4:	38736aa0 	ldrb	w0, [x21, x19]
    47b8:	d1000673 	sub	x19, x19, #0x1
    47bc:	97fff05c 	bl	92c <putchar>
    47c0:	3100067f 	cmn	w19, #0x1
    47c4:	54ffff81 	b.ne	47b4 <unsigned_num_print.part.0+0x84>  // b.any
    47c8:	11000680 	add	w0, w20, #0x1
    47cc:	a94153f3 	ldp	x19, x20, [sp, #16]
    47d0:	0b0002c0 	add	w0, w22, w0
    47d4:	a9425bf5 	ldp	x21, x22, [sp, #32]
    47d8:	a94363f7 	ldp	x23, x24, [sp, #48]
    47dc:	a8c67bfd 	ldp	x29, x30, [sp], #96
    47e0:	d65f03c0 	ret
    47e4:	aa0203f3 	mov	x19, x2
    47e8:	aa0503e0 	mov	x0, x5
    47ec:	17ffffdc 	b	475c <unsigned_num_print.part.0+0x2c>
    47f0:	1100dc43 	add	w3, w2, #0x37
    47f4:	11015c42 	add	w2, w2, #0x57
    47f8:	12001c63 	and	w3, w3, #0xff
    47fc:	12001c42 	and	w2, w2, #0xff
    4800:	7100009f 	cmp	w4, #0x0
    4804:	1a830042 	csel	w2, w2, w3, eq	// eq = none
    4808:	17ffffdc 	b	4778 <unsigned_num_print.part.0+0x48>
    480c:	52800014 	mov	w20, #0x0                   	// #0
    4810:	17ffffe7 	b	47ac <unsigned_num_print.part.0+0x7c>
    4814:	2a1403e0 	mov	w0, w20
    4818:	51000718 	sub	w24, w24, #0x1
    481c:	97fff044 	bl	92c <putchar>
    4820:	17ffffde 	b	4798 <unsigned_num_print.part.0+0x68>

0000000000004824 <vprintf>:
    4824:	a9b97bfd 	stp	x29, x30, [sp, #-112]!
    4828:	910003fd 	mov	x29, sp
    482c:	a90153f3 	stp	x19, x20, [sp, #16]
    4830:	b9401834 	ldr	w20, [x1, #24]
    4834:	a90363f7 	stp	x23, x24, [sp, #48]
    4838:	a9406033 	ldp	x19, x24, [x1]
    483c:	a9025bf5 	stp	x21, x22, [sp, #32]
    4840:	aa0003f6 	mov	x22, x0
    4844:	a9046bf9 	stp	x25, x26, [sp, #64]
    4848:	d000001a 	adrp	x26, 6000 <__TEXT_END__>
    484c:	9125635a 	add	x26, x26, #0x958
    4850:	52800015 	mov	w21, #0x0                   	// #0
    4854:	52800019 	mov	w25, #0x0                   	// #0
    4858:	a90573fb 	stp	x27, x28, [sp, #80]
    485c:	394002c0 	ldrb	w0, [x22]
    4860:	35000120 	cbnz	w0, 4884 <vprintf+0x60>
    4864:	a94153f3 	ldp	x19, x20, [sp, #16]
    4868:	2a1503e0 	mov	w0, w21
    486c:	a9425bf5 	ldp	x21, x22, [sp, #32]
    4870:	a94363f7 	ldp	x23, x24, [sp, #48]
    4874:	a9446bf9 	ldp	x25, x26, [sp, #64]
    4878:	a94573fb 	ldp	x27, x28, [sp, #80]
    487c:	a8c77bfd 	ldp	x29, x30, [sp], #112
    4880:	d65f03c0 	ret
    4884:	910006d6 	add	x22, x22, #0x1
    4888:	7100941f 	cmp	w0, #0x25
    488c:	54002161 	b.ne	4cb8 <vprintf+0x494>  // b.any
    4890:	52800017 	mov	w23, #0x0                   	// #0
    4894:	52800001 	mov	w1, #0x0                   	// #0
    4898:	14000002 	b	48a0 <vprintf+0x7c>
    489c:	52800619 	mov	w25, #0x30                  	// #48
    48a0:	394002c0 	ldrb	w0, [x22]
    48a4:	7101e81f 	cmp	w0, #0x7a
    48a8:	54000168 	b.hi	48d4 <vprintf+0xb0>  // b.pmore
    48ac:	7101881f 	cmp	w0, #0x62
    48b0:	540001a8 	b.hi	48e4 <vprintf+0xc0>  // b.pmore
    48b4:	7100e41f 	cmp	w0, #0x39
    48b8:	54000248 	b.hi	4900 <vprintf+0xdc>  // b.pmore
    48bc:	7100c01f 	cmp	w0, #0x30
    48c0:	54001e88 	b.hi	4c90 <vprintf+0x46c>  // b.pmore
    48c4:	7100941f 	cmp	w0, #0x25
    48c8:	54000240 	b.eq	4910 <vprintf+0xec>  // b.none
    48cc:	7100c01f 	cmp	w0, #0x30
    48d0:	54001ca0 	b.eq	4c64 <vprintf+0x440>  // b.none
    48d4:	12800015 	mov	w21, #0xffffffff            	// #-1
    48d8:	17ffffe3 	b	4864 <vprintf+0x40>
    48dc:	52800419 	mov	w25, #0x20                  	// #32
    48e0:	17fffff0 	b	48a0 <vprintf+0x7c>
    48e4:	51018c00 	sub	w0, w0, #0x63
    48e8:	71005c1f 	cmp	w0, #0x17
    48ec:	54ffff48 	b.hi	48d4 <vprintf+0xb0>  // b.pmore
    48f0:	78605b40 	ldrh	w0, [x26, w0, uxtw #1]
    48f4:	10000062 	adr	x2, 4900 <vprintf+0xdc>
    48f8:	8b20a840 	add	x0, x2, w0, sxth #2
    48fc:	d61f0000 	br	x0
    4900:	7101601f 	cmp	w0, #0x58
    4904:	54fffe81 	b.ne	48d4 <vprintf+0xb0>  // b.any
    4908:	52800024 	mov	w4, #0x1                   	// #1
    490c:	14000085 	b	4b20 <vprintf+0x2fc>
    4910:	97fff007 	bl	92c <putchar>
    4914:	910006d6 	add	x22, x22, #0x1
    4918:	17ffffd1 	b	485c <vprintf+0x38>
    491c:	7100043f 	cmp	w1, #0x1
    4920:	5400024d 	b.le	4968 <vprintf+0x144>
    4924:	37f80314 	tbnz	w20, #31, 4984 <vprintf+0x160>
    4928:	91003e60 	add	x0, x19, #0xf
    492c:	2a1403e1 	mov	w1, w20
    4930:	927df000 	and	x0, x0, #0xfffffffffffffff8
    4934:	f940027b 	ldr	x27, [x19]
    4938:	2a0103f4 	mov	w20, w1
    493c:	aa0003f3 	mov	x19, x0
    4940:	b6f8047b 	tbz	x27, #63, 49cc <vprintf+0x1a8>
    4944:	528005a0 	mov	w0, #0x2d                  	// #45
    4948:	97ffeff9 	bl	92c <putchar>
    494c:	cb1b03e0 	neg	x0, x27
    4950:	510006f7 	sub	w23, w23, #0x1
    4954:	2a1703e3 	mov	w3, w23
    4958:	2a1903e2 	mov	w2, w25
    495c:	52800004 	mov	w4, #0x0                   	// #0
    4960:	52800141 	mov	w1, #0xa                   	// #10
    4964:	1400007b 	b	4b50 <vprintf+0x32c>
    4968:	54fffde0 	b.eq	4924 <vprintf+0x100>  // b.none
    496c:	37f801f4 	tbnz	w20, #31, 49a8 <vprintf+0x184>
    4970:	91002e60 	add	x0, x19, #0xb
    4974:	2a1403e1 	mov	w1, w20
    4978:	927df000 	and	x0, x0, #0xfffffffffffffff8
    497c:	b980027b 	ldrsw	x27, [x19]
    4980:	17ffffee 	b	4938 <vprintf+0x114>
    4984:	11002281 	add	w1, w20, #0x8
    4988:	7100003f 	cmp	w1, #0x0
    498c:	5400008d 	b.le	499c <vprintf+0x178>
    4990:	91003e60 	add	x0, x19, #0xf
    4994:	927df000 	and	x0, x0, #0xfffffffffffffff8
    4998:	17ffffe7 	b	4934 <vprintf+0x110>
    499c:	aa1303e0 	mov	x0, x19
    49a0:	8b34c313 	add	x19, x24, w20, sxtw
    49a4:	17ffffe4 	b	4934 <vprintf+0x110>
    49a8:	11002281 	add	w1, w20, #0x8
    49ac:	7100003f 	cmp	w1, #0x0
    49b0:	5400008d 	b.le	49c0 <vprintf+0x19c>
    49b4:	91002e60 	add	x0, x19, #0xb
    49b8:	927df000 	and	x0, x0, #0xfffffffffffffff8
    49bc:	17fffff0 	b	497c <vprintf+0x158>
    49c0:	aa1303e0 	mov	x0, x19
    49c4:	8b34c313 	add	x19, x24, w20, sxtw
    49c8:	17ffffed 	b	497c <vprintf+0x158>
    49cc:	aa1b03e0 	mov	x0, x27
    49d0:	17ffffe1 	b	4954 <vprintf+0x130>
    49d4:	37f80154 	tbnz	w20, #31, 49fc <vprintf+0x1d8>
    49d8:	91002e77 	add	x23, x19, #0xb
    49dc:	2a1403fb 	mov	w27, w20
    49e0:	927df2f7 	and	x23, x23, #0xfffffffffffffff8
    49e4:	b9400260 	ldr	w0, [x19]
    49e8:	110006b5 	add	w21, w21, #0x1
    49ec:	97ffefd0 	bl	92c <putchar>
    49f0:	2a1b03f4 	mov	w20, w27
    49f4:	aa1703f3 	mov	x19, x23
    49f8:	17ffffc7 	b	4914 <vprintf+0xf0>
    49fc:	1100229b 	add	w27, w20, #0x8
    4a00:	7100037f 	cmp	w27, #0x0
    4a04:	5400008d 	b.le	4a14 <vprintf+0x1f0>
    4a08:	91002e77 	add	x23, x19, #0xb
    4a0c:	927df2f7 	and	x23, x23, #0xfffffffffffffff8
    4a10:	17fffff5 	b	49e4 <vprintf+0x1c0>
    4a14:	aa1303f7 	mov	x23, x19
    4a18:	8b34c313 	add	x19, x24, w20, sxtw
    4a1c:	17fffff2 	b	49e4 <vprintf+0x1c0>
    4a20:	37f80194 	tbnz	w20, #31, 4a50 <vprintf+0x22c>
    4a24:	91003e77 	add	x23, x19, #0xf
    4a28:	2a1403fb 	mov	w27, w20
    4a2c:	927df2f7 	and	x23, x23, #0xfffffffffffffff8
    4a30:	f9400273 	ldr	x19, [x19]
    4a34:	d2800001 	mov	x1, #0x0                   	// #0
    4a38:	d1000673 	sub	x19, x19, #0x1
    4a3c:	91000434 	add	x20, x1, #0x1
    4a40:	38746a60 	ldrb	w0, [x19, x20]
    4a44:	35000180 	cbnz	w0, 4a74 <vprintf+0x250>
    4a48:	0b0102b5 	add	w21, w21, w1
    4a4c:	17ffffe9 	b	49f0 <vprintf+0x1cc>
    4a50:	1100229b 	add	w27, w20, #0x8
    4a54:	7100037f 	cmp	w27, #0x0
    4a58:	5400008d 	b.le	4a68 <vprintf+0x244>
    4a5c:	91003e77 	add	x23, x19, #0xf
    4a60:	927df2f7 	and	x23, x23, #0xfffffffffffffff8
    4a64:	17fffff3 	b	4a30 <vprintf+0x20c>
    4a68:	aa1303f7 	mov	x23, x19
    4a6c:	8b34c313 	add	x19, x24, w20, sxtw
    4a70:	17fffff0 	b	4a30 <vprintf+0x20c>
    4a74:	97ffefae 	bl	92c <putchar>
    4a78:	aa1403e1 	mov	x1, x20
    4a7c:	17fffff0 	b	4a3c <vprintf+0x218>
    4a80:	37f80214 	tbnz	w20, #31, 4ac0 <vprintf+0x29c>
    4a84:	91003e7b 	add	x27, x19, #0xf
    4a88:	2a1403fc 	mov	w28, w20
    4a8c:	927df37b 	and	x27, x27, #0xfffffffffffffff8
    4a90:	f9400274 	ldr	x20, [x19]
    4a94:	b50003d4 	cbnz	x20, 4b0c <vprintf+0x2e8>
    4a98:	aa1403e0 	mov	x0, x20
    4a9c:	2a1703e3 	mov	w3, w23
    4aa0:	2a1903e2 	mov	w2, w25
    4aa4:	52800004 	mov	w4, #0x0                   	// #0
    4aa8:	52800201 	mov	w1, #0x10                  	// #16
    4aac:	2a1c03f4 	mov	w20, w28
    4ab0:	97ffff20 	bl	4730 <unsigned_num_print.part.0>
    4ab4:	aa1b03f3 	mov	x19, x27
    4ab8:	0b0002b5 	add	w21, w21, w0
    4abc:	17ffff96 	b	4914 <vprintf+0xf0>
    4ac0:	1100229c 	add	w28, w20, #0x8
    4ac4:	7100039f 	cmp	w28, #0x0
    4ac8:	5400008d 	b.le	4ad8 <vprintf+0x2b4>
    4acc:	91003e7b 	add	x27, x19, #0xf
    4ad0:	927df37b 	and	x27, x27, #0xfffffffffffffff8
    4ad4:	17ffffef 	b	4a90 <vprintf+0x26c>
    4ad8:	aa1303fb 	mov	x27, x19
    4adc:	8b34c313 	add	x19, x24, w20, sxtw
    4ae0:	17ffffec 	b	4a90 <vprintf+0x26c>
    4ae4:	f90037e2 	str	x2, [sp, #104]
    4ae8:	97ffef91 	bl	92c <putchar>
    4aec:	f94037e2 	ldr	x2, [sp, #104]
    4af0:	aa0203e1 	mov	x1, x2
    4af4:	91000422 	add	x2, x1, #0x1
    4af8:	38626a60 	ldrb	w0, [x19, x2]
    4afc:	35ffff40 	cbnz	w0, 4ae4 <vprintf+0x2c0>
    4b00:	0b0102b5 	add	w21, w21, w1
    4b04:	51000af7 	sub	w23, w23, #0x2
    4b08:	17ffffe4 	b	4a98 <vprintf+0x274>
    4b0c:	f0000013 	adrp	x19, 7000 <neoverse_v1_errata_list_end+0x6a8>
    4b10:	d2800001 	mov	x1, #0x0                   	// #0
    4b14:	9103ce73 	add	x19, x19, #0xf3
    4b18:	17fffff7 	b	4af4 <vprintf+0x2d0>
    4b1c:	52800004 	mov	w4, #0x0                   	// #0
    4b20:	7100043f 	cmp	w1, #0x1
    4b24:	540001cd 	b.le	4b5c <vprintf+0x338>
    4b28:	37f80294 	tbnz	w20, #31, 4b78 <vprintf+0x354>
    4b2c:	91003e61 	add	x1, x19, #0xf
    4b30:	2a1403e2 	mov	w2, w20
    4b34:	927df021 	and	x1, x1, #0xfffffffffffffff8
    4b38:	f9400260 	ldr	x0, [x19]
    4b3c:	2a0203f4 	mov	w20, w2
    4b40:	2a1703e3 	mov	w3, w23
    4b44:	2a1903e2 	mov	w2, w25
    4b48:	aa0103f3 	mov	x19, x1
    4b4c:	52800201 	mov	w1, #0x10                  	// #16
    4b50:	97fffef8 	bl	4730 <unsigned_num_print.part.0>
    4b54:	0b0002b5 	add	w21, w21, w0
    4b58:	17ffff6f 	b	4914 <vprintf+0xf0>
    4b5c:	54fffe60 	b.eq	4b28 <vprintf+0x304>  // b.none
    4b60:	37f801f4 	tbnz	w20, #31, 4b9c <vprintf+0x378>
    4b64:	91002e61 	add	x1, x19, #0xb
    4b68:	2a1403e2 	mov	w2, w20
    4b6c:	927df021 	and	x1, x1, #0xfffffffffffffff8
    4b70:	b9400260 	ldr	w0, [x19]
    4b74:	17fffff2 	b	4b3c <vprintf+0x318>
    4b78:	11002282 	add	w2, w20, #0x8
    4b7c:	7100005f 	cmp	w2, #0x0
    4b80:	5400008d 	b.le	4b90 <vprintf+0x36c>
    4b84:	91003e61 	add	x1, x19, #0xf
    4b88:	927df021 	and	x1, x1, #0xfffffffffffffff8
    4b8c:	17ffffeb 	b	4b38 <vprintf+0x314>
    4b90:	aa1303e1 	mov	x1, x19
    4b94:	8b34c313 	add	x19, x24, w20, sxtw
    4b98:	17ffffe8 	b	4b38 <vprintf+0x314>
    4b9c:	11002282 	add	w2, w20, #0x8
    4ba0:	7100005f 	cmp	w2, #0x0
    4ba4:	5400008d 	b.le	4bb4 <vprintf+0x390>
    4ba8:	91002e61 	add	x1, x19, #0xb
    4bac:	927df021 	and	x1, x1, #0xfffffffffffffff8
    4bb0:	17fffff0 	b	4b70 <vprintf+0x34c>
    4bb4:	aa1303e1 	mov	x1, x19
    4bb8:	8b34c313 	add	x19, x24, w20, sxtw
    4bbc:	17ffffed 	b	4b70 <vprintf+0x34c>
    4bc0:	910006d6 	add	x22, x22, #0x1
    4bc4:	52800041 	mov	w1, #0x2                   	// #2
    4bc8:	17ffff36 	b	48a0 <vprintf+0x7c>
    4bcc:	11000421 	add	w1, w1, #0x1
    4bd0:	910006d6 	add	x22, x22, #0x1
    4bd4:	17ffff33 	b	48a0 <vprintf+0x7c>
    4bd8:	7100043f 	cmp	w1, #0x1
    4bdc:	5400012d 	b.le	4c00 <vprintf+0x3dc>
    4be0:	37f801f4 	tbnz	w20, #31, 4c1c <vprintf+0x3f8>
    4be4:	91003e61 	add	x1, x19, #0xf
    4be8:	2a1403e2 	mov	w2, w20
    4bec:	927df021 	and	x1, x1, #0xfffffffffffffff8
    4bf0:	f9400260 	ldr	x0, [x19]
    4bf4:	2a0203f4 	mov	w20, w2
    4bf8:	aa0103f3 	mov	x19, x1
    4bfc:	17ffff56 	b	4954 <vprintf+0x130>
    4c00:	54ffff00 	b.eq	4be0 <vprintf+0x3bc>  // b.none
    4c04:	37f801f4 	tbnz	w20, #31, 4c40 <vprintf+0x41c>
    4c08:	91002e61 	add	x1, x19, #0xb
    4c0c:	2a1403e2 	mov	w2, w20
    4c10:	927df021 	and	x1, x1, #0xfffffffffffffff8
    4c14:	b9400260 	ldr	w0, [x19]
    4c18:	17fffff7 	b	4bf4 <vprintf+0x3d0>
    4c1c:	11002282 	add	w2, w20, #0x8
    4c20:	7100005f 	cmp	w2, #0x0
    4c24:	5400008d 	b.le	4c34 <vprintf+0x410>
    4c28:	91003e61 	add	x1, x19, #0xf
    4c2c:	927df021 	and	x1, x1, #0xfffffffffffffff8
    4c30:	17fffff0 	b	4bf0 <vprintf+0x3cc>
    4c34:	aa1303e1 	mov	x1, x19
    4c38:	8b34c313 	add	x19, x24, w20, sxtw
    4c3c:	17ffffed 	b	4bf0 <vprintf+0x3cc>
    4c40:	11002282 	add	w2, w20, #0x8
    4c44:	7100005f 	cmp	w2, #0x0
    4c48:	5400008d 	b.le	4c58 <vprintf+0x434>
    4c4c:	91002e61 	add	x1, x19, #0xb
    4c50:	927df021 	and	x1, x1, #0xfffffffffffffff8
    4c54:	17fffff0 	b	4c14 <vprintf+0x3f0>
    4c58:	aa1303e1 	mov	x1, x19
    4c5c:	8b34c313 	add	x19, x24, w20, sxtw
    4c60:	17ffffed 	b	4c14 <vprintf+0x3f0>
    4c64:	910006d6 	add	x22, x22, #0x1
    4c68:	52800017 	mov	w23, #0x0                   	// #0
    4c6c:	52800142 	mov	w2, #0xa                   	// #10
    4c70:	394002c0 	ldrb	w0, [x22]
    4c74:	5100c000 	sub	w0, w0, #0x30
    4c78:	12001c03 	and	w3, w0, #0xff
    4c7c:	7100247f 	cmp	w3, #0x9
    4c80:	54ffe0e8 	b.hi	489c <vprintf+0x78>  // b.pmore
    4c84:	1b0202f7 	madd	w23, w23, w2, w0
    4c88:	910006d6 	add	x22, x22, #0x1
    4c8c:	17fffff9 	b	4c70 <vprintf+0x44c>
    4c90:	52800017 	mov	w23, #0x0                   	// #0
    4c94:	52800142 	mov	w2, #0xa                   	// #10
    4c98:	394002c0 	ldrb	w0, [x22]
    4c9c:	5100c000 	sub	w0, w0, #0x30
    4ca0:	12001c03 	and	w3, w0, #0xff
    4ca4:	7100247f 	cmp	w3, #0x9
    4ca8:	54ffe1a8 	b.hi	48dc <vprintf+0xb8>  // b.pmore
    4cac:	1b0202f7 	madd	w23, w23, w2, w0
    4cb0:	910006d6 	add	x22, x22, #0x1
    4cb4:	17fffff9 	b	4c98 <vprintf+0x474>
    4cb8:	110006b5 	add	w21, w21, #0x1
    4cbc:	97ffef1c 	bl	92c <putchar>
    4cc0:	17fffee7 	b	485c <vprintf+0x38>

0000000000004cc4 <printf>:
    4cc4:	a9b77bfd 	stp	x29, x30, [sp, #-144]!
    4cc8:	910003fd 	mov	x29, sp
    4ccc:	a9058be1 	stp	x1, x2, [sp, #88]
    4cd0:	910243e1 	add	x1, sp, #0x90
    4cd4:	a90307e1 	stp	x1, x1, [sp, #48]
    4cd8:	910143e1 	add	x1, sp, #0x50
    4cdc:	f90023e1 	str	x1, [sp, #64]
    4ce0:	128006e1 	mov	w1, #0xffffffc8            	// #-56
    4ce4:	b9004be1 	str	w1, [sp, #72]
    4ce8:	910043e1 	add	x1, sp, #0x10
    4cec:	b9004fff 	str	wzr, [sp, #76]
    4cf0:	a90693e3 	stp	x3, x4, [sp, #104]
    4cf4:	a9430fe2 	ldp	x2, x3, [sp, #48]
    4cf8:	a9010fe2 	stp	x2, x3, [sp, #16]
    4cfc:	a9440fe2 	ldp	x2, x3, [sp, #64]
    4d00:	a9020fe2 	stp	x2, x3, [sp, #32]
    4d04:	a9079be5 	stp	x5, x6, [sp, #120]
    4d08:	f90047e7 	str	x7, [sp, #136]
    4d0c:	97fffec6 	bl	4824 <vprintf>
    4d10:	a8c97bfd 	ldp	x29, x30, [sp], #144
    4d14:	d65f03c0 	ret

0000000000004d18 <strlen>:
    4d18:	aa0003e1 	mov	x1, x0
    4d1c:	39400022 	ldrb	w2, [x1]
    4d20:	35000062 	cbnz	w2, 4d2c <strlen+0x14>
    4d24:	cb000020 	sub	x0, x1, x0
    4d28:	d65f03c0 	ret
    4d2c:	91000421 	add	x1, x1, #0x1
    4d30:	17fffffb 	b	4d1c <strlen+0x4>

0000000000004d34 <memset>:
    4d34:	b4000442 	cbz	x2, 4dbc <exit>
    4d38:	aa0003e3 	mov	x3, x0
    4d3c:	f240081f 	tst	x0, #0x7
    4d40:	540000c0 	b.eq	4d58 <aligned>  // b.none

0000000000004d44 <unaligned>:
    4d44:	38001461 	strb	w1, [x3], #1
    4d48:	f1000442 	subs	x2, x2, #0x1
    4d4c:	54000380 	b.eq	4dbc <exit>  // b.none
    4d50:	f240087f 	tst	x3, #0x7
    4d54:	54ffff81 	b.ne	4d44 <unaligned>  // b.any

0000000000004d58 <aligned>:
    4d58:	b4000081 	cbz	x1, 4d68 <x1_zero>
    4d5c:	33181c21 	bfi	w1, w1, #8, #8
    4d60:	33103c21 	bfi	w1, w1, #16, #16
    4d64:	b3607c21 	bfi	x1, x1, #32, #32

0000000000004d68 <x1_zero>:
    4d68:	f27ae444 	ands	x4, x2, #0xffffffffffffffc0
    4d6c:	540000e0 	b.eq	4d88 <less_64>  // b.none

0000000000004d70 <write_64>:
    4d70:	a8810461 	stp	x1, x1, [x3], #16
    4d74:	a8810461 	stp	x1, x1, [x3], #16
    4d78:	a8810461 	stp	x1, x1, [x3], #16
    4d7c:	a8810461 	stp	x1, x1, [x3], #16
    4d80:	f1010084 	subs	x4, x4, #0x40
    4d84:	54ffff61 	b.ne	4d70 <write_64>  // b.any

0000000000004d88 <less_64>:
    4d88:	36280062 	tbz	w2, #5, 4d94 <less_32>
    4d8c:	a8810461 	stp	x1, x1, [x3], #16
    4d90:	a8810461 	stp	x1, x1, [x3], #16

0000000000004d94 <less_32>:
    4d94:	36200042 	tbz	w2, #4, 4d9c <less_16>
    4d98:	a8810461 	stp	x1, x1, [x3], #16

0000000000004d9c <less_16>:
    4d9c:	36180042 	tbz	w2, #3, 4da4 <less_8>
    4da0:	f8008461 	str	x1, [x3], #8

0000000000004da4 <less_8>:
    4da4:	36100042 	tbz	w2, #2, 4dac <less_4>
    4da8:	b8004461 	str	w1, [x3], #4

0000000000004dac <less_4>:
    4dac:	36080042 	tbz	w2, #1, 4db4 <less_2>
    4db0:	78002461 	strh	w1, [x3], #2

0000000000004db4 <less_2>:
    4db4:	36000042 	tbz	w2, #0, 4dbc <exit>
    4db8:	39000061 	strb	w1, [x3]

0000000000004dbc <exit>:
    4dbc:	d65f03c0 	ret
	...

0000000000005000 <SynchronousExceptionSP0>:
    5000:	d2800000 	mov	x0, #0x0                   	// #0
    5004:	97fffb19 	bl	3c68 <plat_report_exception>
    5008:	97fffb2c 	bl	3cb8 <plat_panic_handler>
	...

0000000000005080 <IrqSP0>:
    5080:	d2800020 	mov	x0, #0x1                   	// #1
    5084:	97fffaf9 	bl	3c68 <plat_report_exception>
    5088:	97fffb0c 	bl	3cb8 <plat_panic_handler>
	...

0000000000005100 <FiqSP0>:
    5100:	d2800040 	mov	x0, #0x2                   	// #2
    5104:	97fffad9 	bl	3c68 <plat_report_exception>
    5108:	97fffaec 	bl	3cb8 <plat_panic_handler>
	...

0000000000005180 <SErrorSP0>:
    5180:	d2800060 	mov	x0, #0x3                   	// #3
    5184:	97fffab9 	bl	3c68 <plat_report_exception>
    5188:	97fffacc 	bl	3cb8 <plat_panic_handler>
	...

0000000000005200 <SynchronousExceptionSPx>:
    5200:	d2800080 	mov	x0, #0x4                   	// #4
    5204:	97fffa99 	bl	3c68 <plat_report_exception>
    5208:	97fffaac 	bl	3cb8 <plat_panic_handler>
	...

0000000000005280 <IrqSPx>:
    5280:	d28000a0 	mov	x0, #0x5                   	// #5
    5284:	97fffa79 	bl	3c68 <plat_report_exception>
    5288:	97fffa8c 	bl	3cb8 <plat_panic_handler>
	...

0000000000005300 <FiqSPx>:
    5300:	d28000c0 	mov	x0, #0x6                   	// #6
    5304:	97fffa59 	bl	3c68 <plat_report_exception>
    5308:	97fffa6c 	bl	3cb8 <plat_panic_handler>
	...

0000000000005380 <SErrorSPx>:
    5380:	d28000e0 	mov	x0, #0x7                   	// #7
    5384:	97fffa39 	bl	3c68 <plat_report_exception>
    5388:	97fffa4c 	bl	3cb8 <plat_panic_handler>
	...

0000000000005400 <SynchronousExceptionA64>:
    5400:	d50344ff 	msr	daifclr, #0x4
    5404:	f9007bfe 	str	x30, [sp, #240]
    5408:	d53e521e 	mrs	x30, esr_el3
    540c:	d35a7fde 	ubfx	x30, x30, #26, #6
    5410:	f1005fdf 	cmp	x30, #0x17
    5414:	54fed6a1 	b.ne	2ee8 <unexpected_sync_exception>  // b.any
    5418:	17fff696 	b	2e70 <smc_handler64>
	...

0000000000005480 <IrqA64>:
    5480:	d2800120 	mov	x0, #0x9                   	// #9
    5484:	97fff9f9 	bl	3c68 <plat_report_exception>
    5488:	97fffa0c 	bl	3cb8 <plat_panic_handler>
	...

0000000000005500 <FiqA64>:
    5500:	d2800140 	mov	x0, #0xa                   	// #10
    5504:	97fff9d9 	bl	3c68 <plat_report_exception>
    5508:	97fff9ec 	bl	3cb8 <plat_panic_handler>
	...

0000000000005580 <SErrorA64>:
    5580:	d2800160 	mov	x0, #0xb                   	// #11
    5584:	97fff9b9 	bl	3c68 <plat_report_exception>
    5588:	97fff9cc 	bl	3cb8 <plat_panic_handler>
	...

0000000000005600 <SynchronousExceptionA32>:
    5600:	d2800180 	mov	x0, #0xc                   	// #12
    5604:	97fff999 	bl	3c68 <plat_report_exception>
    5608:	97fff9ac 	bl	3cb8 <plat_panic_handler>
	...

0000000000005680 <IrqA32>:
    5680:	d28001a0 	mov	x0, #0xd                   	// #13
    5684:	97fff979 	bl	3c68 <plat_report_exception>
    5688:	97fff98c 	bl	3cb8 <plat_panic_handler>
	...

0000000000005700 <FiqA32>:
    5700:	d28001c0 	mov	x0, #0xe                   	// #14
    5704:	97fff959 	bl	3c68 <plat_report_exception>
    5708:	97fff96c 	bl	3cb8 <plat_panic_handler>
	...

0000000000005780 <SErrorA32>:
    5780:	d28001e0 	mov	x0, #0xf                   	// #15
    5784:	97fff939 	bl	3c68 <plat_report_exception>
    5788:	97fff94c 	bl	3cb8 <plat_panic_handler>
	...

0000000000005800 <__TEXT_END_UNALIGNED__>:
	...
